{
  "version": "1.4.0",
  "style": {
    "width": 1290,
    "height": 960,
    "classNames": []
  },
  "properties": {},
  "cssFiles": [],
  "jsFiles": [
    "composite:///clickcopy.js"
  ],
  "elements": [
    {
      "title": "列表容器",
      "path": "ridge-container/list",
      "id": "ilicougtfv",
      "style": {
        "position": "absolute",
        "visible": true,
        "x": 0,
        "y": 0,
        "width": 939,
        "height": 517
      },
      "styleEx": {},
      "props": {
        "dataSource": [],
        "selected": [],
        "children": [
          "ty4fjw3j0h"
        ],
        "overflowAuto": true,
        "direction": "y",
        "fixedHeight": true,
        "fixedWidth": false,
        "horizontalDivide": 3,
        "verticalDivide": 3,
        "sortable": false,
        "gap": 8,
        "classNames": [
          "ridge-bootstrap/border",
          "ridge-bootstrap/border-1",
          "ridge-bootstrap/border-body-tertiary",
          "ridge-bootstrap/rounded-3",
          "ridge-bootstrap/shadow-sm",
          "ridge-bootstrap/bg-body-tertiary",
          "ridge-bootstrap/p-2"
        ]
      },
      "propEx": {
        "dataSource": "ClickCopy.state.pastingList"
      },
      "events": {},
      "visible": true,
      "locked": false,
      "full": false,
      "slots": []
    },
    {
      "title": "弹性容器",
      "path": "ridge-container/flex",
      "id": "ty4fjw3j0h",
      "style": {
        "position": "absolute",
        "visible": true,
        "x": 0,
        "y": 0,
        "width": 304,
        "height": 140
      },
      "styleEx": {},
      "props": {
        "direction": "column",
        "justify": "flex-start",
        "alignItems": "stretch",
        "flexWrap": false,
        "children": [
          "ynlssjokxw",
          "n5n67r1sk7"
        ],
        "gap": 8,
        "padding": 8,
        "hoverable": false,
        "rectStyle": {},
        "classList": [
          "ridge-bootstrap/rounded-3",
          "ridge-bootstrap/bg-body"
        ]
      },
      "propEx": {},
      "events": {},
      "visible": true,
      "locked": false,
      "full": false,
      "slots": []
    },
    {
      "title": "按钮_5",
      "path": "ridge-semi/button",
      "id": "nsk3661009",
      "style": {
        "position": "absolute",
        "visible": true,
        "x": 969,
        "y": 155,
        "width": 134,
        "height": 32
      },
      "styleEx": {},
      "props": {
        "icon": "IconCopyStroked",
        "size": "default",
        "theme": "solid",
        "disabled": false,
        "iconSize": 18,
        "loading": false,
        "text": "从剪切板增加",
        "type": "primary"
      },
      "propEx": {},
      "events": {
        "onClick": [
          {
            "store": "ClickCopy",
            "method": "addFromClipboard",
            "payload": ""
          }
        ]
      },
      "visible": true,
      "locked": false,
      "full": false,
      "slots": []
    },
    {
      "title": "文本",
      "path": "ridge-semi/text",
      "id": "ynlssjokxw",
      "style": {
        "position": "absolute",
        "visible": true,
        "x": 0,
        "y": 0,
        "width": 286,
        "height": 193,
        "flex": "1"
      },
      "styleEx": {},
      "props": {
        "text": "文本",
        "size": "normal",
        "copyable": false,
        "ellipsis": true,
        "type": "primary",
        "link": "",
        "classList": [],
        "rows": 4
      },
      "propEx": {
        "text": "ClickCopy.computed.itemText"
      },
      "events": {
        "onClick": [
          {
            "store": "ClickCopy",
            "method": "copyToClipboard",
            "payload": ""
          }
        ]
      },
      "visible": true,
      "locked": false,
      "full": false,
      "slots": []
    },
    {
      "title": "上传",
      "path": "ridge-semi/upload",
      "id": "yj2ws5yu8n",
      "style": {
        "position": "absolute",
        "visible": true,
        "x": 689,
        "y": 154,
        "width": 59,
        "height": 33
      },
      "styleEx": {},
      "props": {
        "value": [],
        "draggable": false,
        "fileLimit": "",
        "maxSize": 10,
        "multiple": false,
        "children": [],
        "directory": false,
        "btnText": "导入",
        "outputUrl": false
      },
      "propEx": {},
      "events": {
        "onChange": [
          {
            "store": "ClickCopy",
            "method": "importData",
            "payload": ""
          }
        ]
      },
      "visible": true,
      "locked": false,
      "full": false,
      "slots": []
    },
    {
      "title": "弹性容器_1",
      "path": "ridge-container/flex",
      "id": "n5n67r1sk7",
      "style": {
        "position": "absolute",
        "visible": true,
        "x": 0,
        "y": -55,
        "width": 360,
        "height": 30
      },
      "styleEx": {},
      "props": {
        "direction": "row",
        "justify": "space-between",
        "alignItems": "center",
        "flexWrap": false,
        "children": [
          "oe2pau75lc",
          "f8ps698clj"
        ],
        "padding": 0,
        "hoverable": false,
        "rectStyle": {},
        "classList": [],
        "gap": 12
      },
      "propEx": {},
      "events": {},
      "visible": true,
      "locked": false,
      "full": false,
      "slots": []
    },
    {
      "title": "按钮_1",
      "path": "ridge-semi/button",
      "id": "oe2pau75lc",
      "style": {
        "position": "absolute",
        "visible": true,
        "x": 0,
        "y": 0,
        "width": 89,
        "height": 26
      },
      "styleEx": {},
      "props": {
        "icon": "IconCopy",
        "size": "small",
        "theme": "borderless",
        "disabled": false,
        "iconSize": 16,
        "loading": false,
        "type": "primary",
        "text": "复制"
      },
      "propEx": {},
      "events": {
        "onClick": [
          {
            "store": "ClickCopy",
            "method": "copyToClipboard",
            "payload": ""
          }
        ]
      },
      "visible": true,
      "locked": false,
      "full": false,
      "slots": []
    },
    {
      "title": "按钮_2",
      "path": "ridge-semi/button",
      "id": "23fqr09mcz",
      "style": {
        "position": "absolute",
        "visible": true,
        "x": 375,
        "y": 161,
        "width": 75,
        "height": 32
      },
      "styleEx": {},
      "props": {
        "icon": "IconClear",
        "size": "default",
        "theme": "solid",
        "disabled": false,
        "iconSize": 18,
        "loading": false,
        "text": "清空",
        "type": "danger"
      },
      "propEx": {},
      "events": {
        "onClick": [
          {
            "store": "ClickCopy",
            "method": "clearAll",
            "payload": ""
          }
        ]
      },
      "visible": true,
      "locked": false,
      "full": false,
      "slots": []
    },
    {
      "title": "按钮_3",
      "path": "ridge-semi/button",
      "id": "f98qppq7zl",
      "style": {
        "position": "absolute",
        "visible": true,
        "x": 591,
        "y": 154,
        "width": 72,
        "height": 32
      },
      "styleEx": {},
      "props": {
        "text": "导出",
        "icon": "IconExport",
        "size": "default",
        "theme": "light",
        "disabled": false,
        "iconSize": 18,
        "loading": false
      },
      "propEx": {},
      "events": {
        "onClick": [
          {
            "store": "ClickCopy",
            "method": "exportData",
            "payload": ""
          }
        ]
      },
      "visible": true,
      "locked": false,
      "full": false,
      "slots": []
    },
    {
      "title": "确认按钮",
      "path": "ridge-semi/popconfirm",
      "id": "f8ps698clj",
      "style": {
        "position": "absolute",
        "visible": true,
        "x": 13,
        "y": 0,
        "width": 23,
        "height": 28
      },
      "styleEx": {},
      "props": {
        "content": "此修改将不可逆",
        "icon": "IconDeleteStroked",
        "type": "danger",
        "size": "small",
        "disabled": false,
        "theme": "borderless",
        "title": "确认删除内容"
      },
      "propEx": {},
      "events": {
        "onConfirm": [
          {
            "store": "ClickCopy",
            "method": "deleteItem",
            "payload": ""
          }
        ]
      },
      "visible": true,
      "locked": false,
      "full": false,
      "slots": []
    },
    {
      "title": "弹性容器_2",
      "path": "ridge-container/flex",
      "id": "vy48vqlbj0",
      "style": {
        "position": "absolute",
        "visible": true,
        "x": -39,
        "y": 0,
        "width": 974,
        "height": 600
      },
      "styleEx": {},
      "props": {
        "direction": "column",
        "justify": "flex-start",
        "alignItems": "stretch",
        "flexWrap": false,
        "children": [
          "pmeq5m4375",
          "ilicougtfv"
        ],
        "gap": 8,
        "padding": 8,
        "hoverable": false,
        "rectStyle": {},
        "classList": []
      },
      "propEx": {},
      "events": {},
      "visible": true,
      "locked": false,
      "full": false,
      "slots": []
    },
    {
      "title": "弹性容器_3",
      "path": "ridge-container/flex",
      "id": "9fo9lwaiq0",
      "style": {
        "position": "absolute",
        "visible": true,
        "x": 0,
        "y": 0,
        "width": 244,
        "height": 36,
        "flex": "1"
      },
      "styleEx": {},
      "props": {
        "direction": "row",
        "justify": "flex-end",
        "alignItems": "center",
        "flexWrap": false,
        "children": [
          "23fqr09mcz",
          "f98qppq7zl",
          "yj2ws5yu8n"
        ],
        "gap": 20,
        "padding": 0,
        "hoverable": false,
        "rectStyle": {},
        "classList": []
      },
      "propEx": {},
      "events": {},
      "visible": true,
      "locked": false,
      "full": false,
      "slots": []
    },
    {
      "title": "弹性容器_4",
      "path": "ridge-container/flex",
      "id": "pmeq5m4375",
      "style": {
        "position": "absolute",
        "visible": true,
        "x": 0,
        "y": 0,
        "width": 344,
        "height": 52
      },
      "styleEx": {},
      "props": {
        "direction": "row",
        "justify": "flex-start",
        "alignItems": "center",
        "flexWrap": false,
        "children": [
          "nsk3661009",
          "9fo9lwaiq0"
        ],
        "gap": 8,
        "padding": 8,
        "hoverable": false,
        "rectStyle": {},
        "classList": []
      },
      "propEx": {},
      "events": {},
      "visible": true,
      "locked": false,
      "full": false,
      "slots": []
    },
    {
      "title": "弹性容器_5",
      "path": "ridge-container/flex",
      "id": "swgart5cgm",
      "style": {
        "position": "absolute",
        "visible": true,
        "x": 22,
        "y": -57,
        "width": 360,
        "height": 240
      },
      "styleEx": {},
      "props": {
        "direction": "column",
        "justify": "center",
        "alignItems": "center",
        "flexWrap": false,
        "children": [
          "5ckudfsp7o",
          "56on06xws7",
          "vy48vqlbj0"
        ],
        "gap": 8,
        "padding": 8,
        "hoverable": false,
        "rectStyle": {},
        "classList": []
      },
      "propEx": {},
      "events": {},
      "visible": true,
      "locked": false,
      "full": true,
      "slots": []
    },
    {
      "title": "弹性容器_6",
      "path": "ridge-container/flex",
      "id": "5ckudfsp7o",
      "style": {
        "position": "absolute",
        "visible": true,
        "x": 0,
        "y": -26,
        "width": 229,
        "height": 50
      },
      "styleEx": {},
      "props": {
        "direction": "row",
        "justify": "flex-start",
        "alignItems": "center",
        "flexWrap": false,
        "children": [
          "k6i0i7qese",
          "cqrae1so54"
        ],
        "gap": 8,
        "padding": 8,
        "hoverable": false,
        "rectStyle": {},
        "classList": []
      },
      "propEx": {},
      "events": {},
      "visible": true,
      "locked": false,
      "full": false,
      "slots": []
    },
    {
      "title": "标题",
      "path": "ridge-semi/title",
      "id": "cqrae1so54",
      "style": {
        "position": "absolute",
        "visible": true,
        "x": 0,
        "y": -120,
        "width": 146,
        "height": 35
      },
      "styleEx": {},
      "props": {
        "text": "在线剪贴板",
        "heading": 2
      },
      "propEx": {},
      "events": {},
      "visible": true,
      "locked": false,
      "full": false,
      "slots": []
    },
    {
      "title": "图标",
      "path": "ridge-semi/icon",
      "id": "k6i0i7qese",
      "style": {
        "position": "absolute",
        "visible": true,
        "x": 0,
        "y": 0,
        "width": 40,
        "height": 25
      },
      "styleEx": {},
      "props": {
        "icon": "IconCopyStroked",
        "color": "green",
        "size": 34,
        "classList": []
      },
      "propEx": {},
      "events": {},
      "visible": true,
      "locked": false,
      "full": false,
      "slots": []
    },
    {
      "title": "文本_1",
      "path": "ridge-semi/text",
      "id": "56on06xws7",
      "style": {
        "position": "absolute",
        "visible": true,
        "x": 0,
        "y": 4,
        "width": 201,
        "height": 21
      },
      "styleEx": {},
      "props": {
        "text": "轻松管理和复制你的文本片段",
        "size": "normal",
        "copyable": false,
        "ellipsis": false,
        "rows": 1,
        "type": "primary",
        "link": "",
        "classList": []
      },
      "propEx": {},
      "events": {},
      "visible": true,
      "locked": false,
      "full": false,
      "slots": []
    }
  ],
  "name": "index",
  "children": [
    "swgart5cgm"
  ]
}