{
  "version": "1.2.0",
  "style": {
    "width": 1920,
    "height": 1080,
    "background": "",
    "classNames": []
  },
  "properties": {},
  "cssFiles": [],
  "jsFiles": [
    "composite:///js/document.js"
  ],
  "elements": [
    {
      "title": "弹性容器",
      "path": "ridge-container/flex",
      "id": "snth5bhmgr",
      "style": {
        "position": "absolute",
        "visible": true,
        "x": 338,
        "y": 164,
        "width": 359,
        "height": 239
      },
      "styleEx": {},
      "props": {
        "direction": "column",
        "justify": "flex-start",
        "alignItems": "center",
        "flexWrap": false,
        "fill": false,
        "children": [
          "ffljl427hm",
          "3ca2x51fky"
        ],
        "gap": 8,
        "padding": 0,
        "classList": []
      },
      "propEx": {},
      "events": {},
      "visible": true,
      "locked": false,
      "full": true,
      "$id": "https://ridge-ui.com/schemas/element",
      "slots": []
    },
    {
      "title": "Header",
      "path": "ridge-container/composite",
      "id": "ffljl427hm",
      "style": {
        "position": "absolute",
        "visible": true,
        "x": -168,
        "y": 367,
        "width": 1440,
        "height": 60
      },
      "styleEx": {},
      "props": {
        "pagePath": "/components/Header",
        "packageName": "",
        "classList": []
      },
      "propEx": {},
      "events": {},
      "visible": true,
      "locked": false,
      "full": false,
      "$id": "https://ridge-ui.com/schemas/element",
      "slots": []
    },
    {
      "title": "弹性容器_1",
      "path": "ridge-container/flex",
      "id": "3ca2x51fky",
      "style": {
        "position": "absolute",
        "visible": true,
        "x": 0,
        "y": 0,
        "width": 1431,
        "height": 827,
        "flex": "1"
      },
      "styleEx": {},
      "props": {
        "direction": "row",
        "justify": "flex-start",
        "alignItems": "stretch",
        "flexWrap": false,
        "fill": false,
        "children": [
          "mbsw1therr",
          "m72ltl0hvs"
        ],
        "gap": 8,
        "padding": 8,
        "classList": []
      },
      "propEx": {},
      "events": {},
      "visible": true,
      "locked": false,
      "full": false,
      "$id": "https://ridge-ui.com/schemas/element",
      "slots": []
    },
    {
      "title": "可展开导航",
      "path": "ridge-bootstrap/collapseNav",
      "id": "mbsw1therr",
      "style": {
        "position": "absolute",
        "visible": true,
        "x": 0,
        "y": 0,
        "width": 242,
        "height": 900
      },
      "styleEx": {},
      "props": {
        "treeData": [
          {
            "label": "服务及工具部署手册",
            "children": [
              {
                "label": "社区版获取及安装",
                "value": "composite:///docs/server.md"
              }
            ]
          },
          {
            "label": "开发人员手册",
            "children": [
              {
                "label": "页面状态库编写",
                "value": "composite:///docs/store-basic.md"
              },
              {
                "label": "UI组件编写",
                "value": "composite:///docs/writing-component.md"
              }
            ]
          }
        ],
        "classList": []
      },
      "propEx": {
        "value": "WebsiteDocument.state.name",
        "treeData": "WebsiteDocument.state.docTree"
      },
      "events": {},
      "visible": true,
      "locked": false,
      "full": false,
      "$id": "https://ridge-ui.com/schemas/element",
      "slots": []
    },
    {
      "title": "MarkDown",
      "path": "ridge-marked/mared",
      "id": "m72ltl0hvs",
      "style": {
        "position": "absolute",
        "visible": true,
        "x": 726,
        "y": 320,
        "width": 480,
        "height": 64,
        "flex": "1"
      },
      "styleEx": {},
      "props": {},
      "propEx": {
        "mdfile": "WebsiteDocument.state.name"
      },
      "events": {},
      "visible": true,
      "locked": false,
      "full": false,
      "$id": "https://ridge-ui.com/schemas/element",
      "slots": []
    }
  ],
  "name": "document",
  "children": [
    "snth5bhmgr"
  ]
}