{
  "version": "1.2.0",
  "style": {
    "width": 1920,
    "height": 1080,
    "background": "",
    "classNames": []
  },
  "properties": {},
  "cssFiles": [],
  "jsFiles": [
    "composite:///js/document.js"
  ],
  "elements": [
    {
      "title": "弹性容器",
      "path": "ridge-container/flex",
      "id": "snth5bhmgr",
      "style": {
        "position": "absolute",
        "visible": true,
        "x": 338,
        "y": 164,
        "width": 359,
        "height": 239
      },
      "styleEx": {},
      "props": {
        "direction": "column",
        "justify": "flex-start",
        "alignItems": "center",
        "flexWrap": false,
        "fill": false,
        "children": [
          "ffljl427hm",
          "3ca2x51fky"
        ],
        "gap": 8,
        "padding": 0,
        "classList": []
      },
      "propEx": {},
      "events": {},
      "visible": true,
      "locked": false,
      "full": true,
      "$id": "https://ridge-ui.com/schemas/element",
      "slots": []
    },
    {
      "title": "Header",
      "path": "ridge-container/composite",
      "id": "ffljl427hm",
      "style": {
        "position": "absolute",
        "visible": true,
        "x": -168,
        "y": 367,
        "width": 1440,
        "height": 60
      },
      "styleEx": {},
      "props": {
        "pagePath": "/components/Header",
        "packageName": "",
        "classList": []
      },
      "propEx": {},
      "events": {},
      "visible": true,
      "locked": false,
      "full": false,
      "$id": "https://ridge-ui.com/schemas/element",
      "slots": []
    },
    {
      "title": "弹性容器_1",
      "path": "ridge-container/flex",
      "id": "3ca2x51fky",
      "style": {
        "position": "absolute",
        "visible": true,
        "x": 0,
        "y": 0,
        "width": 1431,
        "height": 827,
        "flex": "1"
      },
      "styleEx": {},
      "props": {
        "direction": "row",
        "justify": "flex-start",
        "alignItems": "stretch",
        "flexWrap": false,
        "fill": false,
        "children": [
          "m72ltl0hvs"
        ],
        "gap": 8,
        "padding": 8,
        "classList": []
      },
      "propEx": {},
      "events": {},
      "visible": true,
      "locked": false,
      "full": false,
      "$id": "https://ridge-ui.com/schemas/element",
      "slots": []
    },
    {
      "title": "MarkDown",
      "path": "ridge-marked/mared",
      "id": "m72ltl0hvs",
      "style": {
        "position": "absolute",
        "visible": true,
        "x": 726,
        "y": 320,
        "width": 480,
        "height": 64,
        "flex": "1"
      },
      "styleEx": {},
      "props": {
        "mdfile": "/docs/download.md"
      },
      "propEx": {
        "mdfile": null
      },
      "events": {},
      "visible": true,
      "locked": false,
      "full": false,
      "$id": "https://ridge-ui.com/schemas/element",
      "slots": []
    }
  ],
  "name": "download",
  "children": [
    "snth5bhmgr"
  ]
}