{
  "version": "1.2.0",
  "style": {
    "width": 1920,
    "height": 1080,
    "background": "",
    "classNames": []
  },
  "properties": {},
  "cssFiles": [],
  "jsFiles": [
    "composite:///js/browser.js",
    "/ridge-common/js/user.js"
  ],
  "elements": [
    {
      "title": "弹性容器",
      "path": "ridge-container/flex",
      "id": "cdox8q2s4m",
      "style": {
        "position": "absolute",
        "visible": true,
        "x": 374,
        "y": 358,
        "width": 1137,
        "height": 847
      },
      "styleEx": {},
      "props": {
        "direction": "column",
        "justify": "flex-start",
        "alignItems": "stretch",
        "flexWrap": false,
        "fill": false,
        "children": [
          "z8p42a53yi",
          "jtg45cgwqw",
          "4k6sxb1k4o"
        ],
        "gap": 8,
        "padding": 0,
        "classList": []
      },
      "propEx": {},
      "events": {},
      "visible": true,
      "locked": false,
      "full": true,
      "$id": "https://ridge-ui.com/schemas/element",
      "slots": []
    },
    {
      "title": "弹性容器_1",
      "path": "ridge-container/flex",
      "id": "fpoy5g1obh",
      "style": {
        "position": "absolute",
        "visible": true,
        "x": -35.00001695421008,
        "y": 82.00000127156578,
        "width": 1294.9999491373703,
        "height": 786.0000610351565
      },
      "styleEx": {},
      "props": {
        "direction": "row",
        "justify": "center",
        "alignItems": "center",
        "flexWrap": false,
        "fill": false,
        "children": [
          "sb6vs6grwc"
        ],
        "gap": 8,
        "padding": 8,
        "classList": []
      },
      "propEx": {},
      "events": {},
      "visible": true,
      "locked": false,
      "full": false,
      "$id": "https://ridge-ui.com/schemas/element",
      "slots": []
    },
    {
      "title": "Header",
      "path": "ridge-container/composite",
      "id": "z8p42a53yi",
      "style": {
        "position": "absolute",
        "visible": true,
        "x": -35182,
        "y": 0,
        "width": 1440,
        "height": 60
      },
      "styleEx": {},
      "props": {
        "pagePath": "/components/Header",
        "classList": []
      },
      "propEx": {},
      "events": {},
      "visible": true,
      "locked": false,
      "full": false,
      "$id": "https://ridge-ui.com/schemas/element",
      "slots": []
    },
    {
      "title": "Footer",
      "path": "ridge-container/composite",
      "id": "4k6sxb1k4o",
      "style": {
        "position": "absolute",
        "visible": true,
        "x": 0,
        "y": 68.00000932481557,
        "width": 1920.0000339084208,
        "height": 91
      },
      "styleEx": {},
      "props": {
        "pagePath": "/components/Footer",
        "classList": []
      },
      "propEx": {},
      "events": {},
      "visible": true,
      "locked": false,
      "full": false,
      "$id": "https://ridge-ui.com/schemas/element",
      "slots": []
    },
    {
      "title": "弹性容器_2",
      "path": "ridge-container/flex",
      "id": "sb6vs6grwc",
      "style": {
        "position": "absolute",
        "visible": true,
        "x": 0,
        "y": 2235,
        "width": 489,
        "height": 508
      },
      "styleEx": {},
      "props": {
        "direction": "column",
        "justify": "center",
        "alignItems": "center",
        "flexWrap": false,
        "fill": false,
        "children": [
          "uqh2fyfmbq",
          "uqq4be5hg0",
          "2fpaftzfzi",
          "ogt40bklxz"
        ],
        "gap": 8,
        "padding": 8,
        "classList": [
          "ridge-bootstrap/border",
          "ridge-bootstrap/border-1",
          "ridge-bootstrap/border-primary-emphasis",
          "ridge-bootstrap/p-2",
          "ridge-bootstrap/shadow-sm",
          "ridge-bootstrap/bg-body",
          "ridge-bootstrap/rounded-4"
        ]
      },
      "propEx": {},
      "events": {},
      "visible": true,
      "locked": false,
      "full": false,
      "$id": "https://ridge-ui.com/schemas/element",
      "slots": []
    },
    {
      "title": "文本",
      "path": "ridge-bootstrap/typography",
      "id": "zmekch6zoi",
      "style": {
        "position": "absolute",
        "visible": true,
        "x": 0,
        "y": -90,
        "width": 150,
        "height": 40
      },
      "styleEx": {},
      "props": {
        "classList": [
          "ridge-bootstrap/fs-3",
          "ridge-bootstrap/fw-medium"
        ],
        "text": "请登录"
      },
      "propEx": {},
      "events": {},
      "visible": true,
      "locked": false,
      "full": false,
      "$id": "https://ridge-ui.com/schemas/element",
      "slots": []
    },
    {
      "title": "单行输入",
      "path": "ridge-bootstrap/input",
      "id": "1pgdmvp3m3",
      "style": {
        "position": "absolute",
        "visible": true,
        "x": 0,
        "y": 12,
        "width": 368,
        "height": 52
      },
      "styleEx": {},
      "props": {
        "value": "",
        "validState": "",
        "disabled": false,
        "size": "form-control-normal",
        "type": "text",
        "classList": [],
        "label": "请输入手机号"
      },
      "propEx": {
        "value": "RidgeUser.state.login.id"
      },
      "events": {},
      "visible": true,
      "locked": false,
      "full": false,
      "$id": "https://ridge-ui.com/schemas/element",
      "slots": []
    },
    {
      "title": "单行输入_1",
      "path": "ridge-bootstrap/input",
      "id": "ocy3z5fdhk",
      "style": {
        "position": "absolute",
        "visible": true,
        "x": 0,
        "y": 6,
        "width": 368,
        "height": 47
      },
      "styleEx": {},
      "props": {
        "value": "",
        "label": "请输入密码",
        "validState": "",
        "disabled": false,
        "size": "normal",
        "type": "password",
        "classList": []
      },
      "propEx": {
        "value": "RidgeUser.state.login.password"
      },
      "events": {},
      "visible": true,
      "locked": false,
      "full": false,
      "$id": "https://ridge-ui.com/schemas/element",
      "slots": []
    },
    {
      "title": "弹性容器_4",
      "path": "ridge-container/flex",
      "id": "uqq4be5hg0",
      "style": {
        "position": "absolute",
        "visible": true,
        "x": 0,
        "y": -542,
        "width": 388,
        "height": 288
      },
      "styleEx": {},
      "props": {
        "direction": "column",
        "justify": "center",
        "alignItems": "flex-start",
        "flexWrap": false,
        "fill": false,
        "children": [
          "vmgqbx63b9",
          "1pgdmvp3m3",
          "a82xlmlz9x",
          "ocy3z5fdhk",
          "vra8b2khdr",
          "nxc83tyjcv"
        ],
        "gap": 0,
        "padding": 8,
        "classList": []
      },
      "propEx": {},
      "events": {},
      "visible": true,
      "locked": false,
      "full": false,
      "$id": "https://ridge-ui.com/schemas/element",
      "slots": []
    },
    {
      "title": "按钮",
      "path": "ridge-bootstrap/button",
      "id": "2fpaftzfzi",
      "style": {
        "position": "absolute",
        "visible": true,
        "x": 0,
        "y": 234,
        "width": 373,
        "height": 45
      },
      "styleEx": {},
      "props": {
        "type": "primary",
        "src": "",
        "icon": "person",
        "size": "lg",
        "style": "general",
        "rounded": false,
        "full": true,
        "disabled": false,
        "withBadge": false,
        "badgeCount": "",
        "text": "登录"
      },
      "propEx": {
        "disabled": "RegisterModal.state.requesting"
      },
      "events": {
        "onClick": [
          {
            "store": "RidgeUser",
            "method": "loginUser",
            "payload": ""
          }
        ]
      },
      "visible": true,
      "locked": false,
      "full": false,
      "$id": "https://ridge-ui.com/schemas/element",
      "slots": []
    },
    {
      "title": "文本_2",
      "path": "ridge-bootstrap/typography",
      "id": "vmgqbx63b9",
      "style": {
        "position": "absolute",
        "visible": true,
        "x": 0,
        "y": 64,
        "width": 164,
        "height": 32
      },
      "styleEx": {},
      "props": {
        "classList": [],
        "text": "请输入账号"
      },
      "propEx": {},
      "events": {},
      "visible": true,
      "locked": false,
      "full": false,
      "$id": "https://ridge-ui.com/schemas/element",
      "slots": []
    },
    {
      "title": "文本_3",
      "path": "ridge-bootstrap/typography",
      "id": "a82xlmlz9x",
      "style": {
        "position": "absolute",
        "visible": true,
        "x": 0,
        "y": 27,
        "width": 99,
        "height": 33
      },
      "styleEx": {},
      "props": {
        "text": "请输入密码",
        "classList": []
      },
      "propEx": {},
      "events": {},
      "visible": true,
      "locked": false,
      "full": false,
      "$id": "https://ridge-ui.com/schemas/element",
      "slots": []
    },
    {
      "title": "弹性容器_5",
      "path": "ridge-container/flex",
      "id": "vra8b2khdr",
      "style": {
        "position": "absolute",
        "visible": true,
        "x": -48,
        "y": 0,
        "width": 360,
        "height": 70
      },
      "styleEx": {},
      "props": {
        "direction": "row",
        "justify": "flex-start",
        "alignItems": "flex-start",
        "flexWrap": false,
        "fill": false,
        "children": [
          "kcyhmqmhf7",
          "cjyqwrnr4n"
        ],
        "gap": 8,
        "padding": 0,
        "classList": []
      },
      "propEx": {},
      "events": {},
      "visible": true,
      "locked": false,
      "full": false,
      "$id": "https://ridge-ui.com/schemas/element",
      "slots": []
    },
    {
      "title": "单行输入_2",
      "path": "ridge-bootstrap/input",
      "id": "k5p44xidd3",
      "style": {
        "position": "absolute",
        "visible": true,
        "x": 551,
        "y": 1164,
        "width": 178,
        "height": 38
      },
      "styleEx": {},
      "props": {
        "value": "",
        "validState": "",
        "disabled": false,
        "size": "form-control-normal",
        "type": "text",
        "classList": []
      },
      "propEx": {
        "value": "RidgeUser.state.captcha",
        "placeholder": null
      },
      "events": {},
      "visible": true,
      "locked": false,
      "full": false,
      "$id": "https://ridge-ui.com/schemas/element",
      "slots": []
    },
    {
      "title": "图片_1",
      "path": "ridge-bootstrap/image",
      "id": "cjyqwrnr4n",
      "style": {
        "position": "absolute",
        "visible": true,
        "x": 0,
        "y": 115,
        "width": 167,
        "height": 71
      },
      "styleEx": {},
      "props": {
        "src": "",
        "classList": []
      },
      "propEx": {
        "src": "RidgeUser.state.captchaUrl"
      },
      "events": {
        "onClick": [
          {
            "store": "UserLogin",
            "method": "reloadCaptcha",
            "payload": ""
          }
        ]
      },
      "visible": true,
      "locked": false,
      "full": false,
      "$id": "https://ridge-ui.com/schemas/element",
      "slots": []
    },
    {
      "title": "弹性容器_6",
      "path": "ridge-container/flex",
      "id": "kcyhmqmhf7",
      "style": {
        "position": "absolute",
        "visible": true,
        "x": 0,
        "y": 0,
        "width": 186,
        "height": 66
      },
      "styleEx": {},
      "props": {
        "direction": "column",
        "justify": "flex-start",
        "alignItems": "flex-start",
        "flexWrap": false,
        "fill": false,
        "children": [
          "7r7itqx0a2",
          "k5p44xidd3"
        ],
        "gap": 8,
        "padding": 0,
        "classList": []
      },
      "propEx": {},
      "events": {},
      "visible": true,
      "locked": false,
      "full": false,
      "$id": "https://ridge-ui.com/schemas/element",
      "slots": []
    },
    {
      "title": "文本_1",
      "path": "ridge-bootstrap/typography",
      "id": "7r7itqx0a2",
      "style": {
        "position": "absolute",
        "visible": true,
        "x": 0,
        "y": 0,
        "width": 99,
        "height": 24
      },
      "styleEx": {},
      "props": {
        "text": "输入验证码",
        "classList": []
      },
      "propEx": {},
      "events": {},
      "visible": true,
      "locked": false,
      "full": false,
      "$id": "https://ridge-ui.com/schemas/element",
      "slots": []
    },
    {
      "title": "弹性容器_7",
      "path": "ridge-container/flex",
      "id": "uqh2fyfmbq",
      "style": {
        "position": "absolute",
        "visible": true,
        "x": 0,
        "y": 451,
        "width": 359,
        "height": 78
      },
      "styleEx": {},
      "props": {
        "direction": "row",
        "justify": "flex-start",
        "alignItems": "center",
        "flexWrap": false,
        "fill": false,
        "children": [
          "fvdblqvb72",
          "zmekch6zoi"
        ],
        "gap": 8,
        "padding": 8,
        "classList": []
      },
      "propEx": {},
      "events": {},
      "visible": true,
      "locked": false,
      "full": false,
      "$id": "https://ridge-ui.com/schemas/element",
      "slots": []
    },
    {
      "title": "矩形",
      "path": "ridge-bootstrap/div",
      "id": "fvdblqvb72",
      "style": {
        "position": "absolute",
        "visible": true,
        "x": 0,
        "y": 0,
        "width": 57,
        "height": 52
      },
      "styleEx": {},
      "props": {
        "classList": [
          "ridge-bootstrap/bg-primary"
        ],
        "mask": "composite:///ridge.png"
      },
      "propEx": {},
      "events": {},
      "visible": true,
      "locked": false,
      "full": false,
      "$id": "https://ridge-ui.com/schemas/element",
      "slots": []
    },
    {
      "title": "文本_4",
      "path": "ridge-bootstrap/typography",
      "id": "nxc83tyjcv",
      "style": {
        "position": "absolute",
        "visible": true,
        "x": 0,
        "y": 0,
        "width": 359,
        "height": 26
      },
      "styleEx": {},
      "props": {
        "classList": [
          "ridge-bootstrap/text-danger"
        ]
      },
      "propEx": {
        "text": "RidgeUser.state.login.resultMessage"
      },
      "events": {},
      "visible": true,
      "locked": false,
      "full": false,
      "$id": "https://ridge-ui.com/schemas/element",
      "slots": []
    },
    {
      "title": "超链接",
      "path": "ridge-bootstrap/link",
      "id": "ogt40bklxz",
      "style": {
        "position": "absolute",
        "visible": true,
        "x": -100,
        "y": 0,
        "width": 106,
        "height": 41
      },
      "styleEx": {},
      "props": {
        "classList": [
          "ridge-bootstrap/pt-3"
        ],
        "text": "账号注册",
        "icon": "person-plus-fill",
        "href": "#/pages/register"
      },
      "propEx": {},
      "events": {
        "onClick": []
      },
      "visible": true,
      "locked": false,
      "full": false,
      "$id": "https://ridge-ui.com/schemas/element",
      "slots": []
    },
    {
      "title": "多层容器",
      "path": "ridge-container/stack",
      "id": "jtg45cgwqw",
      "style": {
        "position": "absolute",
        "visible": true,
        "x": -35,
        "y": 82,
        "width": 1295,
        "height": 786,
        "flex": "1"
      },
      "styleEx": {},
      "props": {
        "classList": [],
        "children": [
          "ahh8sujqhq",
          "fpoy5g1obh"
        ]
      },
      "propEx": {},
      "events": {},
      "visible": true,
      "locked": false,
      "full": false,
      "slots": []
    },
    {
      "title": "图片",
      "path": "ridge-bootstrap/image",
      "id": "ahh8sujqhq",
      "style": {
        "position": "absolute",
        "visible": true,
        "x": 213,
        "y": 284,
        "width": 120,
        "height": 36
      },
      "styleEx": {},
      "props": {
        "fitPosition": "left",
        "src": "composite:///back.svg",
        "classList": [],
        "objectFit": "object-fit-cover"
      },
      "propEx": {},
      "events": {},
      "visible": true,
      "locked": false,
      "full": false,
      "slots": []
    }
  ],
  "name": "login",
  "children": [
    "cdox8q2s4m"
  ],
  "events": {
    "login": [],
    "success": [
      {
        "store": "Browser",
        "method": "openLink",
        "payload": "#/index"
      }
    ],
    "login-success": [
      {
        "store": "Browser",
        "method": "openLink",
        "payload": "#/index"
      }
    ]
  }
}