{
  "version": "1.2.0",
  "style": {
    "width": 1920,
    "height": 1480,
    "background": "",
    "classNames": [],
    "heightFix": true
  },
  "properties": {},
  "cssFiles": [],
  "jsFiles": [],
  "elements": [
    {
      "title": "弹性容器",
      "path": "ridge-container/flex",
      "id": "f3qnzmx0ob",
      "style": {
        "position": "absolute",
        "visible": true,
        "x": 508,
        "y": 222,
        "width": 359,
        "height": 239
      },
      "styleEx": {},
      "props": {
        "direction": "column",
        "justify": "flex-start",
        "alignItems": "center",
        "flexWrap": false,
        "fill": false,
        "children": [
          "m0a39e1bnq",
          "7ke4cnijom",
          "zgijg3p5ha"
        ],
        "gap": 8,
        "padding": 0,
        "classList": []
      },
      "propEx": {},
      "events": {},
      "visible": true,
      "locked": false,
      "full": true,
      "$id": "https://ridge-ui.com/schemas/element",
      "slots": []
    },
    {
      "title": "Header",
      "path": "ridge-container/composite",
      "id": "m0a39e1bnq",
      "style": {
        "position": "absolute",
        "visible": true,
        "x": -5,
        "y": 328,
        "width": 1440,
        "height": 60
      },
      "styleEx": {},
      "props": {
        "pagePath": "/components/Header",
        "classList": []
      },
      "propEx": {},
      "events": {},
      "visible": true,
      "locked": false,
      "full": false,
      "$id": "https://ridge-ui.com/schemas/element",
      "slots": []
    },
    {
      "title": "Plans",
      "path": "ridge-container/composite",
      "id": "7ke4cnijom",
      "style": {
        "position": "absolute",
        "visible": true,
        "x": 0,
        "y": 0,
        "width": 1440,
        "height": 1261
      },
      "styleEx": {},
      "props": {
        "pagePath": "/components/Plans",
        "classList": []
      },
      "propEx": {},
      "events": {},
      "visible": true,
      "locked": false,
      "full": false,
      "$id": "https://ridge-ui.com/schemas/element",
      "slots": []
    },
    {
      "title": "Footer",
      "path": "ridge-container/composite",
      "id": "zgijg3p5ha",
      "style": {
        "position": "absolute",
        "visible": true,
        "x": 150,
        "y": 1354,
        "width": 1440,
        "height": 120
      },
      "styleEx": {},
      "props": {
        "pagePath": "/components/Footer",
        "classList": []
      },
      "propEx": {},
      "events": {},
      "visible": true,
      "locked": false,
      "full": false,
      "$id": "https://ridge-ui.com/schemas/element",
      "slots": []
    }
  ],
  "name": "plan",
  "children": [
    "f3qnzmx0ob"
  ]
}