{
  "version": "1.2.0",
  "style": {
    "width": 1920,
    "height": 1060,
    "background": "",
    "classNames": []
  },
  "properties": {
    "open": "0"
  },
  "cssFiles": [],
  "jsFiles": [
    "composite:///js/browser.js",
    "/ridge-common/js/user.js"
  ],
  "elements": [
    {
      "title": "弹性容器",
      "path": "ridge-container/flex",
      "id": "cdox8q2s4m",
      "style": {
        "position": "absolute",
        "visible": true,
        "x": 551,
        "y": 285,
        "width": 359,
        "height": 240
      },
      "styleEx": {},
      "props": {
        "direction": "column",
        "justify": "flex-start",
        "alignItems": "stretch",
        "flexWrap": false,
        "fill": false,
        "children": [
          "z8p42a53yi",
          "9s8bxkkgx9",
          "4k6sxb1k4o"
        ],
        "gap": 8,
        "padding": 0,
        "classList": []
      },
      "propEx": {},
      "events": {},
      "visible": true,
      "locked": false,
      "full": true,
      "$id": "https://ridge-ui.com/schemas/element",
      "slots": []
    },
    {
      "title": "弹性容器_1",
      "path": "ridge-container/flex",
      "id": "fpoy5g1obh",
      "style": {
        "position": "absolute",
        "visible": true,
        "x": 380.0000000000004,
        "y": 1117.999945746529,
        "width": 1440.999891493057,
        "height": 558.9999728732645
      },
      "styleEx": {},
      "props": {
        "direction": "row",
        "justify": "center",
        "alignItems": "center",
        "flexWrap": false,
        "fill": false,
        "children": [
          "sb6vs6grwc"
        ],
        "gap": 8,
        "padding": 28,
        "classList": []
      },
      "propEx": {},
      "events": {},
      "visible": true,
      "locked": false,
      "full": false,
      "$id": "https://ridge-ui.com/schemas/element",
      "slots": []
    },
    {
      "title": "Header",
      "path": "ridge-container/composite",
      "id": "z8p42a53yi",
      "style": {
        "position": "absolute",
        "visible": true,
        "x": -35182,
        "y": 0,
        "width": 1440,
        "height": 60
      },
      "styleEx": {},
      "props": {
        "pagePath": "/components/Header",
        "classList": []
      },
      "propEx": {},
      "events": {},
      "visible": true,
      "locked": false,
      "full": false,
      "$id": "https://ridge-ui.com/schemas/element",
      "slots": []
    },
    {
      "title": "Footer",
      "path": "ridge-container/composite",
      "id": "4k6sxb1k4o",
      "style": {
        "position": "absolute",
        "visible": true,
        "x": 0,
        "y": 68.00000161835641,
        "width": 1920.0001109730113,
        "height": 88
      },
      "styleEx": {},
      "props": {
        "pagePath": "/components/Footer",
        "classList": []
      },
      "propEx": {},
      "events": {},
      "visible": true,
      "locked": false,
      "full": false,
      "$id": "https://ridge-ui.com/schemas/element",
      "slots": []
    },
    {
      "title": "弹性容器_2",
      "path": "ridge-container/flex",
      "id": "sb6vs6grwc",
      "style": {
        "position": "absolute",
        "visible": true,
        "x": 0,
        "y": 0,
        "height": 512,
        "width": 464
      },
      "styleEx": {},
      "props": {
        "direction": "column",
        "justify": "flex-start",
        "alignItems": "center",
        "flexWrap": false,
        "fill": false,
        "children": [
          "ay4co2rup3",
          "58b71uvd5r",
          "uqq4be5hg0",
          "2fpaftzfzi",
          "eugo0w2i64"
        ],
        "gap": 0,
        "padding": 8,
        "classList": [
          "ridge-bootstrap/border",
          "ridge-bootstrap/border-1",
          "ridge-bootstrap/border-primary-emphasis",
          "ridge-bootstrap/p-2",
          "ridge-bootstrap/shadow-sm",
          "ridge-bootstrap/bg-body",
          "ridge-bootstrap/rounded-4"
        ]
      },
      "propEx": {},
      "events": {},
      "visible": true,
      "locked": false,
      "full": false,
      "$id": "https://ridge-ui.com/schemas/element",
      "slots": []
    },
    {
      "title": "文本",
      "path": "ridge-bootstrap/typography",
      "id": "zmekch6zoi",
      "style": {
        "position": "absolute",
        "visible": true,
        "x": 0,
        "y": 0,
        "width": 247,
        "height": 47
      },
      "styleEx": {},
      "props": {
        "classList": [
          "ridge-bootstrap/fs-3",
          "ridge-bootstrap/fw-medium"
        ],
        "text": "注册RidgeUI账号"
      },
      "propEx": {},
      "events": {},
      "visible": true,
      "locked": false,
      "full": false,
      "$id": "https://ridge-ui.com/schemas/element",
      "slots": []
    },
    {
      "title": "文本_1",
      "path": "ridge-bootstrap/typography",
      "id": "58b71uvd5r",
      "style": {
        "position": "absolute",
        "visible": true,
        "x": 0,
        "y": 0,
        "width": 370,
        "height": 21
      },
      "styleEx": {},
      "props": {
        "text": "通过注册账号，享受更多Ridge官方云服务",
        "classList": [
          "ridge-bootstrap/text-secondary"
        ]
      },
      "propEx": {},
      "events": {},
      "visible": true,
      "locked": false,
      "full": false,
      "$id": "https://ridge-ui.com/schemas/element",
      "slots": []
    },
    {
      "title": "单行输入",
      "path": "ridge-bootstrap/input",
      "id": "1pgdmvp3m3",
      "style": {
        "position": "absolute",
        "visible": true,
        "x": 0,
        "y": 0,
        "width": 348,
        "height": 45
      },
      "styleEx": {},
      "props": {
        "value": "",
        "validState": "",
        "disabled": false,
        "size": "form-control-normal",
        "type": "text",
        "classList": [],
        "label": "请输入手机号"
      },
      "propEx": {
        "value": "RidgeUser.state.register.id"
      },
      "events": {},
      "visible": true,
      "locked": false,
      "full": false,
      "$id": "https://ridge-ui.com/schemas/element",
      "slots": []
    },
    {
      "title": "单行输入_1",
      "path": "ridge-bootstrap/input",
      "id": "ocy3z5fdhk",
      "style": {
        "position": "absolute",
        "visible": true,
        "x": 0,
        "y": 0,
        "width": 346,
        "height": 45
      },
      "styleEx": {},
      "props": {
        "value": "",
        "label": "请输入密码",
        "validState": "",
        "disabled": false,
        "size": "normal",
        "type": "password",
        "classList": []
      },
      "propEx": {
        "value": "RidgeUser.state.register.password"
      },
      "events": {},
      "visible": true,
      "locked": false,
      "full": false,
      "$id": "https://ridge-ui.com/schemas/element",
      "slots": []
    },
    {
      "title": "弹性容器_4",
      "path": "ridge-container/flex",
      "id": "uqq4be5hg0",
      "style": {
        "position": "absolute",
        "visible": true,
        "x": 0,
        "y": 0,
        "width": 389,
        "height": 324
      },
      "styleEx": {},
      "props": {
        "direction": "column",
        "justify": "center",
        "alignItems": "flex-start",
        "flexWrap": false,
        "fill": false,
        "children": [
          "vmgqbx63b9",
          "1pgdmvp3m3",
          "a82xlmlz9x",
          "ocy3z5fdhk",
          "3iqmcr2rn1",
          "tu78eswjef",
          "catlnrxni0"
        ],
        "gap": 0,
        "padding": 8,
        "classList": []
      },
      "propEx": {},
      "events": {},
      "visible": true,
      "locked": false,
      "full": false,
      "$id": "https://ridge-ui.com/schemas/element",
      "slots": []
    },
    {
      "title": "多选",
      "path": "ridge-bootstrap/checkbox",
      "id": "tu78eswjef",
      "style": {
        "position": "absolute",
        "visible": true,
        "x": 0,
        "y": -95,
        "width": 361,
        "height": 30
      },
      "styleEx": {},
      "props": {
        "value": [],
        "options": [
          {
            "label": "我同意所有条款与条件以及隐私政策",
            "value": "ok"
          }
        ],
        "validState": "",
        "validaMsg": "输入正确",
        "invalidMsg": "输入错误",
        "disabled": false,
        "inline": false
      },
      "propEx": {
        "value": "RidgeUser.state.register.agreed"
      },
      "events": {},
      "visible": true,
      "locked": false,
      "full": false,
      "$id": "https://ridge-ui.com/schemas/element",
      "slots": []
    },
    {
      "title": "按钮",
      "path": "ridge-bootstrap/button",
      "id": "2fpaftzfzi",
      "style": {
        "position": "absolute",
        "visible": true,
        "x": -647,
        "y": 0,
        "width": 277,
        "height": 50
      },
      "styleEx": {},
      "props": {
        "type": "primary",
        "src": "",
        "icon": "key",
        "size": "lg",
        "style": "general",
        "rounded": false,
        "full": true,
        "disabled": false,
        "withBadge": false,
        "badgeCount": "",
        "text": "同意协议并注册"
      },
      "propEx": {
        "disabled": "UserRegister.state.agreed"
      },
      "events": {
        "onClick": [
          {
            "store": "RidgeUser",
            "method": "registerUser",
            "payload": ""
          }
        ]
      },
      "visible": true,
      "locked": false,
      "full": false,
      "$id": "https://ridge-ui.com/schemas/element",
      "slots": []
    },
    {
      "title": "文本_2",
      "path": "ridge-bootstrap/typography",
      "id": "vmgqbx63b9",
      "style": {
        "position": "absolute",
        "visible": true,
        "x": 0,
        "y": 0,
        "width": 321,
        "height": 32
      },
      "styleEx": {},
      "props": {
        "classList": [],
        "text": "请输入账号： (4-20位英文字母+数字组合)"
      },
      "propEx": {},
      "events": {},
      "visible": true,
      "locked": false,
      "full": false,
      "$id": "https://ridge-ui.com/schemas/element",
      "slots": []
    },
    {
      "title": "文本_3",
      "path": "ridge-bootstrap/typography",
      "id": "a82xlmlz9x",
      "style": {
        "position": "absolute",
        "visible": true,
        "x": 0,
        "y": 0,
        "width": 344,
        "height": 32
      },
      "styleEx": {},
      "props": {
        "text": "请输入密码 （至少8位且同时包含字母和数字）",
        "classList": []
      },
      "propEx": {},
      "events": {},
      "visible": true,
      "locked": false,
      "full": false,
      "$id": "https://ridge-ui.com/schemas/element",
      "slots": []
    },
    {
      "title": "弹性容器_5",
      "path": "ridge-container/flex",
      "id": "ay4co2rup3",
      "style": {
        "position": "absolute",
        "visible": true,
        "x": 0,
        "y": 0,
        "width": 359,
        "height": 55
      },
      "styleEx": {},
      "props": {
        "direction": "row",
        "justify": "flex-start",
        "alignItems": "center",
        "flexWrap": false,
        "fill": false,
        "children": [
          "3dvu095mw0",
          "zmekch6zoi"
        ],
        "gap": 8,
        "padding": 8,
        "classList": []
      },
      "propEx": {},
      "events": {},
      "visible": true,
      "locked": false,
      "full": false,
      "$id": "https://ridge-ui.com/schemas/element",
      "slots": []
    },
    {
      "title": "矩形",
      "path": "ridge-bootstrap/div",
      "id": "3dvu095mw0",
      "style": {
        "position": "absolute",
        "visible": true,
        "x": 0,
        "y": 21,
        "width": 50,
        "height": 46
      },
      "styleEx": {},
      "props": {
        "text": "文本",
        "classList": [
          "ridge-bootstrap/bg-primary"
        ],
        "mask": "composite:///ridge.png"
      },
      "propEx": {},
      "events": {},
      "visible": true,
      "locked": false,
      "full": false,
      "$id": "https://ridge-ui.com/schemas/element",
      "slots": []
    },
    {
      "title": "文本_1",
      "path": "ridge-bootstrap/typography",
      "id": "sb15hbboqb",
      "style": {
        "position": "absolute",
        "visible": true,
        "x": 0,
        "y": -21,
        "width": 99,
        "height": 24
      },
      "styleEx": {},
      "props": {
        "text": "输入验证码",
        "classList": []
      },
      "propEx": {},
      "events": {},
      "visible": true,
      "locked": false,
      "full": false,
      "$id": "https://ridge-ui.com/schemas/element",
      "slots": []
    },
    {
      "title": "单行输入_2",
      "path": "ridge-bootstrap/input",
      "id": "vayt0cbkqk",
      "style": {
        "position": "absolute",
        "visible": true,
        "x": 551,
        "y": 1164,
        "width": 178,
        "height": 38
      },
      "styleEx": {},
      "props": {
        "value": "",
        "validState": "",
        "disabled": false,
        "size": "form-control-normal",
        "type": "text",
        "classList": []
      },
      "propEx": {
        "value": "RidgeUser.state.captcha",
        "placeholder": null
      },
      "events": {},
      "visible": true,
      "locked": false,
      "full": false,
      "$id": "https://ridge-ui.com/schemas/element",
      "slots": []
    },
    {
      "title": "弹性容器_6",
      "path": "ridge-container/flex",
      "id": "erus1hz2t5",
      "style": {
        "position": "absolute",
        "visible": true,
        "x": 0,
        "y": 0,
        "width": 186,
        "height": 66
      },
      "styleEx": {},
      "props": {
        "direction": "column",
        "justify": "flex-start",
        "alignItems": "flex-start",
        "flexWrap": false,
        "fill": false,
        "children": [
          "sb15hbboqb",
          "vayt0cbkqk"
        ],
        "gap": 8,
        "padding": 0,
        "classList": []
      },
      "propEx": {},
      "events": {},
      "visible": true,
      "locked": false,
      "full": false,
      "$id": "https://ridge-ui.com/schemas/element",
      "slots": []
    },
    {
      "title": "图片_1",
      "path": "ridge-bootstrap/image",
      "id": "kkfjccindn",
      "style": {
        "position": "absolute",
        "visible": true,
        "x": 23,
        "y": 0,
        "width": 160,
        "height": 76
      },
      "styleEx": {},
      "props": {
        "src": "",
        "classList": []
      },
      "propEx": {
        "src": "RidgeUser.state.captchaUrl"
      },
      "events": {
        "onClick": [
          {
            "store": "RidgeUser",
            "method": "reloadCaptcha",
            "payload": ""
          }
        ]
      },
      "visible": true,
      "locked": false,
      "full": false,
      "$id": "https://ridge-ui.com/schemas/element",
      "slots": []
    },
    {
      "title": "弹性容器_5",
      "path": "ridge-container/flex",
      "id": "3iqmcr2rn1",
      "style": {
        "position": "absolute",
        "visible": true,
        "x": 0,
        "y": 24,
        "width": 360,
        "height": 83
      },
      "styleEx": {},
      "props": {
        "direction": "row",
        "justify": "flex-start",
        "alignItems": "flex-start",
        "flexWrap": false,
        "fill": false,
        "children": [
          "erus1hz2t5",
          "kkfjccindn"
        ],
        "gap": 8,
        "padding": 0,
        "classList": []
      },
      "propEx": {},
      "events": {},
      "visible": true,
      "locked": false,
      "full": false,
      "$id": "https://ridge-ui.com/schemas/element",
      "slots": []
    },
    {
      "title": "超链接",
      "path": "ridge-bootstrap/link",
      "id": "7l8a2ghi70",
      "style": {
        "position": "absolute",
        "visible": true,
        "x": 891,
        "y": 1125,
        "width": 176,
        "height": 30.000035903033087
      },
      "styleEx": {},
      "props": {
        "href": "#/pages/login",
        "icon": "question-circle",
        "classList": [],
        "text": "已有账号，去登录"
      },
      "propEx": {},
      "events": {},
      "visible": true,
      "locked": false,
      "full": false,
      "$id": "https://ridge-ui.com/schemas/element",
      "slots": []
    },
    {
      "title": "弹性容器_3",
      "path": "ridge-container/flex",
      "id": "eugo0w2i64",
      "style": {
        "position": "absolute",
        "visible": true,
        "x": 0,
        "y": -41,
        "width": 359,
        "height": 41
      },
      "styleEx": {},
      "props": {
        "direction": "row",
        "justify": "flex-start",
        "alignItems": "center",
        "flexWrap": false,
        "fill": false,
        "children": [
          "7l8a2ghi70"
        ],
        "gap": 8,
        "padding": 8,
        "classList": []
      },
      "propEx": {},
      "events": {},
      "visible": true,
      "locked": false,
      "full": false,
      "$id": "https://ridge-ui.com/schemas/element",
      "slots": []
    },
    {
      "title": "文本_4",
      "path": "ridge-bootstrap/typography",
      "id": "catlnrxni0",
      "style": {
        "position": "absolute",
        "visible": true,
        "x": 0,
        "y": 0,
        "width": 350,
        "height": 22
      },
      "styleEx": {},
      "props": {
        "text": "文本",
        "classList": [
          "ridge-bootstrap/text-danger"
        ]
      },
      "propEx": {
        "text": "RidgeUser.state.register.resultMessage"
      },
      "events": {},
      "visible": true,
      "locked": false,
      "full": false,
      "$id": "https://ridge-ui.com/schemas/element",
      "slots": []
    },
    {
      "title": "多层容器",
      "path": "ridge-container/stack",
      "id": "9s8bxkkgx9",
      "style": {
        "position": "absolute",
        "visible": true,
        "x": 380,
        "y": 1118,
        "width": 1441,
        "height": 559,
        "flex": "1"
      },
      "styleEx": {},
      "props": {
        "classList": [],
        "children": [
          "j558r68qsw",
          "fpoy5g1obh"
        ]
      },
      "propEx": {},
      "events": {},
      "visible": true,
      "locked": false,
      "full": false,
      "slots": []
    },
    {
      "title": "图片",
      "path": "ridge-bootstrap/image",
      "id": "j558r68qsw",
      "style": {
        "position": "absolute",
        "visible": true,
        "x": 868,
        "y": 1330,
        "width": 120,
        "height": 36
      },
      "styleEx": {},
      "props": {
        "fitPosition": "left",
        "src": "composite:///back.svg",
        "classList": [],
        "objectFit": "object-fit-cover"
      },
      "propEx": {},
      "events": {},
      "visible": true,
      "locked": false,
      "full": false,
      "slots": []
    }
  ],
  "name": "register",
  "children": [
    "cdox8q2s4m"
  ],
  "events": {
    "success": [
      {
        "store": "Browser",
        "method": "openLink",
        "payload": "#/pages/login"
      }
    ],
    "register-success": [
      {
        "store": "Browser",
        "method": "openLink",
        "payload": "#/index"
      }
    ],
    "login-success": [
      {
        "store": "Browser",
        "method": "openLink",
        "payload": "#/index"
      }
    ]
  }
}