{
  "version": "1.2.0",
  "style": {
    "width": 1920,
    "height": 1818,
    "background": "",
    "classNames": [],
    "heightFix": false
  },
  "properties": {},
  "cssFiles": [],
  "jsFiles": [],
  "elements": [
    {
      "title": "弹性容器",
      "path": "ridge-container/flex",
      "id": "bbnmer4llt",
      "style": {
        "position": "absolute",
        "visible": true,
        "x": 369,
        "y": 86,
        "width": 359,
        "height": 239
      },
      "styleEx": {},
      "props": {
        "direction": "column",
        "justify": "flex-start",
        "alignItems": "center",
        "flexWrap": false,
        "fill": false,
        "children": [
          "9g5jkovfkc",
          "pbo2nydmkm",
          "0j8xhinukq"
        ],
        "gap": 8,
        "padding": 0,
        "classList": []
      },
      "propEx": {},
      "events": {},
      "visible": true,
      "locked": false,
      "full": true,
      "$id": "https://ridge-ui.com/schemas/element",
      "slots": []
    },
    {
      "title": "Header",
      "path": "ridge-container/composite",
      "id": "9g5jkovfkc",
      "style": {
        "position": "absolute",
        "visible": true,
        "x": -105,
        "y": 277,
        "width": 1440,
        "height": 60,
        "alignSelfStretch": true
      },
      "styleEx": {},
      "props": {
        "pagePath": "/components/Header",
        "packageName": "",
        "classList": []
      },
      "propEx": {},
      "events": {},
      "visible": true,
      "locked": false,
      "full": false,
      "$id": "https://ridge-ui.com/schemas/element",
      "slots": []
    },
    {
      "title": "弹性容器_1",
      "path": "ridge-container/flex",
      "id": "pbo2nydmkm",
      "style": {
        "position": "absolute",
        "visible": true,
        "x": 0,
        "y": 0,
        "width": 1200,
        "height": 2598,
        "autoSize": false,
        "autoHeight": false
      },
      "styleEx": {},
      "props": {
        "direction": "column",
        "justify": "flex-start",
        "alignItems": "flex-start",
        "flexWrap": false,
        "fill": false,
        "children": [
          "7mss01y491",
          "325k9z5uwe"
        ],
        "gap": 8,
        "padding": 0,
        "classList": []
      },
      "propEx": {},
      "events": {},
      "visible": true,
      "locked": false,
      "full": false,
      "$id": "https://ridge-ui.com/schemas/element",
      "slots": []
    },
    {
      "title": "app",
      "path": "ridge-container/composite",
      "id": "325k9z5uwe",
      "style": {
        "position": "absolute",
        "visible": true,
        "x": 0,
        "y": 0,
        "width": 1200,
        "height": 2539,
        "autoHeight": false
      },
      "styleEx": {},
      "props": {
        "type": "app",
        "pagePath": "/components/RepoApps",
        "packageName": "",
        "classList": []
      },
      "propEx": {},
      "events": {},
      "visible": true,
      "locked": false,
      "full": false,
      "$id": "https://ridge-ui.com/schemas/element",
      "slots": []
    },
    {
      "title": "Footer",
      "path": "ridge-container/composite",
      "id": "0j8xhinukq",
      "style": {
        "position": "absolute",
        "visible": true,
        "x": 239.9999670080238,
        "y": 1530.00009897593,
        "width": 1570,
        "height": 120
      },
      "styleEx": {},
      "props": {
        "pagePath": "/components/Footer",
        "packageName": "",
        "classList": []
      },
      "propEx": {},
      "events": {},
      "visible": true,
      "locked": false,
      "full": false,
      "$id": "https://ridge-ui.com/schemas/element",
      "slots": []
    },
    {
      "title": "弹性容器_3",
      "path": "ridge-container/flex",
      "id": "7mss01y491",
      "style": {
        "position": "absolute",
        "visible": true,
        "x": 0,
        "y": 0,
        "height": 51,
        "width": 1200
      },
      "styleEx": {},
      "props": {
        "direction": "row",
        "justify": "flex-start",
        "alignItems": "flex-start",
        "flexWrap": false,
        "fill": false,
        "children": [
          "39ytgenyy4"
        ],
        "gap": 8,
        "padding": 8,
        "classList": []
      },
      "propEx": {},
      "events": {},
      "visible": true,
      "locked": false,
      "full": false,
      "$id": "https://ridge-ui.com/schemas/element",
      "slots": []
    },
    {
      "title": "文本",
      "path": "ridge-bootstrap/typography",
      "id": "39ytgenyy4",
      "style": {
        "position": "absolute",
        "visible": true,
        "x": 0,
        "y": 0,
        "width": 421,
        "height": 36
      },
      "styleEx": {},
      "props": {
        "classList": [
          "ridge-bootstrap/fw-semibold",
          "ridge-bootstrap/text-dark-emphasis",
          "ridge-bootstrap/border-primary",
          "ridge-bootstrap/border-start",
          "ridge-bootstrap/ps-3",
          "ridge-bootstrap/border-4",
          "ridge-bootstrap/fs-5",
          "ridge-bootstrap/p-1"
        ],
        "text": "应用列表"
      },
      "propEx": {},
      "events": {},
      "visible": true,
      "locked": false,
      "full": false,
      "$id": "https://ridge-ui.com/schemas/element",
      "slots": []
    }
  ],
  "name": "repo",
  "children": [
    "bbnmer4llt"
  ]
}