{
  "version": "1.2.0",
  "style": {
    "width": 1920,
    "height": 1120,
    "background": "",
    "classNames": [],
    "heightFix": true
  },
  "properties": {},
  "cssFiles": [],
  "jsFiles": [
    "composite:///js/request.js"
  ],
  "elements": [
    {
      "title": "弹性容器_6",
      "path": "ridge-container/flex",
      "id": "69aoeyoduq",
      "style": {
        "position": "absolute",
        "visible": true,
        "x": 0,
        "y": 0,
        "width": 359,
        "height": 1120
      },
      "styleEx": {},
      "props": {
        "direction": "column",
        "justify": "flex-start",
        "alignItems": "center",
        "flexWrap": false,
        "fill": false,
        "children": [
          "ubo9ugohl0",
          "3vdlzq6xnu",
          "uyw2qbnp8y"
        ],
        "gap": 8,
        "padding": 0,
        "classList": []
      },
      "propEx": {},
      "events": {},
      "visible": true,
      "locked": false,
      "full": true,
      "$id": "https://ridge-ui.com/schemas/element",
      "slots": []
    },
    {
      "title": "Header",
      "path": "ridge-container/composite",
      "id": "ubo9ugohl0",
      "style": {
        "position": "absolute",
        "visible": true,
        "x": 29,
        "y": 65,
        "width": 1440,
        "height": 60,
        "alignSelfStretch": true
      },
      "styleEx": {},
      "props": {
        "pagePath": "/components/Header",
        "packageName": "",
        "classList": []
      },
      "propEx": {},
      "events": {},
      "visible": true,
      "locked": false,
      "full": false,
      "$id": "https://ridge-ui.com/schemas/element",
      "slots": []
    },
    {
      "title": "Footer",
      "path": "ridge-container/composite",
      "id": "uyw2qbnp8y",
      "style": {
        "position": "absolute",
        "visible": true,
        "x": 240,
        "y": 1173,
        "width": 1440,
        "height": 84,
        "alignSelfStretch": true
      },
      "styleEx": {},
      "props": {
        "pagePath": "/components/Footer",
        "packageName": "",
        "classList": []
      },
      "propEx": {},
      "events": {},
      "visible": true,
      "locked": false,
      "full": false,
      "$id": "https://ridge-ui.com/schemas/element",
      "slots": []
    },
    {
      "title": "切换容器",
      "path": "ridge-container/layers",
      "id": "ocqlnibd2d",
      "style": {
        "position": "absolute",
        "visible": true,
        "x": 261.5000107709099,
        "y": 1407.0000143612133,
        "width": 1397.0000323127297,
        "height": 613.0000394933363
      },
      "styleEx": {},
      "props": {
        "current": "step1",
        "preload": true,
        "classList": [
          "ridge-bootstrap/shadow-sm",
          "ridge-bootstrap/border-1",
          "ridge-bootstrap/border-primary-emphasis",
          "ridge-bootstrap/rounded-4"
        ],
        "children": []
      },
      "propEx": {
        "current": "RequestForm.state.currentStep"
      },
      "events": {},
      "visible": true,
      "locked": false,
      "full": false,
      "$id": "https://ridge-ui.com/schemas/element",
      "slots": []
    },
    {
      "title": "Contribute",
      "path": "ridge-container/composite",
      "id": "3vdlzq6xnu",
      "style": {
        "position": "absolute",
        "visible": true,
        "x": 0,
        "y": 0,
        "width": 1290,
        "height": 953
      },
      "styleEx": {},
      "props": {
        "pagePath": "/components/Contribute",
        "packageName": "",
        "classList": []
      },
      "propEx": {},
      "events": {},
      "visible": true,
      "locked": false,
      "full": false,
      "$id": "https://ridge-ui.com/schemas/element",
      "slots": []
    }
  ],
  "name": "request",
  "children": [
    "ocqlnibd2d",
    "69aoeyoduq"
  ]
}