{
  "version": "1.2.0",
  "style": {
    "width": 1920,
    "height": 1080,
    "background": "",
    "classNames": []
  },
  "properties": {},
  "cssFiles": [],
  "jsFiles": [
    "composite:///js/request-admin.js"
  ],
  "elements": [
    {
      "title": "文本",
      "path": "ridge-bootstrap/typography",
      "id": "ae7q7cpj3t",
      "style": {
        "position": "absolute",
        "visible": true,
        "x": 31,
        "y": 680,
        "width": 189,
        "height": 21
      },
      "styleEx": {},
      "props": {
        "text": "文本",
        "classList": []
      },
      "propEx": {
        "text": "RequestAdmin.state.currentName"
      },
      "events": {},
      "visible": true,
      "locked": false,
      "full": false,
      "$id": "https://ridge-ui.com/schemas/element",
      "slots": []
    },
    {
      "title": "表格_1",
      "path": "ridge-semi/table",
      "id": "qgclcx9k14",
      "style": {
        "position": "absolute",
        "visible": true,
        "x": 576,
        "y": 28,
        "width": 675,
        "height": 561
      },
      "styleEx": {},
      "props": {
        "dataSource": [
          {
            "name": "Semi Design 设计稿.fig",
            "size": "2M",
            "owner": "姜鹏志",
            "updateTime": "2020-02-02 05:13"
          },
          {
            "name": "Semi Design 分享演示文稿",
            "size": "2M",
            "owner": "郝宣",
            "updateTime": "2020-01-17 05:31"
          },
          {
            "name": "设计文档",
            "size": "34KB",
            "owner": "Zoey Edwards",
            "updateTime": "2020-01-26 11:01"
          }
        ],
        "columns": [
          {
            "label": "文件名",
            "value": "name"
          },
          {
            "label": "大小",
            "value": "size"
          },
          {
            "label": "作者",
            "value": "owner"
          },
          {
            "label": "更新时间",
            "value": "updateTime"
          }
        ],
        "size": "default",
        "rowKey": "name"
      },
      "propEx": {
        "dataSource": "RequestAdmin.state.reposList",
        "columns": "RequestAdmin.state.repoColumns",
        "rowKey": "RequestAdmin.state.rowKey"
      },
      "events": {},
      "visible": true,
      "locked": false,
      "full": false,
      "$id": "https://ridge-ui.com/schemas/element",
      "slots": []
    },
    {
      "title": "表格",
      "path": "ridge-semi/table",
      "id": "mke6jjkmr0",
      "style": {
        "position": "absolute",
        "visible": true,
        "x": 31,
        "y": 28,
        "width": 387,
        "height": 562
      },
      "styleEx": {},
      "props": {
        "dataSource": [
          {
            "name": "Semi Design 设计稿.fig",
            "size": "2M",
            "owner": "姜鹏志",
            "updateTime": "2020-02-02 05:13"
          },
          {
            "name": "Semi Design 分享演示文稿",
            "size": "2M",
            "owner": "郝宣",
            "updateTime": "2020-01-17 05:31"
          },
          {
            "name": "设计文档",
            "size": "34KB",
            "owner": "Zoey Edwards",
            "updateTime": "2020-01-26 11:01"
          }
        ],
        "columns": [
          {
            "label": "文件名",
            "value": "name"
          },
          {
            "label": "大小",
            "value": "size"
          },
          {
            "label": "作者",
            "value": "owner"
          },
          {
            "label": "更新时间",
            "value": "updateTime"
          }
        ],
        "size": "default"
      },
      "propEx": {
        "columns": "RequestAdmin.state.repoColumns",
        "dataSource": "RequestAdmin.state.requests",
        "rowKey": "RequestAdmin.state.rowKey"
      },
      "events": {
        "selectionChanged": [
          {
            "store": "RequestAdmin",
            "method": "onSelected",
            "payload": ""
          }
        ]
      },
      "visible": true,
      "locked": false,
      "full": false,
      "$id": "https://ridge-ui.com/schemas/element",
      "slots": []
    },
    {
      "title": "按钮",
      "path": "ridge-semi/button",
      "id": "j2lbw8rwvo",
      "style": {
        "position": "absolute",
        "visible": true,
        "x": 445,
        "y": 141,
        "width": 77,
        "height": 32
      },
      "styleEx": {},
      "props": {
        "text": "添加",
        "icon": "IconDoubleChevronRight",
        "size": "default",
        "theme": "light",
        "disabled": false,
        "iconSize": 18,
        "loading": false
      },
      "propEx": {},
      "events": {
        "onClick": [
          {
            "store": "RequestAdmin",
            "method": "approve",
            "payload": ""
          }
        ]
      },
      "visible": true,
      "locked": false,
      "full": false,
      "$id": "https://ridge-ui.com/schemas/element",
      "slots": []
    }
  ],
  "name": "requests",
  "children": [
    "ae7q7cpj3t",
    "qgclcx9k14",
    "mke6jjkmr0",
    "j2lbw8rwvo"
  ]
}