{
  "version": "1.2.0",
  "style": {
    "width": 1600,
    "height": 2200,
    "background": null,
    "classNames": [],
    "widthFix": false,
    "heightFix": false
  },
  "properties": {},
  "cssFiles": [],
  "jsFiles": [
    "composite:///js/index.store.js"
  ],
  "elements": [
    {
      "title": "Header",
      "path": "ridge-container/composite",
      "id": "hja7vym1tg",
      "style": {
        "position": "absolute",
        "visible": true,
        "x": 0,
        "y": 0,
        "width": 963,
        "height": 60,
        "alignSelfStretch": true
      },
      "styleEx": {},
      "props": {
        "pagePath": "/components/Header",
        "classList": []
      },
      "propEx": {},
      "events": {
        "darkChange": [
          {
            "store": "WebSiteIndex",
            "method": "toggleTheme",
            "payload": ""
          }
        ]
      },
      "visible": true,
      "locked": false,
      "full": false,
      "$id": "https://ridge-ui.com/schemas/element",
      "slots": []
    },
    {
      "title": "Splash",
      "path": "ridge-container/composite",
      "id": "m9w6ellgpn",
      "style": {
        "position": "absolute",
        "visible": true,
        "x": 0,
        "y": -5714,
        "width": 1200,
        "height": 537
      },
      "styleEx": {},
      "props": {
        "pagePath": "/components/Splash",
        "classList": [],
        "展示图": "light"
      },
      "propEx": {
        "展示图": "WebSiteIndex.state.theme"
      },
      "events": {},
      "visible": true,
      "locked": false,
      "full": false,
      "$id": "https://ridge-ui.com/schemas/element",
      "slots": []
    },
    {
      "title": "Footer",
      "path": "ridge-container/composite",
      "id": "mjkudnap6q",
      "style": {
        "position": "absolute",
        "visible": true,
        "x": 0,
        "y": 1471.0000797193884,
        "width": 1600.0000000000007,
        "height": 132
      },
      "styleEx": {},
      "props": {
        "pagePath": "/components/Footer",
        "classList": []
      },
      "propEx": {},
      "events": {},
      "visible": true,
      "locked": false,
      "full": false,
      "$id": "https://ridge-ui.com/schemas/element",
      "slots": []
    },
    {
      "title": "弹性容器",
      "path": "ridge-container/flex",
      "id": "5l4sainreq",
      "style": {
        "position": "absolute",
        "visible": true,
        "x": 101,
        "y": 52,
        "width": 360,
        "height": 240
      },
      "styleEx": {},
      "props": {
        "direction": "column",
        "justify": "flex-start",
        "alignItems": "stretch",
        "flexWrap": false,
        "children": [
          "hja7vym1tg",
          "3r0b38eqrg",
          "ry8ru31phr",
          "kw2rp4qe0w",
          "dhg9f9ghkk",
          "mjkudnap6q"
        ],
        "gap": 0,
        "padding": 0,
        "hoverable": false,
        "rectStyle": {},
        "classList": []
      },
      "propEx": {},
      "events": {},
      "visible": true,
      "locked": false,
      "full": true,
      "slots": []
    },
    {
      "title": "多层容器",
      "path": "ridge-container/stack",
      "id": "3r0b38eqrg",
      "style": {
        "position": "absolute",
        "visible": true,
        "x": 0,
        "y": 60.00000311403861,
        "width": 1600.0000000000007,
        "height": 825
      },
      "styleEx": {},
      "props": {
        "classList": [
          "ridge-bootstrap/border-1",
          "ridge-bootstrap/border-bottom",
          "ridge-bootstrap/bg-body",
          "ridge-bootstrap/border-body-tertiary"
        ],
        "children": [
          "nl8cc7qd1l",
          "xb5kjngyc7"
        ]
      },
      "propEx": {},
      "events": {},
      "visible": true,
      "locked": false,
      "full": false,
      "slots": []
    },
    {
      "title": "图片",
      "path": "ridge-bootstrap/image",
      "id": "nl8cc7qd1l",
      "style": {
        "position": "absolute",
        "visible": true,
        "x": 0,
        "y": 0,
        "width": 120,
        "height": 541
      },
      "styleEx": {},
      "props": {
        "fitPosition": "center",
        "classList": [],
        "objectFit": "object-fit-cover",
        "src": "composite:///back.svg"
      },
      "propEx": {},
      "events": {},
      "visible": true,
      "locked": false,
      "full": false,
      "slots": []
    },
    {
      "title": "弹性容器_2",
      "path": "ridge-container/flex",
      "id": "xb5kjngyc7",
      "style": {
        "position": "absolute",
        "visible": true,
        "x": 440,
        "y": 132,
        "width": 360,
        "height": 240
      },
      "styleEx": {},
      "props": {
        "direction": "column",
        "justify": "center",
        "alignItems": "center",
        "flexWrap": false,
        "children": [
          "m9w6ellgpn",
          "6joadp3t46"
        ],
        "gap": 8,
        "padding": 8,
        "hoverable": false,
        "rectStyle": {},
        "classList": []
      },
      "propEx": {},
      "events": {},
      "visible": true,
      "locked": false,
      "full": false,
      "slots": []
    },
    {
      "title": "弹性容器_3",
      "path": "ridge-container/flex",
      "id": "6joadp3t46",
      "style": {
        "position": "absolute",
        "visible": true,
        "x": 0,
        "y": 662,
        "width": 1188,
        "height": 238
      },
      "styleEx": {},
      "props": {
        "direction": "column",
        "justify": "flex-start",
        "alignItems": "flex-start",
        "flexWrap": false,
        "children": [
          "xuvf73ck3p",
          "6jplf9buey"
        ],
        "gap": 0,
        "padding": 8,
        "hoverable": false,
        "rectStyle": {},
        "classList": []
      },
      "propEx": {},
      "events": {},
      "visible": true,
      "locked": false,
      "full": false,
      "slots": []
    },
    {
      "title": "弹性容器_4",
      "path": "ridge-container/flex",
      "id": "xuvf73ck3p",
      "style": {
        "position": "absolute",
        "visible": true,
        "x": 0,
        "y": 0,
        "width": 1148,
        "height": 83
      },
      "styleEx": {},
      "props": {
        "direction": "row",
        "justify": "center",
        "alignItems": "center",
        "flexWrap": false,
        "children": [
          "g1pauqdnsr",
          "ns87ns72zy",
          "fc008ue0zz",
          "tkgvy8k5j6",
          "eu2lru84fx",
          "gp0iu47060",
          "3n81cmumu7"
        ],
        "gap": 0,
        "padding": 8,
        "hoverable": false,
        "rectStyle": {},
        "classList": []
      },
      "propEx": {},
      "events": {},
      "visible": true,
      "locked": false,
      "full": false,
      "slots": []
    },
    {
      "title": "矩形",
      "path": "ridge-bootstrap/div",
      "id": "ns87ns72zy",
      "style": {
        "position": "absolute",
        "visible": true,
        "x": 259,
        "y": 599,
        "width": 240,
        "height": 2
      },
      "styleEx": {},
      "props": {
        "color": "",
        "bgcolor": "#e6e8e8",
        "mask": "",
        "center": false,
        "effect": "",
        "classList": []
      },
      "propEx": {},
      "events": {},
      "visible": true,
      "locked": false,
      "full": false,
      "slots": []
    },
    {
      "title": "矩形",
      "path": "ridge-bootstrap/div",
      "id": "tkgvy8k5j6",
      "style": {
        "position": "absolute",
        "visible": true,
        "x": 259,
        "y": 599,
        "height": 2,
        "width": 230
      },
      "styleEx": {},
      "props": {
        "color": "",
        "bgcolor": "#e6e8e8",
        "mask": "",
        "center": false,
        "effect": "",
        "classList": []
      },
      "propEx": {},
      "events": {},
      "visible": true,
      "locked": false,
      "full": false,
      "slots": []
    },
    {
      "title": "矩形",
      "path": "ridge-bootstrap/div",
      "id": "gp0iu47060",
      "style": {
        "position": "absolute",
        "visible": true,
        "x": 259,
        "y": 599,
        "height": 2,
        "width": 240
      },
      "styleEx": {},
      "props": {
        "color": "",
        "bgcolor": "#e6e8e8",
        "mask": "",
        "center": false,
        "effect": "",
        "classList": []
      },
      "propEx": {},
      "events": {},
      "visible": true,
      "locked": false,
      "full": false,
      "slots": []
    },
    {
      "title": "弹性容器_5",
      "path": "ridge-container/flex",
      "id": "6jplf9buey",
      "style": {
        "position": "absolute",
        "visible": true,
        "x": 0,
        "y": 0,
        "width": 1161,
        "height": 157
      },
      "styleEx": {},
      "props": {
        "direction": "row",
        "justify": "flex-start",
        "alignItems": "flex-start",
        "flexWrap": false,
        "children": [
          "d80h5edhhq",
          "m6qserpey6",
          "wnulllyvfy",
          "ct9y38ej81"
        ],
        "gap": 8,
        "padding": 8,
        "hoverable": false,
        "rectStyle": {},
        "classList": []
      },
      "propEx": {},
      "events": {},
      "visible": true,
      "locked": false,
      "full": false,
      "slots": []
    },
    {
      "title": "弹性容器_6",
      "path": "ridge-container/flex",
      "id": "d80h5edhhq",
      "style": {
        "position": "absolute",
        "visible": true,
        "x": 0,
        "y": 0,
        "width": 375,
        "height": 141,
        "flex": "1"
      },
      "styleEx": {},
      "props": {
        "direction": "column",
        "justify": "flex-start",
        "alignItems": "center",
        "flexWrap": false,
        "children": [
          "70sswy0vex",
          "gc8fo26tlr"
        ],
        "gap": 8,
        "padding": 0,
        "hoverable": false,
        "rectStyle": {},
        "classList": []
      },
      "propEx": {},
      "events": {},
      "visible": true,
      "locked": false,
      "full": false,
      "slots": []
    },
    {
      "title": "弹性容器_6",
      "path": "ridge-container/flex",
      "id": "m6qserpey6",
      "style": {
        "position": "absolute",
        "visible": true,
        "x": 0,
        "y": 0,
        "width": 376,
        "height": 240,
        "flex": "1"
      },
      "styleEx": {},
      "props": {
        "direction": "column",
        "justify": "flex-start",
        "alignItems": "center",
        "flexWrap": false,
        "children": [
          "jjelyqd3pz",
          "qijjyqi4q0"
        ],
        "gap": 8,
        "padding": 0,
        "hoverable": false,
        "rectStyle": {},
        "classList": []
      },
      "propEx": {},
      "events": {},
      "visible": true,
      "locked": false,
      "full": false,
      "slots": []
    },
    {
      "title": "文本_1",
      "path": "ridge-bootstrap/typography",
      "id": "70sswy0vex",
      "style": {
        "position": "absolute",
        "visible": true,
        "x": 0,
        "y": 0,
        "width": 250,
        "height": 30
      },
      "styleEx": {},
      "props": {
        "color": "",
        "bgcolor": "",
        "fontSize": 24,
        "autoFontSize": false,
        "fontFamily": "",
        "ellipsis": false,
        "clamp": 1,
        "center": true,
        "effect": "",
        "classList": [
          "ridge-bootstrap/text-body-secondary"
        ],
        "text": "创建应用"
      },
      "propEx": {},
      "events": {},
      "visible": true,
      "locked": false,
      "full": false,
      "slots": []
    },
    {
      "title": "文本_2",
      "path": "ridge-bootstrap/typography",
      "id": "gc8fo26tlr",
      "style": {
        "position": "absolute",
        "visible": true,
        "x": 86,
        "y": 0,
        "width": 229,
        "height": 89
      },
      "styleEx": {},
      "props": {
        "color": "",
        "bgcolor": "",
        "fontSize": 16,
        "autoFontSize": false,
        "fontFamily": "",
        "ellipsis": false,
        "clamp": 1,
        "center": false,
        "effect": "",
        "classList": [
          "ridge-bootstrap/text-body-tertiary"
        ],
        "text": "从空白或者基于现有的应用模板创建应用。应用保存在页面存储中，可以预览和查看应用效果"
      },
      "propEx": {},
      "events": {},
      "visible": true,
      "locked": false,
      "full": false,
      "slots": []
    },
    {
      "title": "文本_1",
      "path": "ridge-bootstrap/typography",
      "id": "jjelyqd3pz",
      "style": {
        "position": "absolute",
        "visible": true,
        "x": -18,
        "y": 0,
        "width": 250,
        "height": 30
      },
      "styleEx": {},
      "props": {
        "color": "#bdc439",
        "bgcolor": "",
        "fontSize": 24,
        "autoFontSize": false,
        "fontFamily": "",
        "ellipsis": false,
        "clamp": 1,
        "center": true,
        "effect": "",
        "classList": [
          "ridge-bootstrap/text-body-secondary"
        ],
        "text": "云端保存"
      },
      "propEx": {},
      "events": {},
      "visible": true,
      "locked": false,
      "full": false,
      "slots": []
    },
    {
      "title": "文本_1",
      "path": "ridge-bootstrap/typography",
      "id": "qa2fkheem9",
      "style": {
        "position": "absolute",
        "visible": true,
        "x": 0,
        "y": 0,
        "width": 250,
        "height": 30
      },
      "styleEx": {},
      "props": {
        "color": "",
        "bgcolor": "",
        "fontSize": 24,
        "autoFontSize": false,
        "fontFamily": "",
        "ellipsis": false,
        "clamp": 1,
        "center": true,
        "effect": "",
        "classList": [],
        "text": "多端使用"
      },
      "propEx": {},
      "events": {},
      "visible": true,
      "locked": false,
      "full": false,
      "slots": []
    },
    {
      "title": "弹性容器_6",
      "path": "ridge-container/flex",
      "id": "wnulllyvfy",
      "style": {
        "position": "absolute",
        "visible": true,
        "x": 606.328140070409,
        "y": 859.5000090422453,
        "width": 280,
        "height": 141.00002712673611
      },
      "styleEx": {},
      "props": {
        "direction": "column",
        "justify": "flex-start",
        "alignItems": "flex-start",
        "flexWrap": false,
        "children": [
          "qa2fkheem9",
          "pvep9rn2z1"
        ],
        "gap": 8,
        "padding": 0,
        "hoverable": false,
        "rectStyle": {},
        "classList": []
      },
      "propEx": {},
      "events": {},
      "visible": true,
      "locked": false,
      "full": false,
      "slots": []
    },
    {
      "title": "文本_1",
      "path": "ridge-bootstrap/typography",
      "id": "h0gdcjznqw",
      "style": {
        "position": "absolute",
        "visible": true,
        "x": 0,
        "y": 0,
        "width": 250,
        "height": 30
      },
      "styleEx": {},
      "props": {
        "color": "",
        "bgcolor": "",
        "fontSize": 24,
        "autoFontSize": false,
        "fontFamily": "",
        "ellipsis": false,
        "clamp": 1,
        "center": true,
        "effect": "",
        "classList": [],
        "text": "发布和分享"
      },
      "propEx": {},
      "events": {},
      "visible": true,
      "locked": false,
      "full": false,
      "slots": []
    },
    {
      "title": "弹性容器_6",
      "path": "ridge-container/flex",
      "id": "ct9y38ej81",
      "style": {
        "position": "absolute",
        "visible": true,
        "x": 0,
        "y": 0,
        "width": 254,
        "height": 240,
        "flex": "1"
      },
      "styleEx": {},
      "props": {
        "direction": "column",
        "justify": "flex-start",
        "alignItems": "center",
        "flexWrap": false,
        "children": [
          "h0gdcjznqw",
          "jr5etuzffa"
        ],
        "gap": 8,
        "padding": 0,
        "hoverable": false,
        "rectStyle": {},
        "classList": []
      },
      "propEx": {},
      "events": {},
      "visible": true,
      "locked": false,
      "full": false,
      "slots": []
    },
    {
      "title": "文本_2",
      "path": "ridge-bootstrap/typography",
      "id": "qijjyqi4q0",
      "style": {
        "position": "absolute",
        "visible": true,
        "x": -387,
        "y": 0,
        "width": 226,
        "height": 92
      },
      "styleEx": {},
      "props": {
        "color": "",
        "bgcolor": "",
        "fontSize": 16,
        "autoFontSize": false,
        "fontFamily": "",
        "ellipsis": false,
        "clamp": 1,
        "center": false,
        "effect": "",
        "classList": [
          "ridge-bootstrap/text-body-tertiary"
        ],
        "text": "成为注册用户， 可以免费将应用保存到云端。 您在任何设备都可以打开和编辑应用"
      },
      "propEx": {},
      "events": {},
      "visible": true,
      "locked": false,
      "full": false,
      "slots": []
    },
    {
      "title": "文本_2",
      "path": "ridge-bootstrap/typography",
      "id": "pvep9rn2z1",
      "style": {
        "position": "absolute",
        "visible": true,
        "x": 0,
        "y": 0,
        "width": 273,
        "height": 92
      },
      "styleEx": {},
      "props": {
        "color": "",
        "bgcolor": "",
        "fontSize": 16,
        "autoFontSize": false,
        "fontFamily": "",
        "ellipsis": false,
        "clamp": 1,
        "center": false,
        "effect": "",
        "classList": [
          "ridge-bootstrap/text-body-tertiary"
        ],
        "text": "通过RidgeX PC版、移动版、在线网页查看或者使用您创作的应用。同时还可以将应用分享给他人使用"
      },
      "propEx": {},
      "events": {},
      "visible": true,
      "locked": false,
      "full": false,
      "slots": []
    },
    {
      "title": "文本_2",
      "path": "ridge-bootstrap/typography",
      "id": "jr5etuzffa",
      "style": {
        "position": "absolute",
        "visible": true,
        "x": 0,
        "y": 0,
        "width": 235,
        "height": 91
      },
      "styleEx": {},
      "props": {
        "color": "",
        "bgcolor": "",
        "fontSize": 16,
        "autoFontSize": false,
        "fontFamily": "",
        "ellipsis": false,
        "clamp": 1,
        "center": false,
        "effect": "",
        "classList": [
          "ridge-bootstrap/text-body-tertiary"
        ],
        "text": "将应用发布到应用商店，其他人可以通过搜索或者应用推荐的方式使用您的工作成果"
      },
      "propEx": {},
      "events": {},
      "visible": true,
      "locked": false,
      "full": false,
      "slots": []
    },
    {
      "title": "图片_1",
      "path": "ridge-bootstrap/image",
      "id": "g1pauqdnsr",
      "style": {
        "position": "absolute",
        "visible": true,
        "x": 237,
        "y": 654,
        "width": 48,
        "height": 48
      },
      "styleEx": {},
      "props": {
        "fitPosition": "left",
        "src": "composite:///image/icon/LogosComposeMultiplatform.svg",
        "classList": []
      },
      "propEx": {},
      "events": {},
      "visible": true,
      "locked": false,
      "full": false,
      "slots": []
    },
    {
      "title": "图片_2",
      "path": "ridge-bootstrap/image",
      "id": "fc008ue0zz",
      "style": {
        "position": "absolute",
        "visible": true,
        "x": 542,
        "y": 657,
        "width": 48,
        "height": 48
      },
      "styleEx": {},
      "props": {
        "fitPosition": "left",
        "src": "composite:///image/icon/LineMdCloudAltPrintTwotoneLoop.svg",
        "classList": []
      },
      "propEx": {},
      "events": {},
      "visible": true,
      "locked": false,
      "full": false,
      "slots": []
    },
    {
      "title": "图片_3",
      "path": "ridge-bootstrap/image",
      "id": "eu2lru84fx",
      "style": {
        "position": "absolute",
        "visible": true,
        "x": 846,
        "y": 659,
        "width": 48,
        "height": 48
      },
      "styleEx": {},
      "props": {
        "fitPosition": "left",
        "classList": [],
        "src": "composite:///image/icon/m-devices.svg"
      },
      "propEx": {},
      "events": {},
      "visible": true,
      "locked": false,
      "full": false,
      "slots": []
    },
    {
      "title": "图片_4",
      "path": "ridge-bootstrap/image",
      "id": "3n81cmumu7",
      "style": {
        "position": "absolute",
        "visible": true,
        "x": 1161,
        "y": 646,
        "width": 48,
        "height": 48
      },
      "styleEx": {},
      "props": {
        "fitPosition": "left",
        "src": "composite:///image/icon/Market.svg",
        "classList": []
      },
      "propEx": {},
      "events": {},
      "visible": true,
      "locked": false,
      "full": false,
      "slots": []
    },
    {
      "title": "弹性容器_7",
      "path": "ridge-container/flex",
      "id": "kw2rp4qe0w",
      "style": {
        "position": "absolute",
        "visible": true,
        "x": 0,
        "y": 0,
        "width": 1600.0000000000007,
        "height": 517
      },
      "styleEx": {},
      "props": {
        "direction": "row",
        "justify": "center",
        "alignItems": "center",
        "flexWrap": false,
        "children": [
          "8ren2rlix4",
          "jfobyka8g2",
          "c49wbqh8rm"
        ],
        "gap": 18,
        "padding": 8,
        "hoverable": false,
        "rectStyle": {},
        "classList": [
          "ridge-bootstrap/bg-body"
        ]
      },
      "propEx": {},
      "events": {},
      "visible": true,
      "locked": false,
      "full": false,
      "slots": []
    },
    {
      "title": "AppBox",
      "path": "ridge-container/composite",
      "id": "8ren2rlix4",
      "style": {
        "position": "absolute",
        "visible": true,
        "x": 0,
        "y": 0,
        "width": 350,
        "height": 300
      },
      "styleEx": {},
      "props": {
        "app": "ridge-calculator",
        "pagePath": "/components/AppBox",
        "packageName": "",
        "classList": []
      },
      "propEx": {},
      "events": {
        "openMobilePreview": [
          {
            "store": "WebSiteIndex",
            "method": "openMobilePreview",
            "payload": ""
          }
        ],
        "openTabletPreview": [
          {
            "store": "WebSiteIndex",
            "method": "openTabletPreview",
            "payload": ""
          }
        ]
      },
      "visible": true,
      "locked": false,
      "full": false,
      "slots": []
    },
    {
      "title": "AppBox",
      "path": "ridge-container/composite",
      "id": "jfobyka8g2",
      "style": {
        "position": "absolute",
        "visible": true,
        "x": 0,
        "y": 0,
        "width": 350,
        "height": 300
      },
      "styleEx": {},
      "props": {
        "app": "ridge-app-weather",
        "pagePath": "/components/AppBox",
        "packageName": "",
        "classList": []
      },
      "propEx": {},
      "events": {
        "openMobilePreview": [
          {
            "store": "WebSiteIndex",
            "method": "openMobilePreview",
            "payload": ""
          }
        ],
        "openTabletPreview": [
          {
            "store": "WebSiteIndex",
            "method": "openTabletPreview",
            "payload": ""
          }
        ]
      },
      "visible": true,
      "locked": false,
      "full": false,
      "slots": []
    },
    {
      "title": "AppBox",
      "path": "ridge-container/composite",
      "id": "c49wbqh8rm",
      "style": {
        "position": "absolute",
        "visible": true,
        "x": 0,
        "y": 0,
        "width": 350,
        "height": 300
      },
      "styleEx": {},
      "props": {
        "app": "ridge-simple-notes",
        "pagePath": "/components/AppBox",
        "packageName": "",
        "classList": []
      },
      "propEx": {},
      "events": {
        "openMobilePreview": [
          {
            "store": "WebSiteIndex",
            "method": "openMobilePreview",
            "payload": ""
          }
        ],
        "openTabletPreview": [
          {
            "store": "WebSiteIndex",
            "method": "openTabletPreview",
            "payload": ""
          }
        ]
      },
      "visible": true,
      "locked": false,
      "full": false,
      "slots": []
    },
    {
      "title": "对话框",
      "path": "ridge-bootstrap/modal",
      "id": "xoinfj3n84",
      "style": {
        "position": "absolute",
        "visible": true,
        "x": 1674,
        "y": 286,
        "width": 418,
        "height": 814,
        "portalled": true
      },
      "styleEx": {},
      "props": {
        "value": false,
        "children": [
          "01lu8vzchz"
        ],
        "showHeader": true,
        "showFooter": false,
        "title": "移动端预览"
      },
      "propEx": {
        "value": "WebSiteIndex.state.mobilePreviewVisible"
      },
      "events": {},
      "visible": true,
      "locked": false,
      "full": false,
      "slots": []
    },
    {
      "title": "子页面",
      "path": "ridge-container/composite",
      "id": "01lu8vzchz",
      "style": {
        "position": "absolute",
        "visible": true,
        "x": 1686,
        "y": 1108,
        "width": 520,
        "height": 400
      },
      "styleEx": {},
      "props": {
        "packageName": "",
        "pagePath": "",
        "classList": []
      },
      "propEx": {
        "packageName": "WebSiteIndex.state.mobilePreviewApp",
        "pagePath": "WebSiteIndex.state.mobilePreviewPage"
      },
      "events": {},
      "visible": true,
      "locked": false,
      "full": false,
      "slots": []
    },
    {
      "title": "对话框_1",
      "path": "ridge-bootstrap/modal",
      "id": "wm0aov6vha",
      "style": {
        "position": "absolute",
        "visible": true,
        "x": 2139,
        "y": 291,
        "width": 960,
        "height": 600,
        "portalled": true
      },
      "styleEx": {},
      "props": {
        "value": false,
        "children": [
          "jfk3c3mso9"
        ],
        "showHeader": true,
        "showFooter": false,
        "title": "平板设备预览"
      },
      "propEx": {
        "value": "WebSiteIndex.state.tabletPreviewVisible"
      },
      "events": {},
      "visible": true,
      "locked": false,
      "full": false,
      "slots": []
    },
    {
      "title": "子页面_1",
      "path": "ridge-container/composite",
      "id": "jfk3c3mso9",
      "style": {
        "position": "absolute",
        "visible": true,
        "x": 2193,
        "y": 321,
        "width": 520,
        "height": 400
      },
      "styleEx": {},
      "props": {
        "packageName": "",
        "pagePath": "",
        "classList": []
      },
      "propEx": {
        "packageName": "WebSiteIndex.state.tabletPreviewApp",
        "pagePath": "WebSiteIndex.state.tabletPreviewPage"
      },
      "events": {},
      "visible": true,
      "locked": false,
      "full": false,
      "slots": []
    },
    {
      "title": "弹性容器_8",
      "path": "ridge-container/flex",
      "id": "ry8ru31phr",
      "style": {
        "position": "absolute",
        "visible": true,
        "x": 0,
        "y": 0,
        "width": 1600.0000000000007,
        "height": 232
      },
      "styleEx": {},
      "props": {
        "direction": "row",
        "justify": "center",
        "alignItems": "center",
        "flexWrap": false,
        "children": [
          "tnmjsyvgt6"
        ],
        "gap": 8,
        "padding": 8,
        "hoverable": false,
        "rectStyle": {},
        "classList": [
          "ridge-bootstrap/bg-info-subtle"
        ]
      },
      "propEx": {},
      "events": {},
      "visible": true,
      "locked": false,
      "full": false,
      "slots": []
    },
    {
      "title": "文本",
      "path": "ridge-bootstrap/typography",
      "id": "tnmjsyvgt6",
      "style": {
        "position": "absolute",
        "visible": true,
        "x": 9045,
        "y": 753,
        "width": 351,
        "height": 32
      },
      "styleEx": {},
      "props": {
        "text": "可以制作什么样的应用",
        "color": "",
        "bgcolor": "",
        "fontSize": 24,
        "autoFontSize": false,
        "fontFamily": "",
        "ellipsis": false,
        "clamp": 1,
        "center": true,
        "effect": "",
        "classList": []
      },
      "propEx": {},
      "events": {},
      "visible": true,
      "locked": false,
      "full": false,
      "slots": []
    },
    {
      "title": "弹性容器_1",
      "path": "ridge-container/flex",
      "id": "dhg9f9ghkk",
      "style": {
        "position": "absolute",
        "visible": true,
        "x": 0,
        "y": 0,
        "width": 360,
        "height": 483,
        "alignSelfStretch": true
      },
      "styleEx": {},
      "props": {
        "direction": "row",
        "justify": "center",
        "alignItems": "center",
        "flexWrap": false,
        "children": [
          "lw8rxmfru2"
        ],
        "gap": 8,
        "padding": 8,
        "hoverable": false,
        "rectStyle": {},
        "classList": [
          "ridge-bootstrap/bg-body-tertiary"
        ]
      },
      "propEx": {},
      "events": {},
      "visible": true,
      "locked": false,
      "full": false,
      "slots": []
    },
    {
      "title": "弹性容器_9",
      "path": "ridge-container/flex",
      "id": "lw8rxmfru2",
      "style": {
        "position": "absolute",
        "visible": true,
        "x": 0,
        "y": -3979,
        "width": 1200,
        "height": 408
      },
      "styleEx": {},
      "props": {
        "direction": "row",
        "justify": "space-evenly",
        "alignItems": "center",
        "flexWrap": true,
        "children": [
          "or1y8xrqi1",
          "0nibs2efxp",
          "3cf935ka59",
          "r43qvcjbw5"
        ],
        "gap": 20,
        "padding": 8,
        "hoverable": false,
        "rectStyle": {},
        "classList": []
      },
      "propEx": {},
      "events": {},
      "visible": true,
      "locked": false,
      "full": false,
      "slots": []
    },
    {
      "title": "弹性容器_10",
      "path": "ridge-container/flex",
      "id": "or1y8xrqi1",
      "style": {
        "position": "absolute",
        "visible": true,
        "x": 0,
        "y": -682,
        "width": 250,
        "height": 335
      },
      "styleEx": {},
      "props": {
        "direction": "column",
        "justify": "flex-start",
        "alignItems": "stretch",
        "flexWrap": false,
        "children": [
          "cyv3xyeksg",
          "sq1pj8ac6c"
        ],
        "gap": 0,
        "padding": 0,
        "hoverable": false,
        "rectStyle": {},
        "classList": [
          "ridge-bootstrap/border-2",
          "ridge-bootstrap/border",
          "ridge-bootstrap/rounded-4",
          "ridge-bootstrap/bg-info-subtle",
          "ridge-bootstrap/border-info"
        ]
      },
      "propEx": {},
      "events": {},
      "visible": true,
      "locked": false,
      "full": false,
      "slots": []
    },
    {
      "title": "图片_5",
      "path": "ridge-bootstrap/image",
      "id": "cyv3xyeksg",
      "style": {
        "position": "absolute",
        "visible": true,
        "x": 0,
        "y": 0,
        "width": 244,
        "height": 199
      },
      "styleEx": {},
      "props": {
        "fitPosition": "center",
        "classList": [],
        "src": "composite:///image/ArcticonsMarkor.svg",
        "objectFit": "object-fit-none"
      },
      "propEx": {},
      "events": {},
      "visible": true,
      "locked": false,
      "full": false,
      "slots": []
    },
    {
      "title": "弹性容器_12",
      "path": "ridge-container/flex",
      "id": "sq1pj8ac6c",
      "style": {
        "position": "absolute",
        "visible": true,
        "x": 0,
        "y": -232,
        "width": 360,
        "height": 120
      },
      "styleEx": {},
      "props": {
        "direction": "column",
        "justify": "flex-start",
        "alignItems": "flex-start",
        "flexWrap": false,
        "children": [
          "3cw9d3g07l",
          "f6fhvnafvp"
        ],
        "gap": 8,
        "padding": 8,
        "hoverable": false,
        "rectStyle": {},
        "classList": [
          "ridge-bootstrap/bg-body"
        ]
      },
      "propEx": {},
      "events": {},
      "visible": true,
      "locked": false,
      "full": false,
      "slots": []
    },
    {
      "title": "文本_3",
      "path": "ridge-bootstrap/typography",
      "id": "3cw9d3g07l",
      "style": {
        "position": "absolute",
        "visible": true,
        "x": 0,
        "y": 0,
        "width": 260,
        "height": 35
      },
      "styleEx": {},
      "props": {
        "color": "",
        "bgcolor": "",
        "fontSize": 20,
        "autoFontSize": false,
        "fontFamily": "",
        "ellipsis": true,
        "clamp": 1,
        "center": false,
        "effect": "",
        "classList": [
          "ridge-bootstrap/text-body-emphasis",
          "ridge-bootstrap/fw-semibold",
          "ridge-bootstrap/fs-5"
        ],
        "text": "强大的页面编辑工具"
      },
      "propEx": {},
      "events": {},
      "visible": true,
      "locked": false,
      "full": false,
      "slots": []
    },
    {
      "title": "文本_4",
      "path": "ridge-bootstrap/typography",
      "id": "f6fhvnafvp",
      "style": {
        "position": "absolute",
        "visible": true,
        "x": 0,
        "y": 0,
        "width": 260,
        "height": 45
      },
      "styleEx": {},
      "props": {
        "text": "RidgeUI 提供专业页面编辑工具，支持页面元素自由变换与精准调整，零编程基础也能轻松掌握。",
        "color": "",
        "bgcolor": "",
        "fontSize": 14,
        "autoFontSize": false,
        "fontFamily": "",
        "ellipsis": false,
        "clamp": 1,
        "center": false,
        "effect": "",
        "classList": [
          "ridge-bootstrap/text-body-secondary"
        ]
      },
      "propEx": {},
      "events": {},
      "visible": true,
      "locked": false,
      "full": false,
      "slots": []
    },
    {
      "title": "图片_5",
      "path": "ridge-bootstrap/image",
      "id": "55rfeqz2re",
      "style": {
        "position": "absolute",
        "visible": true,
        "x": 0,
        "y": 0,
        "width": 120,
        "height": 200
      },
      "styleEx": {},
      "props": {
        "fitPosition": "center",
        "classList": [
          "ridge-bootstrap/rounded-top-4"
        ],
        "objectFit": "object-fit-none",
        "src": "composite:///image/FolderDocuments.svg"
      },
      "propEx": {},
      "events": {},
      "visible": true,
      "locked": false,
      "full": false,
      "slots": []
    },
    {
      "title": "文本_3",
      "path": "ridge-bootstrap/typography",
      "id": "1b0k6scg39",
      "style": {
        "position": "absolute",
        "visible": true,
        "x": 0,
        "y": 0,
        "width": 260,
        "height": 35
      },
      "styleEx": {},
      "props": {
        "color": "",
        "bgcolor": "",
        "fontSize": 20,
        "autoFontSize": false,
        "fontFamily": "",
        "ellipsis": true,
        "clamp": 1,
        "center": false,
        "effect": "",
        "classList": [
          "ridge-bootstrap/fw-semibold"
        ],
        "text": "本地化应用资源管理"
      },
      "propEx": {},
      "events": {},
      "visible": true,
      "locked": false,
      "full": false,
      "slots": []
    },
    {
      "title": "文本_4",
      "path": "ridge-bootstrap/typography",
      "id": "m5zpur2bq4",
      "style": {
        "position": "absolute",
        "visible": true,
        "x": 0,
        "y": 0,
        "width": 260,
        "height": 69
      },
      "styleEx": {},
      "props": {
        "text": "应用资源最终输出为文件目录，开发期间保存在浏览器存储中，可以导入/导出整个应用",
        "color": "",
        "bgcolor": "",
        "fontSize": 14,
        "autoFontSize": false,
        "fontFamily": "",
        "ellipsis": false,
        "clamp": 1,
        "center": false,
        "effect": "",
        "classList": []
      },
      "propEx": {},
      "events": {},
      "visible": true,
      "locked": false,
      "full": false,
      "slots": []
    },
    {
      "title": "弹性容器_12",
      "path": "ridge-container/flex",
      "id": "cpunijr1qj",
      "style": {
        "position": "absolute",
        "visible": true,
        "x": 0,
        "y": 213,
        "width": 357,
        "height": 119
      },
      "styleEx": {},
      "props": {
        "direction": "column",
        "justify": "flex-start",
        "alignItems": "flex-start",
        "flexWrap": false,
        "children": [
          "1b0k6scg39",
          "m5zpur2bq4"
        ],
        "gap": 8,
        "padding": 8,
        "hoverable": false,
        "rectStyle": {},
        "classList": [
          "ridge-bootstrap/bg-body"
        ]
      },
      "propEx": {},
      "events": {},
      "visible": true,
      "locked": false,
      "full": false,
      "slots": []
    },
    {
      "title": "弹性容器_10",
      "path": "ridge-container/flex",
      "id": "0nibs2efxp",
      "style": {
        "position": "absolute",
        "visible": true,
        "x": 0,
        "y": -332,
        "width": 250,
        "height": 339
      },
      "styleEx": {},
      "props": {
        "direction": "column",
        "justify": "flex-start",
        "alignItems": "stretch",
        "flexWrap": false,
        "children": [
          "55rfeqz2re",
          "cpunijr1qj"
        ],
        "gap": 0,
        "padding": 0,
        "hoverable": false,
        "rectStyle": {},
        "classList": [
          "ridge-bootstrap/border-2",
          "ridge-bootstrap/border",
          "ridge-bootstrap/rounded-4",
          "ridge-bootstrap/border-success",
          "ridge-bootstrap/bg-success-subtle"
        ]
      },
      "propEx": {},
      "events": {},
      "visible": true,
      "locked": false,
      "full": false,
      "slots": []
    },
    {
      "title": "图片_5",
      "path": "ridge-bootstrap/image",
      "id": "h5ceu46zn1",
      "style": {
        "position": "absolute",
        "visible": true,
        "x": 0,
        "y": 0,
        "width": 120,
        "height": 200
      },
      "styleEx": {},
      "props": {
        "fitPosition": "center",
        "classList": [
          "ridge-bootstrap/rounded-top-4"
        ],
        "objectFit": "object-fit-none",
        "src": "composite:///image/ArcticonsAdobeConnect.svg"
      },
      "propEx": {},
      "events": {},
      "visible": true,
      "locked": false,
      "full": false,
      "slots": []
    },
    {
      "title": "文本_3",
      "path": "ridge-bootstrap/typography",
      "id": "qoelghw2ig",
      "style": {
        "position": "absolute",
        "visible": true,
        "x": 0,
        "y": 0,
        "width": 230,
        "height": 35
      },
      "styleEx": {},
      "props": {
        "color": "",
        "bgcolor": "",
        "fontSize": 20,
        "autoFontSize": false,
        "fontFamily": "",
        "ellipsis": true,
        "clamp": 1,
        "center": false,
        "effect": "",
        "classList": [
          "ridge-bootstrap/fw-semibold"
        ],
        "text": "逻辑和呈现分离"
      },
      "propEx": {},
      "events": {},
      "visible": true,
      "locked": false,
      "full": false,
      "slots": []
    },
    {
      "title": "文本_4",
      "path": "ridge-bootstrap/typography",
      "id": "bnpz7hc43y",
      "style": {
        "position": "absolute",
        "visible": true,
        "x": 0,
        "y": 0,
        "width": 260,
        "height": 69
      },
      "styleEx": {},
      "props": {
        "text": "同时具备完善的",
        "color": "",
        "bgcolor": "",
        "fontSize": 14,
        "autoFontSize": false,
        "fontFamily": "",
        "ellipsis": false,
        "clamp": 1,
        "center": false,
        "effect": "",
        "classList": []
      },
      "propEx": {},
      "events": {},
      "visible": true,
      "locked": false,
      "full": false,
      "slots": []
    },
    {
      "title": "弹性容器_12",
      "path": "ridge-container/flex",
      "id": "6kcff0o88a",
      "style": {
        "position": "absolute",
        "visible": true,
        "x": 0,
        "y": 31,
        "width": 357,
        "height": 120
      },
      "styleEx": {},
      "props": {
        "direction": "column",
        "justify": "flex-start",
        "alignItems": "flex-start",
        "flexWrap": false,
        "children": [
          "qoelghw2ig",
          "bnpz7hc43y"
        ],
        "gap": 8,
        "padding": 8,
        "hoverable": false,
        "rectStyle": {},
        "classList": [
          "ridge-bootstrap/bg-body"
        ]
      },
      "propEx": {},
      "events": {},
      "visible": true,
      "locked": false,
      "full": false,
      "slots": []
    },
    {
      "title": "弹性容器_10",
      "path": "ridge-container/flex",
      "id": "3cf935ka59",
      "style": {
        "position": "absolute",
        "visible": true,
        "x": 0,
        "y": -298,
        "width": 250,
        "height": 343
      },
      "styleEx": {},
      "props": {
        "direction": "column",
        "justify": "flex-start",
        "alignItems": "stretch",
        "flexWrap": false,
        "children": [
          "h5ceu46zn1",
          "6kcff0o88a"
        ],
        "gap": 0,
        "padding": 0,
        "hoverable": false,
        "rectStyle": {},
        "classList": [
          "ridge-bootstrap/border-2",
          "ridge-bootstrap/border",
          "ridge-bootstrap/rounded-4",
          "ridge-bootstrap/bg-danger-subtle",
          "ridge-bootstrap/border-danger"
        ]
      },
      "propEx": {},
      "events": {},
      "visible": true,
      "locked": false,
      "full": false,
      "slots": []
    },
    {
      "title": "图片_5",
      "path": "ridge-bootstrap/image",
      "id": "7h2qn4655v",
      "style": {
        "position": "absolute",
        "visible": true,
        "x": 0,
        "y": 0,
        "width": 120,
        "height": 200
      },
      "styleEx": {},
      "props": {
        "fitPosition": "center",
        "classList": [
          "ridge-bootstrap/rounded-top-4"
        ],
        "objectFit": "object-fit-none",
        "src": "composite:///image/ArcticonsWidgetsAndThemes.svg"
      },
      "propEx": {},
      "events": {},
      "visible": true,
      "locked": false,
      "full": false,
      "slots": []
    },
    {
      "title": "文本_3",
      "path": "ridge-bootstrap/typography",
      "id": "4t445thjhs",
      "style": {
        "position": "absolute",
        "visible": true,
        "x": 0,
        "y": 0,
        "width": 260,
        "height": 35
      },
      "styleEx": {},
      "props": {
        "color": "",
        "bgcolor": "",
        "fontSize": 20,
        "autoFontSize": false,
        "fontFamily": "",
        "ellipsis": true,
        "clamp": 1,
        "center": false,
        "effect": "",
        "classList": [
          "ridge-bootstrap/fw-semibold"
        ],
        "text": "丰富的前端组件"
      },
      "propEx": {},
      "events": {},
      "visible": true,
      "locked": false,
      "full": false,
      "slots": []
    },
    {
      "title": "文本_4",
      "path": "ridge-bootstrap/typography",
      "id": "1biitbyfli",
      "style": {
        "position": "absolute",
        "visible": true,
        "x": 0,
        "y": 0,
        "width": 260,
        "height": 69
      },
      "styleEx": {},
      "props": {
        "color": "",
        "bgcolor": "",
        "fontSize": 14,
        "autoFontSize": false,
        "fontFamily": "",
        "ellipsis": false,
        "clamp": 1,
        "center": false,
        "effect": "",
        "classList": [],
        "text": "开放的组件标准接入各种组件，平台内置提供bootstrap、semi、antd、mui前端组件库"
      },
      "propEx": {},
      "events": {},
      "visible": true,
      "locked": false,
      "full": false,
      "slots": []
    },
    {
      "title": "弹性容器_12",
      "path": "ridge-container/flex",
      "id": "ozzjorr87v",
      "style": {
        "position": "absolute",
        "visible": true,
        "x": 0,
        "y": 31,
        "width": 357,
        "height": 120
      },
      "styleEx": {},
      "props": {
        "direction": "column",
        "justify": "flex-start",
        "alignItems": "flex-start",
        "flexWrap": false,
        "children": [
          "4t445thjhs",
          "1biitbyfli"
        ],
        "gap": 8,
        "padding": 8,
        "hoverable": false,
        "rectStyle": {},
        "classList": [
          "ridge-bootstrap/bg-body"
        ]
      },
      "propEx": {},
      "events": {},
      "visible": true,
      "locked": false,
      "full": false,
      "slots": []
    },
    {
      "title": "弹性容器_10",
      "path": "ridge-container/flex",
      "id": "r43qvcjbw5",
      "style": {
        "position": "absolute",
        "visible": true,
        "x": 0,
        "y": -468,
        "width": 250,
        "height": 343
      },
      "styleEx": {},
      "props": {
        "direction": "column",
        "justify": "flex-start",
        "alignItems": "stretch",
        "flexWrap": false,
        "children": [
          "7h2qn4655v",
          "ozzjorr87v"
        ],
        "gap": 0,
        "padding": 0,
        "hoverable": false,
        "rectStyle": {},
        "classList": [
          "ridge-bootstrap/border-2",
          "ridge-bootstrap/border",
          "ridge-bootstrap/rounded-4",
          "ridge-bootstrap/bg-warning-subtle",
          "ridge-bootstrap/border-warning"
        ]
      },
      "propEx": {},
      "events": {},
      "visible": true,
      "locked": false,
      "full": false,
      "slots": []
    }
  ],
  "name": "index",
  "children": [
    "5l4sainreq",
    "xoinfj3n84",
    "wm0aov6vha"
  ]
}