{
  "version": "1.4.0",
  "style": {
    "width": 400,
    "height": 300,
    "classNames": []
  },
  "properties": {
    "app": "ridge-calculator"
  },
  "cssFiles": [],
  "jsFiles": [
    "composite:///js/app-box.js"
  ],
  "elements": [
    {
      "title": "弹性容器",
      "path": "ridge-container/flex",
      "id": "qfxixbv7xd",
      "style": {
        "position": "absolute",
        "visible": true,
        "x": 104,
        "y": 50,
        "width": 360,
        "height": 240
      },
      "styleEx": {},
      "props": {
        "direction": "column",
        "justify": "flex-start",
        "alignItems": "stretch",
        "flexWrap": false,
        "children": [
          "3u0vq42stx",
          "zni0f78nby"
        ],
        "gap": 0,
        "padding": 0,
        "hoverable": false,
        "rectStyle": {},
        "classList": [
          "ridge-bootstrap/bg-body",
          "ridge-bootstrap/border-1",
          "ridge-bootstrap/border",
          "ridge-bootstrap/border-body-tertiary"
        ]
      },
      "propEx": {},
      "events": {},
      "visible": true,
      "locked": false,
      "full": true,
      "slots": []
    },
    {
      "title": "图片",
      "path": "ridge-bootstrap/image",
      "id": "3u0vq42stx",
      "style": {
        "position": "absolute",
        "visible": true,
        "x": 0,
        "y": 0,
        "width": 120,
        "height": 214,
        "flex": "1"
      },
      "styleEx": {},
      "props": {
        "fitPosition": "left",
        "src": "",
        "classList": [],
        "objectFit": "object-fit-cover"
      },
      "propEx": {
        "src": "AppBox.state.cover"
      },
      "events": {},
      "visible": true,
      "locked": false,
      "full": false,
      "slots": []
    },
    {
      "title": "弹性容器_1",
      "path": "ridge-container/flex",
      "id": "zni0f78nby",
      "style": {
        "position": "absolute",
        "visible": true,
        "x": 0,
        "y": 15,
        "width": 360,
        "height": 70
      },
      "styleEx": {},
      "props": {
        "direction": "row",
        "justify": "flex-start",
        "alignItems": "center",
        "flexWrap": false,
        "children": [
          "o03myj832t",
          "d98x4xuczy"
        ],
        "gap": 28,
        "hoverable": false,
        "rectStyle": {},
        "classList": [
          "ridge-bootstrap/border-1",
          "ridge-bootstrap/border-top",
          "ridge-bootstrap/border-body-tertiary"
        ],
        "padding": 0
      },
      "propEx": {},
      "events": {},
      "visible": true,
      "locked": false,
      "full": false,
      "slots": []
    },
    {
      "title": "图片_1",
      "path": "ridge-bootstrap/image",
      "id": "o03myj832t",
      "style": {
        "position": "absolute",
        "visible": true,
        "x": 0,
        "y": 26,
        "width": 42,
        "height": 42
      },
      "styleEx": {},
      "props": {
        "fitPosition": "left",
        "src": "",
        "classList": [
          "ridge-bootstrap/ms-3"
        ]
      },
      "propEx": {
        "src": "AppBox.state.icon"
      },
      "events": {},
      "visible": true,
      "locked": false,
      "full": false,
      "slots": []
    },
    {
      "title": "弹性容器_2",
      "path": "ridge-container/flex",
      "id": "d98x4xuczy",
      "style": {
        "position": "absolute",
        "visible": true,
        "x": 0,
        "y": 0,
        "width": 326,
        "height": 85,
        "flex": "1",
        "alignSelfStretch": true
      },
      "styleEx": {},
      "props": {
        "direction": "column",
        "justify": "flex-start",
        "alignItems": "flex-start",
        "flexWrap": false,
        "children": [
          "pdueqlofmq",
          "9bowe3y5qc"
        ],
        "gap": 0,
        "padding": 8,
        "hoverable": false,
        "rectStyle": {},
        "classList": []
      },
      "propEx": {},
      "events": {},
      "visible": true,
      "locked": false,
      "full": false,
      "slots": []
    },
    {
      "title": "文本",
      "path": "ridge-bootstrap/typography",
      "id": "pdueqlofmq",
      "style": {
        "position": "absolute",
        "visible": true,
        "x": 0,
        "y": 0,
        "width": 302,
        "height": 27
      },
      "styleEx": {},
      "props": {
        "text": "文本",
        "color": "",
        "bgcolor": "",
        "fontSize": 16,
        "autoFontSize": false,
        "fontFamily": "",
        "ellipsis": true,
        "clamp": 1,
        "center": false,
        "effect": "",
        "classList": []
      },
      "propEx": {
        "text": "AppBox.state.name"
      },
      "events": {},
      "visible": true,
      "locked": false,
      "full": false,
      "slots": []
    },
    {
      "title": "弹性容器_3",
      "path": "ridge-container/flex",
      "id": "9bowe3y5qc",
      "style": {
        "position": "absolute",
        "visible": true,
        "x": 0,
        "y": 0,
        "width": 310,
        "height": 32
      },
      "styleEx": {},
      "props": {
        "direction": "row",
        "justify": "flex-end",
        "alignItems": "flex-start",
        "flexWrap": false,
        "children": [
          "3ddg3dqosn",
          "mgpmxpl5q5",
          "o7hwl3rlcb"
        ],
        "gap": 8,
        "padding": 0,
        "hoverable": false,
        "rectStyle": {},
        "classList": []
      },
      "propEx": {},
      "events": {},
      "visible": true,
      "locked": false,
      "full": false,
      "slots": []
    },
    {
      "title": "按钮",
      "path": "ridge-bootstrap/button",
      "id": "3ddg3dqosn",
      "style": {
        "position": "absolute",
        "visible": true,
        "x": -14,
        "y": 0,
        "width": 35,
        "height": 30
      },
      "styleEx": {
        "visible": "AppBox.state.desktopPage"
      },
      "props": {
        "type": "link",
        "src": "",
        "icon": "laptop",
        "size": "sm",
        "fontSize": 14,
        "style": "light",
        "rounded": false,
        "full": true,
        "disabled": false,
        "withBadge": false,
        "badgeCount": ""
      },
      "propEx": {},
      "events": {
        "onClick": [
          {
            "store": "AppBox",
            "method": "openTabletApp",
            "payload": ""
          }
        ]
      },
      "visible": true,
      "locked": false,
      "full": false,
      "slots": []
    },
    {
      "title": "按钮",
      "path": "ridge-bootstrap/button",
      "id": "mgpmxpl5q5",
      "style": {
        "position": "absolute",
        "visible": true,
        "x": 0,
        "y": 0,
        "width": 31,
        "height": 30
      },
      "styleEx": {
        "visible": "AppBox.state.tabletPage"
      },
      "props": {
        "type": "link",
        "src": "",
        "icon": "phone",
        "size": "sm",
        "fontSize": 14,
        "style": "light",
        "rounded": false,
        "full": false,
        "disabled": false,
        "withBadge": false,
        "badgeCount": ""
      },
      "propEx": {},
      "events": {
        "onClick": [
          {
            "store": "AppBox",
            "method": "openMobileApp",
            "payload": ""
          }
        ]
      },
      "visible": true,
      "locked": false,
      "full": false,
      "slots": []
    },
    {
      "title": "按钮",
      "path": "ridge-bootstrap/button",
      "id": "o7hwl3rlcb",
      "style": {
        "position": "absolute",
        "visible": true,
        "x": 0,
        "y": 0,
        "width": 72,
        "height": 30
      },
      "styleEx": {},
      "props": {
        "type": "link",
        "src": "",
        "icon": "box-arrow-up-right",
        "size": "sm",
        "fontSize": 14,
        "style": "light",
        "rounded": false,
        "full": false,
        "disabled": false,
        "withBadge": false,
        "badgeCount": "",
        "text": "编辑"
      },
      "propEx": {},
      "events": {
        "onClick": [
          {
            "store": "AppBox",
            "method": "editInEditor",
            "payload": ""
          }
        ]
      },
      "visible": true,
      "locked": false,
      "full": false,
      "slots": []
    }
  ],
  "name": "AppBox",
  "children": [
    "qfxixbv7xd"
  ]
}