{
  "version": "1.3.0",
  "style": {
    "width": 1290,
    "height": 960,
    "classNames": []
  },
  "properties": {},
  "cssFiles": [],
  "jsFiles": [
    "composite:///js/request.js"
  ],
  "elements": [
    {
      "title": "弹性容器",
      "path": "ridge-container/flex",
      "id": "46zv8ftw6e",
      "style": {
        "position": "absolute",
        "visible": true,
        "x": 270,
        "y": 118,
        "width": 360,
        "height": 240
      },
      "styleEx": {},
      "props": {
        "direction": "column",
        "justify": "flex-start",
        "alignItems": "stretch",
        "flexWrap": false,
        "fill": false,
        "children": [
          "ntxgzqwefz",
          "w1ci5bz3ic",
          "8475ey8w2k",
          "tlgdxsajkh",
          "qu5sewagqw",
          "ol6lirkqdt",
          "vnnx53p4dw",
          "fyf7jbpkyy",
          "53v1thcb14"
        ],
        "gap": 8,
        "padding": 8,
        "hoverable": false,
        "classList": []
      },
      "propEx": {},
      "events": {},
      "visible": true,
      "locked": false,
      "full": true,
      "$id": "https://ridge-ui.com/schemas/element",
      "slots": []
    },
    {
      "title": "弹性容器_1",
      "path": "ridge-container/flex",
      "id": "ntxgzqwefz",
      "style": {
        "position": "absolute",
        "visible": true,
        "x": 0,
        "y": 0,
        "width": 1219,
        "height": 71
      },
      "styleEx": {},
      "props": {
        "direction": "row",
        "justify": "flex-start",
        "alignItems": "flex-start",
        "flexWrap": false,
        "fill": false,
        "children": [
          "wfpqbaum32"
        ],
        "gap": 8,
        "padding": 8,
        "hoverable": false,
        "classList": [
          "ridge-bootstrap/fs-3"
        ]
      },
      "propEx": {},
      "events": {},
      "visible": true,
      "locked": false,
      "full": false,
      "$id": "https://ridge-ui.com/schemas/element",
      "slots": []
    },
    {
      "title": "弹性容器_2",
      "path": "ridge-container/flex",
      "id": "8475ey8w2k",
      "style": {
        "position": "absolute",
        "visible": true,
        "x": 0,
        "y": 0,
        "width": 360,
        "height": 54
      },
      "styleEx": {},
      "props": {
        "direction": "row",
        "justify": "flex-start",
        "alignItems": "center",
        "flexWrap": false,
        "fill": false,
        "children": [
          "kxe6fe9yiu",
          "5t3g46j1xm",
          "z0255yyqju",
          "ujkva2xbf5"
        ],
        "gap": 8,
        "padding": 8,
        "hoverable": false,
        "classList": []
      },
      "propEx": {},
      "events": {},
      "visible": true,
      "locked": false,
      "full": false,
      "$id": "https://ridge-ui.com/schemas/element",
      "slots": []
    },
    {
      "title": "弹性容器_3",
      "path": "ridge-container/flex",
      "id": "w1ci5bz3ic",
      "style": {
        "position": "absolute",
        "visible": true,
        "x": 16.000009511972408,
        "y": 156.99999920733566,
        "width": 1257.9999651227681,
        "height": 40
      },
      "styleEx": {},
      "props": {
        "direction": "row",
        "justify": "flex-start",
        "alignItems": "flex-start",
        "flexWrap": false,
        "fill": false,
        "children": [
          "x21nr5iz6k"
        ],
        "gap": 8,
        "padding": 8,
        "hoverable": false,
        "classList": []
      },
      "propEx": {},
      "events": {},
      "visible": true,
      "locked": false,
      "full": false,
      "$id": "https://ridge-ui.com/schemas/element",
      "slots": []
    },
    {
      "title": "弹性容器_4",
      "path": "ridge-container/flex",
      "id": "tlgdxsajkh",
      "style": {
        "position": "absolute",
        "visible": true,
        "x": 213,
        "y": 516,
        "width": 360,
        "height": 54
      },
      "styleEx": {},
      "props": {
        "direction": "row",
        "justify": "flex-start",
        "alignItems": "center",
        "flexWrap": false,
        "fill": false,
        "children": [
          "10y8p7i8hg",
          "n526ehj955"
        ],
        "gap": 8,
        "padding": 8,
        "hoverable": false,
        "classList": []
      },
      "propEx": {},
      "events": {},
      "visible": true,
      "locked": false,
      "full": false,
      "$id": "https://ridge-ui.com/schemas/element",
      "slots": []
    },
    {
      "title": "文本",
      "path": "ridge-bootstrap/typography",
      "id": "wfpqbaum32",
      "style": {
        "position": "absolute",
        "visible": true,
        "x": 0,
        "y": 0,
        "width": 249,
        "height": 44
      },
      "styleEx": {},
      "props": {
        "text": "提交应用或组件",
        "color": "",
        "bgcolor": "",
        "fontFamily": "",
        "center": false,
        "classList": []
      },
      "propEx": {},
      "events": {},
      "visible": true,
      "locked": false,
      "full": false,
      "$id": "https://ridge-ui.com/schemas/element",
      "slots": []
    },
    {
      "title": "文本_1",
      "path": "ridge-bootstrap/typography",
      "id": "kxe6fe9yiu",
      "style": {
        "position": "absolute",
        "visible": true,
        "x": 0,
        "y": 0,
        "width": 112,
        "height": 22
      },
      "styleEx": {},
      "props": {
        "text": "组件名称",
        "color": "",
        "bgcolor": "",
        "fontFamily": "",
        "center": false,
        "classList": []
      },
      "propEx": {},
      "events": {},
      "visible": true,
      "locked": false,
      "full": false,
      "$id": "https://ridge-ui.com/schemas/element",
      "slots": []
    },
    {
      "title": "按钮",
      "path": "ridge-bootstrap/button",
      "id": "z0255yyqju",
      "style": {
        "position": "absolute",
        "visible": true,
        "x": 0,
        "y": 0,
        "width": 95,
        "height": 36
      },
      "styleEx": {},
      "props": {
        "type": "primary",
        "src": "",
        "icon": "arrow-90deg-down",
        "size": "btn-normal",
        "style": "general",
        "rounded": false,
        "full": false,
        "disabled": false,
        "withBadge": false,
        "badgeCount": "",
        "text": "检查"
      },
      "propEx": {},
      "events": {
        "onClick": [
          {
            "store": "RepoContributeForm",
            "method": "fetchFromRepo",
            "payload": ""
          }
        ]
      },
      "visible": true,
      "locked": false,
      "full": false,
      "$id": "https://ridge-ui.com/schemas/element",
      "slots": []
    },
    {
      "title": "文本_2",
      "path": "ridge-bootstrap/typography",
      "id": "x21nr5iz6k",
      "style": {
        "position": "absolute",
        "visible": true,
        "x": 0,
        "y": 0,
        "width": 629,
        "height": 22
      },
      "styleEx": {},
      "props": {
        "color": "",
        "bgcolor": "",
        "fontFamily": "",
        "center": false,
        "classList": [],
        "text": "输入名称点击后续确定按钮，相关信息会从NPM仓库自动拉取"
      },
      "propEx": {},
      "events": {},
      "visible": true,
      "locked": false,
      "full": false,
      "$id": "https://ridge-ui.com/schemas/element",
      "slots": []
    },
    {
      "title": "文本_3",
      "path": "ridge-bootstrap/typography",
      "id": "10y8p7i8hg",
      "style": {
        "position": "absolute",
        "visible": true,
        "x": 0,
        "y": 0,
        "width": 114,
        "height": 22
      },
      "styleEx": {},
      "props": {
        "color": "",
        "bgcolor": "",
        "fontFamily": "",
        "center": false,
        "classList": [],
        "text": "描述"
      },
      "propEx": {},
      "events": {},
      "visible": true,
      "locked": false,
      "full": false,
      "$id": "https://ridge-ui.com/schemas/element",
      "slots": []
    },
    {
      "title": "单行输入_1",
      "path": "ridge-bootstrap/input",
      "id": "n526ehj955",
      "style": {
        "position": "absolute",
        "visible": true,
        "x": 15,
        "y": 0,
        "width": 1115,
        "height": 36
      },
      "styleEx": {},
      "props": {
        "value": "",
        "placeholder": "文本",
        "validState": "",
        "disabled": true,
        "size": "form-control-normal",
        "type": "text",
        "classList": []
      },
      "propEx": {
        "placeholder": null,
        "value": "RepoContributeForm.state.description"
      },
      "events": {},
      "visible": true,
      "locked": false,
      "full": false,
      "$id": "https://ridge-ui.com/schemas/element",
      "slots": []
    },
    {
      "title": "文本_3",
      "path": "ridge-bootstrap/typography",
      "id": "kwef2f2yv2",
      "style": {
        "position": "absolute",
        "visible": true,
        "x": 0,
        "y": 0,
        "width": 114,
        "height": 22
      },
      "styleEx": {},
      "props": {
        "color": "",
        "bgcolor": "",
        "fontFamily": "",
        "center": false,
        "classList": [],
        "text": "图标"
      },
      "propEx": {},
      "events": {},
      "visible": true,
      "locked": false,
      "full": false,
      "$id": "https://ridge-ui.com/schemas/element",
      "slots": []
    },
    {
      "title": "弹性容器_4",
      "path": "ridge-container/flex",
      "id": "qu5sewagqw",
      "style": {
        "position": "absolute",
        "visible": true,
        "x": 0,
        "y": 0,
        "width": 360,
        "height": 58
      },
      "styleEx": {},
      "props": {
        "direction": "row",
        "justify": "flex-start",
        "alignItems": "center",
        "flexWrap": false,
        "fill": false,
        "children": [
          "kwef2f2yv2",
          "ydw5b7rsly"
        ],
        "gap": 8,
        "padding": 8,
        "hoverable": false,
        "classList": []
      },
      "propEx": {},
      "events": {},
      "visible": true,
      "locked": false,
      "full": false,
      "$id": "https://ridge-ui.com/schemas/element",
      "slots": []
    },
    {
      "title": "图片",
      "path": "ridge-bootstrap/image",
      "id": "ydw5b7rsly",
      "style": {
        "position": "absolute",
        "visible": true,
        "x": 0,
        "y": 0,
        "width": 48,
        "height": 48
      },
      "styleEx": {},
      "props": {
        "src": "",
        "classList": []
      },
      "propEx": {
        "src": "RepoContributeForm.state.iconImage"
      },
      "events": {},
      "visible": true,
      "locked": false,
      "full": false,
      "$id": "https://ridge-ui.com/schemas/element",
      "slots": []
    },
    {
      "title": "文本_3",
      "path": "ridge-bootstrap/typography",
      "id": "9tuv5rfb7q",
      "style": {
        "position": "absolute",
        "visible": true,
        "x": 0,
        "y": 0,
        "width": 114,
        "height": 22
      },
      "styleEx": {},
      "props": {
        "color": "",
        "bgcolor": "",
        "fontFamily": "",
        "center": false,
        "classList": [],
        "text": "宣传图"
      },
      "propEx": {},
      "events": {},
      "visible": true,
      "locked": false,
      "full": false,
      "$id": "https://ridge-ui.com/schemas/element",
      "slots": []
    },
    {
      "title": "图片",
      "path": "ridge-bootstrap/image",
      "id": "whinoceii8",
      "style": {
        "position": "absolute",
        "visible": true,
        "x": 0,
        "y": 6468,
        "width": 360,
        "height": 240
      },
      "styleEx": {},
      "props": {
        "src": "",
        "classList": []
      },
      "propEx": {
        "src": "RepoContributeForm.state.coverImage"
      },
      "events": {},
      "visible": true,
      "locked": false,
      "full": false,
      "$id": "https://ridge-ui.com/schemas/element",
      "slots": []
    },
    {
      "title": "弹性容器_4",
      "path": "ridge-container/flex",
      "id": "ol6lirkqdt",
      "style": {
        "position": "absolute",
        "visible": true,
        "x": 0,
        "y": 0,
        "width": 360,
        "height": 218
      },
      "styleEx": {},
      "props": {
        "direction": "row",
        "justify": "flex-start",
        "alignItems": "flex-start",
        "flexWrap": false,
        "fill": false,
        "children": [
          "9tuv5rfb7q",
          "whinoceii8"
        ],
        "gap": 8,
        "padding": 8,
        "hoverable": false,
        "classList": []
      },
      "propEx": {},
      "events": {},
      "visible": true,
      "locked": false,
      "full": false,
      "$id": "https://ridge-ui.com/schemas/element",
      "slots": []
    },
    {
      "title": "文本_3",
      "path": "ridge-bootstrap/typography",
      "id": "yp0gu8vapg",
      "style": {
        "position": "absolute",
        "visible": true,
        "x": 0,
        "y": 0,
        "width": 114,
        "height": 22
      },
      "styleEx": {},
      "props": {
        "color": "",
        "bgcolor": "",
        "fontFamily": "",
        "center": false,
        "classList": [],
        "text": "适用设备"
      },
      "propEx": {},
      "events": {},
      "visible": true,
      "locked": false,
      "full": false,
      "$id": "https://ridge-ui.com/schemas/element",
      "slots": []
    },
    {
      "title": "弹性容器_4",
      "path": "ridge-container/flex",
      "id": "vnnx53p4dw",
      "style": {
        "position": "absolute",
        "visible": true,
        "x": 0,
        "y": 0,
        "width": 360,
        "height": 46
      },
      "styleEx": {},
      "props": {
        "direction": "row",
        "justify": "flex-start",
        "alignItems": "center",
        "flexWrap": false,
        "fill": false,
        "children": [
          "yp0gu8vapg",
          "uu5xvhi4g4"
        ],
        "gap": 8,
        "padding": 8,
        "hoverable": false,
        "classList": []
      },
      "propEx": {},
      "events": {},
      "visible": true,
      "locked": false,
      "full": false,
      "$id": "https://ridge-ui.com/schemas/element",
      "slots": []
    },
    {
      "title": "多选",
      "path": "ridge-bootstrap/checkbox",
      "id": "uu5xvhi4g4",
      "style": {
        "position": "absolute",
        "visible": true,
        "x": 0,
        "y": 0,
        "width": 440,
        "height": 26
      },
      "styleEx": {},
      "props": {
        "value": [],
        "options": [
          {
            "label": "选项1",
            "value": "value1"
          },
          {
            "label": "选项2",
            "value": "value2"
          }
        ],
        "validState": "",
        "disabled": false,
        "inline": true
      },
      "propEx": {
        "options": "RepoContributeForm.state.deviceOptions",
        "value": null
      },
      "events": {},
      "visible": true,
      "locked": false,
      "full": false,
      "$id": "https://ridge-ui.com/schemas/element",
      "slots": []
    },
    {
      "title": "弹性容器_5",
      "path": "ridge-container/flex",
      "id": "53v1thcb14",
      "style": {
        "position": "absolute",
        "visible": true,
        "x": 0,
        "y": 0,
        "width": 360,
        "height": 76
      },
      "styleEx": {},
      "props": {
        "direction": "row",
        "justify": "center",
        "alignItems": "flex-start",
        "flexWrap": false,
        "fill": false,
        "children": [
          "yqox803yqm"
        ],
        "gap": 8,
        "padding": 8,
        "hoverable": false,
        "classList": []
      },
      "propEx": {},
      "events": {},
      "visible": true,
      "locked": false,
      "full": false,
      "$id": "https://ridge-ui.com/schemas/element",
      "slots": []
    },
    {
      "title": "按钮_1",
      "path": "ridge-bootstrap/button",
      "id": "yqox803yqm",
      "style": {
        "position": "absolute",
        "visible": true,
        "x": 1044,
        "y": 0,
        "width": 105,
        "height": 50
      },
      "styleEx": {},
      "props": {
        "text": "提交",
        "type": "success",
        "src": "",
        "icon": "box-arrow-in-right",
        "size": "lg",
        "style": "general",
        "rounded": false,
        "full": false,
        "disabled": false,
        "withBadge": false,
        "badgeCount": ""
      },
      "propEx": {
        "disabled": "RepoContributeForm.state.loading"
      },
      "events": {
        "onClick": [
          {
            "store": "RepoContributeForm",
            "method": "subscribe",
            "payload": ""
          }
        ]
      },
      "visible": true,
      "locked": false,
      "full": false,
      "$id": "https://ridge-ui.com/schemas/element",
      "slots": []
    },
    {
      "title": "弹性容器_4",
      "path": "ridge-container/flex",
      "id": "fyf7jbpkyy",
      "style": {
        "position": "absolute",
        "visible": true,
        "x": 7.999994513693821,
        "y": 688.9999561095507,
        "width": 1273.9999835410815,
        "height": 46
      },
      "styleEx": {},
      "props": {
        "direction": "row",
        "justify": "flex-start",
        "alignItems": "center",
        "flexWrap": false,
        "fill": false,
        "children": [],
        "gap": 8,
        "padding": 8,
        "hoverable": false,
        "classList": []
      },
      "propEx": {},
      "events": {},
      "visible": true,
      "locked": false,
      "full": false,
      "$id": "https://ridge-ui.com/schemas/element",
      "slots": []
    },
    {
      "title": "文本_4",
      "path": "ridge-bootstrap/typography",
      "id": "ujkva2xbf5",
      "style": {
        "position": "absolute",
        "visible": true,
        "x": 16,
        "y": 617,
        "width": 507,
        "height": 22
      },
      "styleEx": {},
      "props": {
        "text": "文本",
        "color": "#d92307",
        "bgcolor": "",
        "fontFamily": "",
        "center": false,
        "classList": []
      },
      "propEx": {
        "text": "RepoContributeForm.state.requestMessage"
      },
      "events": {},
      "visible": true,
      "locked": false,
      "full": false,
      "$id": "https://ridge-ui.com/schemas/element",
      "slots": []
    },
    {
      "title": "下拉选择",
      "path": "ridge-bootstrap/select",
      "id": "5t3g46j1xm",
      "style": {
        "position": "absolute",
        "visible": true,
        "x": 0,
        "y": 0,
        "width": 266,
        "height": 40,
        "autoSize": true
      },
      "styleEx": {},
      "props": {
        "value": "",
        "options": [
          {
            "label": "选项1",
            "value": "value1"
          },
          {
            "label": "选项2",
            "value": "value2"
          }
        ],
        "size": "form-control-normal",
        "disabled": false,
        "validState": ""
      },
      "propEx": {
        "options": "RepoContributeForm.state.userAppOptions",
        "value": "RepoContributeForm.state.name"
      },
      "events": {},
      "visible": true,
      "locked": false,
      "full": false,
      "$id": "https://ridge-ui.com/schemas/element",
      "slots": []
    }
  ],
  "name": "Contribute",
  "children": [
    "46zv8ftw6e"
  ]
}