{
  "version": "1.2.0",
  "style": {
    "width": 320,
    "height": 172,
    "background": "",
    "classNames": []
  },
  "properties": {
    "图标": "arrow-right-circle-fill",
    "图标样式": [
      "ridge-bootstrap/text-success"
    ],
    "标题文本": "Themeable",
    "内容": "Provides a plugin to customize default themes, you can change all semantic tokens or create an entire new theme."
  },
  "cssFiles": [],
  "jsFiles": [],
  "elements": [
    {
      "title": "图标1",
      "path": "ridge-bootstrap/icons",
      "id": "a3hjrewnhq",
      "style": {
        "position": "absolute",
        "visible": true,
        "x": 0,
        "y": 6,
        "width": 32,
        "height": 32,
        "alignSelfStretch": false
      },
      "styleEx": {},
      "props": {
        "icon": "arrow-right-circle-fill",
        "classList": [
          "ridge-bootstrap/fs-5"
        ]
      },
      "propEx": {
        "icon": "Promote.props.图标",
        "classList": null
      },
      "events": {},
      "visible": true,
      "locked": false,
      "full": false,
      "$id": "https://ridge-ui.com/schemas/element",
      "slots": []
    },
    {
      "title": "文本1",
      "path": "ridge-bootstrap/typography",
      "id": "i7cxk14ucq",
      "style": {
        "position": "absolute",
        "visible": true,
        "x": 0,
        "y": 45,
        "width": 194,
        "height": 32
      },
      "styleEx": {},
      "props": {
        "text": "Themeable",
        "classList": [
          "ridge-bootstrap/fs-5"
        ]
      },
      "propEx": {
        "text": "Promote.props.标题文本"
      },
      "events": {},
      "visible": true,
      "locked": false,
      "full": false,
      "$id": "https://ridge-ui.com/schemas/element",
      "slots": []
    },
    {
      "title": "文本2",
      "path": "ridge-bootstrap/typography",
      "id": "djaehz2h9l",
      "style": {
        "position": "absolute",
        "visible": true,
        "x": 0,
        "y": 0,
        "width": 270.00002086672004,
        "height": 100
      },
      "styleEx": {},
      "props": {
        "text": "Provides a plugin to customize default themes, you can change all semantic tokens or create an entire new theme.",
        "classList": [
          "ridge-bootstrap/fw-light",
          "ridge-bootstrap/p-1",
          "ridge-bootstrap/p-2"
        ]
      },
      "propEx": {
        "text": "Promote.props.内容"
      },
      "events": {},
      "visible": true,
      "locked": false,
      "full": false,
      "$id": "https://ridge-ui.com/schemas/element",
      "slots": []
    },
    {
      "title": "弹性容器",
      "path": "ridge-container/flex",
      "id": "3j4b3i5xyk",
      "style": {
        "position": "absolute",
        "visible": true,
        "x": -89,
        "y": -42,
        "width": 360,
        "height": 240
      },
      "styleEx": {},
      "props": {
        "direction": "column",
        "justify": "flex-start",
        "alignItems": "stretch",
        "flexWrap": false,
        "fill": false,
        "children": [
          "45xt6e7q3r",
          "djaehz2h9l"
        ],
        "gap": 8,
        "padding": 8,
        "classList": [
          "ridge-bootstrap/border-1",
          "ridge-bootstrap/border-secondary-emphasis",
          "ridge-bootstrap/border"
        ]
      },
      "propEx": {
        "classList": "Promote.props.整体样式"
      },
      "events": {},
      "visible": true,
      "locked": false,
      "full": true,
      "$id": "https://ridge-ui.com/schemas/element",
      "slots": []
    },
    {
      "title": "弹性容器_1",
      "path": "ridge-container/flex",
      "id": "45xt6e7q3r",
      "style": {
        "position": "absolute",
        "visible": true,
        "x": 0,
        "y": 0,
        "width": 289,
        "height": 46
      },
      "styleEx": {},
      "props": {
        "direction": "row",
        "justify": "flex-start",
        "alignItems": "center",
        "flexWrap": false,
        "fill": false,
        "children": [
          "a3hjrewnhq",
          "i7cxk14ucq"
        ],
        "gap": 8,
        "padding": 8,
        "classList": []
      },
      "propEx": {},
      "events": {},
      "visible": true,
      "locked": false,
      "full": false,
      "$id": "https://ridge-ui.com/schemas/element",
      "slots": []
    }
  ],
  "name": "FeatureBox",
  "children": [
    "3j4b3i5xyk"
  ]
}