{
  "version": "1.2.0",
  "style": {
    "width": 1200,
    "height": 211,
    "background": "",
    "classNames": []
  },
  "properties": {},
  "cssFiles": [],
  "jsFiles": [],
  "elements": [
    {
      "title": "弹性容器1",
      "path": "ridge-container/flex",
      "id": "71g8f0ixi5",
      "style": {
        "position": "absolute",
        "visible": true,
        "x": 0,
        "y": 0,
        "width": 360,
        "height": 240
      },
      "styleEx": {},
      "props": {
        "direction": "row",
        "justify": "center",
        "alignItems": "flex-start",
        "children": [
          "o8ybslsn1v",
          "khykmltnz4",
          "knjzn1we5u",
          "5xqdzgmfrc"
        ],
        "gap": 12,
        "padding": 8,
        "classList": []
      },
      "propEx": {},
      "events": {},
      "visible": true,
      "locked": false,
      "full": true,
      "$id": "https://ridge-ui.com/schemas/element",
      "slots": []
    },
    {
      "title": "页面2",
      "path": "ridge-container/composite",
      "id": "khykmltnz4",
      "style": {
        "position": "absolute",
        "visible": true,
        "x": 0,
        "y": 0,
        "width": 279,
        "height": 191,
        "flex": "1"
      },
      "styleEx": {},
      "props": {
        "图标": "toggles2",
        "图标样式": [],
        "标题文本": "丰富的组件",
        "内容": "Ridge提供了一套组件接入标准，基于React/Vue/Vanilla等开发的组件都可以封装为可配置组件拖拽到页面之中",
        "pagePath": "/components/FeatureBox",
        "classList": [],
        "整体样式": [
          "ridge-bootstrap/bg-secondary",
          "ridge-bootstrap/text-white"
        ]
      },
      "propEx": {},
      "events": {},
      "visible": true,
      "locked": false,
      "full": false,
      "$id": "https://ridge-ui.com/schemas/element",
      "slots": []
    },
    {
      "title": "页面3",
      "path": "ridge-container/composite",
      "id": "knjzn1we5u",
      "style": {
        "position": "absolute",
        "visible": true,
        "x": 0,
        "y": 0,
        "width": 310,
        "height": 191,
        "flex": "1"
      },
      "styleEx": {},
      "props": {
        "图标": "layout-wtf",
        "图标样式": [
          "ridge-bootstrap/text-warning",
          "ridge-bootstrap/fs-3"
        ],
        "内容": "基于Web标准，提供多种布局类型的容器，从而实现复杂的界面布局效果",
        "pagePath": "/components/FeatureBox",
        "classList": [],
        "标题文本": "灵活布局",
        "整体样式": [
          "ridge-bootstrap/bg-success",
          "ridge-bootstrap/text-white"
        ]
      },
      "propEx": {},
      "events": {},
      "visible": true,
      "locked": false,
      "full": false,
      "$id": "https://ridge-ui.com/schemas/element",
      "slots": []
    },
    {
      "title": "页面4",
      "path": "ridge-container/composite",
      "id": "5xqdzgmfrc",
      "style": {
        "position": "absolute",
        "visible": true,
        "x": 0,
        "y": 0,
        "width": 310,
        "height": 186,
        "flex": "1"
      },
      "styleEx": {},
      "props": {
        "图标": "share",
        "图标样式": [
          "ridge-bootstrap/text-success",
          "ridge-bootstrap/fs-3"
        ],
        "内容": "所有制作成果和资源都在浏览器本地，可以方便的导出、导入及发布。",
        "pagePath": "/components/FeatureBox",
        "classList": [],
        "标题文本": "无服务端依赖",
        "整体样式": [
          "ridge-bootstrap/bg-warning",
          "ridge-bootstrap/text-white"
        ]
      },
      "propEx": {},
      "events": {},
      "visible": true,
      "locked": false,
      "full": false,
      "$id": "https://ridge-ui.com/schemas/element",
      "slots": []
    },
    {
      "title": "页面1",
      "path": "ridge-container/composite",
      "id": "o8ybslsn1v",
      "style": {
        "position": "absolute",
        "visible": true,
        "x": 0,
        "y": 0,
        "width": 182,
        "height": 193,
        "flex": "1",
        "autoSize": false,
        "alignSelfStretch": false
      },
      "styleEx": {},
      "props": {
        "图标": "journal-code",
        "图标样式": [
          "ridge-bootstrap/fs-5",
          "ridge-bootstrap/text-white"
        ],
        "标题文本": "无需编码",
        "内容": "页面开发人员致力于页面布局和展现，在制作中”连接“动态的代码开发人员准备的页面状态数据，就可以实现一个可交互的动态页面",
        "pagePath": "/components/FeatureBox",
        "classList": [],
        "整体样式": [
          "ridge-bootstrap/bg-primary",
          "ridge-bootstrap/text-white"
        ]
      },
      "propEx": {},
      "events": {},
      "visible": true,
      "locked": false,
      "full": false,
      "$id": "https://ridge-ui.com/schemas/element",
      "slots": []
    }
  ],
  "name": "FeatureList",
  "children": [
    "71g8f0ixi5"
  ]
}