{
  "version": "1.2.0",
  "style": {
    "width": 1440,
    "height": 120,
    "background": "",
    "classNames": []
  },
  "properties": {},
  "cssFiles": [],
  "jsFiles": [],
  "elements": [
    {
      "title": "弹性容器",
      "path": "ridge-container/flex",
      "id": "hkrg42lw4o",
      "style": {
        "position": "absolute",
        "visible": true,
        "x": 360,
        "y": 43,
        "width": 359,
        "height": 240
      },
      "styleEx": {},
      "props": {
        "direction": "column",
        "justify": "flex-start",
        "alignItems": "center",
        "flexWrap": false,
        "fill": false,
        "children": [
          "li48xc2vwk",
          "ao8ora0moa"
        ],
        "gap": 8,
        "padding": 0,
        "classList": []
      },
      "propEx": {},
      "events": {},
      "visible": true,
      "locked": false,
      "full": true,
      "$id": "https://ridge-ui.com/schemas/element",
      "slots": []
    },
    {
      "title": "弹性容器_1",
      "path": "ridge-container/flex",
      "id": "li48xc2vwk",
      "style": {
        "position": "absolute",
        "visible": true,
        "x": 0,
        "y": 0,
        "width": 1424,
        "height": 8,
        "alignSelfStretch": true,
        "autoHeight": false
      },
      "styleEx": {},
      "props": {
        "direction": "column",
        "justify": "flex-start",
        "alignItems": "flex-start",
        "flexWrap": false,
        "fill": false,
        "children": [],
        "gap": 8,
        "padding": 8,
        "classList": [
          "ridge-bootstrap/border-top",
          "ridge-bootstrap/border-primary-emphasis",
          "ridge-bootstrap/border-1"
        ]
      },
      "propEx": {},
      "events": {},
      "visible": true,
      "locked": false,
      "full": false,
      "$id": "https://ridge-ui.com/schemas/element",
      "slots": []
    },
    {
      "title": "弹性容器_2",
      "path": "ridge-container/flex",
      "id": "ao8ora0moa",
      "style": {
        "position": "absolute",
        "visible": true,
        "x": 0,
        "y": 0,
        "width": 1200,
        "height": 48
      },
      "styleEx": {},
      "props": {
        "direction": "row",
        "justify": "flex-start",
        "alignItems": "center",
        "flexWrap": false,
        "fill": false,
        "children": [
          "38clst07dj",
          "tprevczbg6",
          "gsbbxk06vr"
        ],
        "gap": 15,
        "padding": 8,
        "classList": []
      },
      "propEx": {},
      "events": {},
      "visible": true,
      "locked": false,
      "full": false,
      "$id": "https://ridge-ui.com/schemas/element",
      "slots": []
    },
    {
      "title": "矩形",
      "path": "ridge-bootstrap/div",
      "id": "38clst07dj",
      "style": {
        "position": "absolute",
        "visible": true,
        "x": 0,
        "y": 0,
        "width": 36,
        "height": 31
      },
      "styleEx": {},
      "props": {
        "classList": [
          "ridge-bootstrap/bg-primary"
        ],
        "mask": "composite:///Ridge_logo.png"
      },
      "propEx": {},
      "events": {},
      "visible": true,
      "locked": false,
      "full": false,
      "$id": "https://ridge-ui.com/schemas/element",
      "slots": []
    },
    {
      "title": "文本",
      "path": "ridge-bootstrap/typography",
      "id": "tprevczbg6",
      "style": {
        "position": "absolute",
        "visible": true,
        "x": 79,
        "y": 269,
        "width": 402,
        "height": 27.999996609157986
      },
      "styleEx": {},
      "props": {
        "text": "© 2024 Ridge System, Inc. All rights reserved.",
        "classList": [
          "ridge-bootstrap/lh-lg",
          "ridge-bootstrap/text-body-secondary"
        ]
      },
      "propEx": {},
      "events": {},
      "visible": true,
      "locked": false,
      "full": false,
      "$id": "https://ridge-ui.com/schemas/element",
      "slots": []
    },
    {
      "title": "超链接",
      "path": "ridge-bootstrap/link",
      "id": "gsbbxk06vr",
      "style": {
        "position": "absolute",
        "visible": true,
        "x": 607,
        "y": 313,
        "width": 225,
        "height": 22.999996609157986
      },
      "styleEx": {},
      "props": {
        "text": "京ICP备2024101325号",
        "href": "http://beian.miit.gov.cn/",
        "target": "_blank",
        "classList": [
          "ridge-bootstrap/font-monospace",
          "ridge-bootstrap/text-decoration-none",
          "ridge-bootstrap/text-body-secondary"
        ]
      },
      "propEx": {},
      "events": {},
      "visible": true,
      "locked": false,
      "full": false,
      "$id": "https://ridge-ui.com/schemas/element",
      "slots": []
    }
  ],
  "name": "Footer",
  "children": [
    "hkrg42lw4o"
  ]
}