{
  "version": "1.2.0",
  "style": {
    "width": 1320,
    "height": 60,
    "background": "",
    "classNames": [],
    "heightFix": false,
    "widthFix": false
  },
  "properties": {},
  "cssFiles": [],
  "jsFiles": [
    "composite:///js/bootstrap-themes.js",
    "/ridge-common/js/browser.js"
  ],
  "elements": [
    {
      "title": "弹性容器1",
      "path": "ridge-container/flex",
      "id": "rokf3tmp08",
      "style": {
        "position": "absolute",
        "visible": true,
        "x": 388,
        "y": -91,
        "width": 360,
        "height": 240
      },
      "styleEx": {},
      "props": {
        "direction": "row",
        "justify": "flex-start",
        "alignItems": "center",
        "children": [
          "1h43bwx1bs",
          "j1w7cov2gu",
          "gme4kskgp4",
          "tfw6v0m6ic"
        ],
        "gap": 0,
        "padding": 0,
        "classList": [
          "ridge-bootstrap/bg-body",
          "ridge-bootstrap/border-bottom",
          "ridge-bootstrap/border-1",
          "ridge-bootstrap/border-primary-emphasis"
        ]
      },
      "propEx": {},
      "events": {},
      "visible": true,
      "locked": false,
      "full": true,
      "$id": "https://ridge-ui.com/schemas/element",
      "slots": []
    },
    {
      "title": "弹性容器2",
      "path": "ridge-container/flex",
      "id": "1h43bwx1bs",
      "style": {
        "position": "absolute",
        "visible": true,
        "x": 0,
        "y": 0,
        "width": 155,
        "height": 60.00000251518501
      },
      "styleEx": {},
      "props": {
        "direction": "row",
        "justify": "flex-end",
        "alignItems": "center",
        "children": [
          "zefkulhant",
          "objaxjqtga"
        ],
        "gap": 5,
        "padding": 4,
        "classList": []
      },
      "propEx": {},
      "events": {},
      "visible": true,
      "locked": false,
      "full": false,
      "$id": "https://ridge-ui.com/schemas/element",
      "slots": []
    },
    {
      "title": "unlogin",
      "path": "ridge-container/flex",
      "id": "fxny9p09nd",
      "style": {
        "position": "absolute",
        "visible": true,
        "x": 1060,
        "y": 135,
        "width": 131,
        "height": 49
      },
      "styleEx": {},
      "props": {
        "direction": "row",
        "justify": "flex-start",
        "alignItems": "center",
        "children": [
          "ifmsp3i5b1"
        ],
        "gap": 0,
        "padding": 0,
        "classList": []
      },
      "propEx": {},
      "events": {},
      "visible": true,
      "locked": false,
      "full": false,
      "$id": "https://ridge-ui.com/schemas/element",
      "slots": []
    },
    {
      "title": "弹性容器4",
      "path": "ridge-container/flex",
      "id": "j1w7cov2gu",
      "style": {
        "position": "absolute",
        "visible": true,
        "x": 13,
        "y": 0,
        "width": 781,
        "height": 53,
        "flex": "1"
      },
      "styleEx": {},
      "props": {
        "direction": "row",
        "justify": "flex-end",
        "alignItems": "center",
        "children": [
          "9vmy1zhg18",
          "1hshc03s9t",
          "irldvkqvhp",
          "jd643ud9g7"
        ],
        "gap": 28,
        "padding": 8,
        "classList": []
      },
      "propEx": {},
      "events": {},
      "visible": true,
      "locked": false,
      "full": false,
      "$id": "https://ridge-ui.com/schemas/element",
      "slots": []
    },
    {
      "title": "超链接1",
      "path": "ridge-bootstrap/link",
      "id": "9vmy1zhg18",
      "style": {
        "position": "absolute",
        "visible": true,
        "x": 0,
        "y": 0,
        "width": 48,
        "height": 24
      },
      "styleEx": {},
      "props": {
        "classList": [
          "ridge-bootstrap/text-decoration-none",
          "ridge-bootstrap/fw-semibold",
          "ridge-bootstrap/fs-6",
          "ridge-bootstrap/text-body-emphasis"
        ],
        "text": "首页",
        "href": "#/index"
      },
      "propEx": {},
      "events": {
        "onClick": []
      },
      "visible": true,
      "locked": false,
      "full": false,
      "$id": "https://ridge-ui.com/schemas/element",
      "slots": []
    },
    {
      "title": "超链接2",
      "path": "ridge-bootstrap/link",
      "id": "1hshc03s9t",
      "style": {
        "position": "absolute",
        "visible": true,
        "x": 0,
        "y": 0,
        "width": 86,
        "height": 24
      },
      "styleEx": {},
      "props": {
        "classList": [
          "ridge-bootstrap/text-decoration-none",
          "ridge-bootstrap/text-secondary-emphasis",
          "ridge-bootstrap/fw-semibold"
        ],
        "href": "#/pages/repo",
        "text": "应用展示"
      },
      "propEx": {},
      "events": {},
      "visible": true,
      "locked": false,
      "full": false,
      "$id": "https://ridge-ui.com/schemas/element",
      "slots": []
    },
    {
      "title": "按钮_1",
      "path": "ridge-bootstrap/button",
      "id": "ifmsp3i5b1",
      "style": {
        "position": "absolute",
        "visible": true,
        "x": 1126,
        "y": 231,
        "width": 106,
        "height": 33
      },
      "styleEx": {},
      "props": {
        "type": "primary",
        "src": "",
        "icon": "person-circle",
        "size": "sm",
        "style": "general",
        "rounded": false,
        "full": false,
        "disabled": false,
        "withBadge": false,
        "badgeCount": "",
        "text": "登录/注册"
      },
      "propEx": {},
      "events": {
        "onClick": [
          {
            "store": "Browser",
            "method": "openLink",
            "payload": "#/pages/login"
          }
        ]
      },
      "visible": true,
      "locked": false,
      "full": false,
      "$id": "https://ridge-ui.com/schemas/element",
      "slots": []
    },
    {
      "title": "超链接2",
      "path": "ridge-bootstrap/link",
      "id": "irldvkqvhp",
      "style": {
        "position": "absolute",
        "visible": true,
        "x": 0,
        "y": 0,
        "width": 89,
        "height": 24
      },
      "styleEx": {},
      "props": {
        "classList": [
          "ridge-bootstrap/text-decoration-none",
          "ridge-bootstrap/text-secondary-emphasis",
          "ridge-bootstrap/fw-semibold"
        ],
        "href": "#/pages/document",
        "text": "学习资源"
      },
      "propEx": {},
      "events": {
        "onClick": []
      },
      "visible": true,
      "locked": false,
      "full": false,
      "$id": "https://ridge-ui.com/schemas/element",
      "slots": []
    },
    {
      "title": "文本",
      "path": "ridge-bootstrap/typography",
      "id": "objaxjqtga",
      "style": {
        "position": "absolute",
        "visible": true,
        "x": 0,
        "y": 47,
        "width": 93,
        "height": 28
      },
      "styleEx": {},
      "props": {
        "text": "RidgeUI",
        "classList": [
          "ridge-bootstrap/fw-semibold",
          "ridge-bootstrap/fs-5",
          "ridge-bootstrap/text-body"
        ],
        "color": "#0043AF"
      },
      "propEx": {},
      "events": {},
      "visible": true,
      "locked": false,
      "full": false,
      "$id": "https://ridge-ui.com/schemas/element",
      "slots": []
    },
    {
      "title": "动态切换",
      "path": "ridge-container/layers",
      "id": "tfw6v0m6ic",
      "style": {
        "position": "absolute",
        "visible": true,
        "x": 0,
        "y": 0,
        "width": 121,
        "height": 49
      },
      "styleEx": {},
      "props": {
        "current": "logon",
        "preload": true,
        "classNames": [],
        "children": [
          "uc1xdr8uje",
          "fxny9p09nd"
        ]
      },
      "propEx": {
        "current": "BootStrapThemes.state.displayState"
      },
      "events": {},
      "visible": true,
      "locked": false,
      "full": false,
      "$id": "https://ridge-ui.com/schemas/element",
      "slots": []
    },
    {
      "title": "logon",
      "path": "ridge-container/flex",
      "id": "uc1xdr8uje",
      "style": {
        "position": "absolute",
        "visible": true,
        "x": 0,
        "y": 0,
        "width": 112,
        "height": 49.000000167679
      },
      "styleEx": {},
      "props": {
        "direction": "row",
        "justify": "flex-start",
        "alignItems": "center",
        "flexWrap": false,
        "fill": false,
        "children": [
          "yawrt70yvl",
          "fc4iwfxw2t"
        ],
        "gap": 8,
        "padding": 5,
        "classList": []
      },
      "propEx": {},
      "events": {},
      "visible": true,
      "locked": false,
      "full": false,
      "$id": "https://ridge-ui.com/schemas/element",
      "slots": []
    },
    {
      "title": "按钮",
      "path": "ridge-bootstrap/button",
      "id": "fc4iwfxw2t",
      "style": {
        "position": "absolute",
        "visible": true,
        "x": 0,
        "y": 0,
        "width": 47,
        "height": 30
      },
      "styleEx": {},
      "props": {
        "text": "退出",
        "type": "primary",
        "src": "",
        "size": "sm",
        "style": "light",
        "rounded": false,
        "full": false,
        "disabled": false,
        "withBadge": false,
        "badgeCount": ""
      },
      "propEx": {},
      "events": {
        "onClick": [
          {
            "store": "BootStrapThemes",
            "method": "logout",
            "payload": ""
          }
        ]
      },
      "visible": true,
      "locked": false,
      "full": false,
      "$id": "https://ridge-ui.com/schemas/element",
      "slots": []
    },
    {
      "title": "弹性容器",
      "path": "ridge-container/flex",
      "id": "gme4kskgp4",
      "style": {
        "position": "absolute",
        "visible": true,
        "x": -20,
        "y": 0,
        "width": 261,
        "height": 50
      },
      "styleEx": {},
      "props": {
        "direction": "row",
        "justify": "flex-start",
        "alignItems": "center",
        "flexWrap": false,
        "fill": false,
        "children": [
          "gkbg86y7c1",
          "t3zyg2wwi3"
        ],
        "gap": 5,
        "padding": 8,
        "classList": []
      },
      "propEx": {},
      "events": {},
      "visible": true,
      "locked": false,
      "full": false,
      "$id": "https://ridge-ui.com/schemas/element",
      "slots": []
    },
    {
      "title": "图片",
      "path": "ridge-bootstrap/image",
      "id": "yawrt70yvl",
      "style": {
        "position": "absolute",
        "visible": true,
        "x": 0,
        "y": 0,
        "width": 40,
        "height": 40
      },
      "styleEx": {},
      "props": {
        "src": "",
        "classList": [
          "ridge-bootstrap/rounded-circle"
        ]
      },
      "propEx": {
        "src": "BootStrapThemes.state.userAvatarUrl"
      },
      "events": {},
      "visible": true,
      "locked": false,
      "full": false,
      "$id": "https://ridge-ui.com/schemas/element",
      "slots": []
    },
    {
      "title": "超链接2",
      "path": "ridge-bootstrap/link",
      "id": "jd643ud9g7",
      "style": {
        "position": "absolute",
        "visible": true,
        "x": 0,
        "y": 0,
        "width": 71,
        "height": 24
      },
      "styleEx": {},
      "props": {
        "classList": [
          "ridge-bootstrap/text-decoration-none",
          "ridge-bootstrap/text-secondary-emphasis",
          "ridge-bootstrap/fw-semibold"
        ],
        "href": "#/pages/download",
        "text": "社区版本"
      },
      "propEx": {},
      "events": {
        "onClick": []
      },
      "visible": true,
      "locked": false,
      "full": false,
      "$id": "https://ridge-ui.com/schemas/element",
      "slots": []
    },
    {
      "title": "图片_1",
      "path": "ridge-bootstrap/image",
      "id": "zefkulhant",
      "style": {
        "position": "absolute",
        "visible": true,
        "x": 0,
        "y": 0,
        "width": 40,
        "height": 40
      },
      "styleEx": {},
      "props": {
        "classList": [],
        "src": "composite:///Ridge_logo.png"
      },
      "propEx": {},
      "events": {},
      "visible": true,
      "locked": false,
      "full": false,
      "$id": "https://ridge-ui.com/schemas/element",
      "slots": []
    },
    {
      "title": "图标",
      "path": "ridge-bootstrap/icons",
      "id": "t3zyg2wwi3",
      "style": {
        "position": "absolute",
        "visible": true,
        "x": 0,
        "y": -40,
        "width": 38,
        "height": 29
      },
      "styleEx": {},
      "props": {
        "icon": "question-circle",
        "color": "",
        "size": 20,
        "btn": false,
        "classList": [
          "ridge-bootstrap/text-body-secondary"
        ]
      },
      "propEx": {
        "icon": "BootStrapThemes.state.currentIcon"
      },
      "events": {
        "onClick": [
          {
            "store": "BootStrapThemes",
            "method": "toggleColorMode",
            "payload": ""
          }
        ]
      },
      "visible": true,
      "locked": false,
      "full": false,
      "slots": []
    },
    {
      "title": "列表容器",
      "path": "ridge-container/list",
      "id": "gkbg86y7c1",
      "style": {
        "position": "absolute",
        "visible": true,
        "x": 0,
        "y": 0,
        "width": 171,
        "height": 20
      },
      "styleEx": {},
      "props": {
        "dataSource": [],
        "selected": [],
        "children": [
          "m22oz2qgpw"
        ],
        "overflowAuto": false,
        "direction": "y",
        "fixedHeight": true,
        "fixedWidth": true,
        "horizontalDivide": 3,
        "verticalDivide": 3,
        "sortable": false,
        "gap": 4,
        "classNames": []
      },
      "propEx": {
        "dataSource": "BootStrapThemes.state.themes"
      },
      "events": {},
      "visible": true,
      "locked": false,
      "full": false,
      "slots": []
    },
    {
      "title": "矩形",
      "path": "ridge-bootstrap/div",
      "id": "m22oz2qgpw",
      "style": {
        "position": "absolute",
        "visible": true,
        "x": 549,
        "y": 209,
        "width": 20,
        "height": 20
      },
      "styleEx": {},
      "props": {
        "color": "",
        "bgcolor": "#31d6cb",
        "mask": "",
        "center": false,
        "effect": "",
        "classList": [
          "ridge-bootstrap/rounded-3"
        ]
      },
      "propEx": {
        "bgcolor": "BootStrapThemes.computed.themeColor"
      },
      "events": {
        "onClick": [
          {
            "store": "BootStrapThemes",
            "method": "setTheme",
            "payload": ""
          }
        ]
      },
      "visible": true,
      "locked": false,
      "full": false,
      "slots": []
    }
  ],
  "name": "Header",
  "children": [
    "rokf3tmp08"
  ],
  "events": {
    "irldvkqvhp-onClick": [
      {
        "store": "Browser",
        "method": "openLink",
        "payload": "/pages/request"
      }
    ]
  }
}