{
  "version": "1.2.0",
  "style": {
    "width": 1920,
    "height": 1380,
    "background": "",
    "classNames": []
  },
  "properties": {},
  "cssFiles": [],
  "jsFiles": [],
  "elements": [
    {
      "title": "弹性容器",
      "path": "ridge-container/flex",
      "id": "j77dvxg6wv",
      "style": {
        "position": "absolute",
        "visible": true,
        "x": 560,
        "y": 75,
        "width": 359,
        "height": 239
      },
      "styleEx": {},
      "props": {
        "direction": "row",
        "justify": "center",
        "alignItems": "flex-start",
        "flexWrap": false,
        "fill": false,
        "children": [
          "fslctwythq"
        ],
        "gap": 8,
        "padding": 8,
        "classList": []
      },
      "propEx": {},
      "events": {},
      "visible": true,
      "locked": false,
      "full": true,
      "$id": "https://ridge-ui.com/schemas/element",
      "slots": []
    },
    {
      "title": "弹性容器_1",
      "path": "ridge-container/flex",
      "id": "fslctwythq",
      "style": {
        "position": "absolute",
        "visible": true,
        "x": 0,
        "y": 0,
        "width": 1232,
        "height": 1259
      },
      "styleEx": {},
      "props": {
        "direction": "column",
        "justify": "flex-start",
        "alignItems": "center",
        "flexWrap": false,
        "fill": false,
        "children": [
          "amf58jfcj1",
          "0nev0227i7",
          "7p5mj0rk4s",
          "vfygkeh2gm"
        ],
        "gap": 8,
        "padding": 8,
        "classList": []
      },
      "propEx": {},
      "events": {},
      "visible": true,
      "locked": false,
      "full": false,
      "$id": "https://ridge-ui.com/schemas/element",
      "slots": []
    },
    {
      "title": "文本",
      "path": "ridge-bootstrap/typography",
      "id": "amf58jfcj1",
      "style": {
        "position": "absolute",
        "visible": true,
        "x": 205,
        "y": 0,
        "width": 136,
        "height": 59
      },
      "styleEx": {},
      "props": {
        "classList": [
          "ridge-bootstrap/fs-2",
          "ridge-bootstrap/fw-medium"
        ],
        "text": "用户类型"
      },
      "propEx": {},
      "events": {},
      "visible": true,
      "locked": false,
      "full": false,
      "$id": "https://ridge-ui.com/schemas/element",
      "slots": []
    },
    {
      "title": "文本_1",
      "path": "ridge-bootstrap/typography",
      "id": "0nev0227i7",
      "style": {
        "position": "absolute",
        "visible": true,
        "x": -100,
        "y": 0,
        "width": 322,
        "height": 41
      },
      "styleEx": {},
      "props": {
        "classList": [],
        "text": "通过成为付费用户，享受更多权益及服务"
      },
      "propEx": {},
      "events": {},
      "visible": true,
      "locked": false,
      "full": false,
      "$id": "https://ridge-ui.com/schemas/element",
      "slots": []
    },
    {
      "title": "弹性容器_2",
      "path": "ridge-container/flex",
      "id": "7p5mj0rk4s",
      "style": {
        "position": "absolute",
        "visible": true,
        "x": 0,
        "y": 11,
        "width": 1002,
        "height": 408
      },
      "styleEx": {},
      "props": {
        "direction": "row",
        "justify": "center",
        "alignItems": "center",
        "flexWrap": false,
        "fill": false,
        "children": [
          "cl60wdmdq6",
          "u0hwmwhthj",
          "ycqzzcpjer"
        ],
        "gap": 34,
        "padding": 8,
        "classList": []
      },
      "propEx": {},
      "events": {},
      "visible": true,
      "locked": false,
      "full": false,
      "$id": "https://ridge-ui.com/schemas/element",
      "slots": []
    },
    {
      "title": "弹性容器_3",
      "path": "ridge-container/flex",
      "id": "cl60wdmdq6",
      "style": {
        "position": "absolute",
        "visible": true,
        "x": 0,
        "y": 0,
        "width": 267,
        "height": 317
      },
      "styleEx": {},
      "props": {
        "direction": "column",
        "justify": "flex-start",
        "alignItems": "center",
        "flexWrap": false,
        "fill": false,
        "children": [
          "3pr6ahauev",
          "qi77yughnr",
          "r7ssg6wxyv",
          "73q07w78z6",
          "buuznxpvqz",
          "e3lcti5wdj"
        ],
        "gap": 8,
        "padding": 0,
        "classList": [
          "ridge-bootstrap/border-1",
          "ridge-bootstrap/rounded-2",
          "ridge-bootstrap/border"
        ]
      },
      "propEx": {},
      "events": {},
      "visible": true,
      "locked": false,
      "full": false,
      "$id": "https://ridge-ui.com/schemas/element",
      "slots": []
    },
    {
      "title": "文本_2",
      "path": "ridge-bootstrap/typography",
      "id": "3pr6ahauev",
      "style": {
        "position": "absolute",
        "visible": true,
        "x": 0,
        "y": 0,
        "width": 266,
        "height": 52
      },
      "styleEx": {},
      "props": {
        "classList": [
          "ridge-bootstrap/fs-4",
          "ridge-bootstrap/border-bottom",
          "ridge-bootstrap/border-1",
          "ridge-bootstrap/text-center",
          "ridge-bootstrap/p-2"
        ],
        "text": "免费"
      },
      "propEx": {},
      "events": {},
      "visible": true,
      "locked": false,
      "full": false,
      "$id": "https://ridge-ui.com/schemas/element",
      "slots": []
    },
    {
      "title": "文本_3",
      "path": "ridge-bootstrap/typography",
      "id": "qi77yughnr",
      "style": {
        "position": "absolute",
        "visible": true,
        "x": 0,
        "y": 0,
        "width": 264,
        "height": 64
      },
      "styleEx": {},
      "props": {
        "classList": [
          "ridge-bootstrap/fs-2",
          "ridge-bootstrap/text-center",
          "ridge-bootstrap/pt-2"
        ],
        "text": "0元/年"
      },
      "propEx": {},
      "events": {},
      "visible": true,
      "locked": false,
      "full": false,
      "$id": "https://ridge-ui.com/schemas/element",
      "slots": []
    },
    {
      "title": "文本_4",
      "path": "ridge-bootstrap/typography",
      "id": "r7ssg6wxyv",
      "style": {
        "position": "absolute",
        "visible": true,
        "x": 720,
        "y": 0,
        "width": 155,
        "height": 22
      },
      "styleEx": {},
      "props": {
        "classList": [],
        "text": "注册成为免费用户"
      },
      "propEx": {},
      "events": {},
      "visible": true,
      "locked": false,
      "full": false,
      "$id": "https://ridge-ui.com/schemas/element",
      "slots": []
    },
    {
      "title": "文本_4",
      "path": "ridge-bootstrap/typography",
      "id": "73q07w78z6",
      "style": {
        "position": "absolute",
        "visible": true,
        "x": 720,
        "y": 0,
        "width": 155,
        "height": 22
      },
      "styleEx": {},
      "props": {
        "classList": [],
        "text": "免费存储4个应用"
      },
      "propEx": {},
      "events": {},
      "visible": true,
      "locked": false,
      "full": false,
      "$id": "https://ridge-ui.com/schemas/element",
      "slots": []
    },
    {
      "title": "文本_4",
      "path": "ridge-bootstrap/typography",
      "id": "buuznxpvqz",
      "style": {
        "position": "absolute",
        "visible": true,
        "x": 0,
        "y": 0,
        "width": 155,
        "height": 48
      },
      "styleEx": {},
      "props": {
        "classList": [],
        "text": "应用空间最大为1M"
      },
      "propEx": {},
      "events": {},
      "visible": true,
      "locked": false,
      "full": false,
      "$id": "https://ridge-ui.com/schemas/element",
      "slots": []
    },
    {
      "title": "按钮",
      "path": "ridge-bootstrap/button",
      "id": "e3lcti5wdj",
      "style": {
        "position": "absolute",
        "visible": true,
        "x": 0,
        "y": 0,
        "width": 187,
        "height": 47
      },
      "styleEx": {},
      "props": {
        "type": "primary",
        "src": "",
        "icon": "arrow-up-right",
        "size": "lg",
        "style": "outline",
        "rounded": false,
        "full": true,
        "disabled": false,
        "withBadge": false,
        "badgeCount": "",
        "text": "马上注册"
      },
      "propEx": {},
      "events": {},
      "visible": true,
      "locked": false,
      "full": false,
      "$id": "https://ridge-ui.com/schemas/element",
      "slots": []
    },
    {
      "title": "文本_2",
      "path": "ridge-bootstrap/typography",
      "id": "1jquf7ktuc",
      "style": {
        "position": "absolute",
        "visible": true,
        "x": 0,
        "y": 0,
        "width": 266,
        "height": 52
      },
      "styleEx": {},
      "props": {
        "classList": [
          "ridge-bootstrap/fs-4",
          "ridge-bootstrap/border-bottom",
          "ridge-bootstrap/border-1",
          "ridge-bootstrap/text-center",
          "ridge-bootstrap/p-2"
        ],
        "text": "基础付费用户"
      },
      "propEx": {},
      "events": {},
      "visible": true,
      "locked": false,
      "full": false,
      "$id": "https://ridge-ui.com/schemas/element",
      "slots": []
    },
    {
      "title": "文本_3",
      "path": "ridge-bootstrap/typography",
      "id": "moc3nzuct3",
      "style": {
        "position": "absolute",
        "visible": true,
        "x": 0,
        "y": -90,
        "width": 132,
        "height": 54
      },
      "styleEx": {},
      "props": {
        "classList": [
          "ridge-bootstrap/fs-2",
          "ridge-bootstrap/text-body"
        ],
        "text": "¥48/年"
      },
      "propEx": {},
      "events": {},
      "visible": true,
      "locked": false,
      "full": false,
      "$id": "https://ridge-ui.com/schemas/element",
      "slots": []
    },
    {
      "title": "文本_4",
      "path": "ridge-bootstrap/typography",
      "id": "on35072ii7",
      "style": {
        "position": "absolute",
        "visible": true,
        "x": -138,
        "y": 0,
        "width": 195,
        "height": 43
      },
      "styleEx": {},
      "props": {
        "classList": [
          "ridge-bootstrap/text-success",
          "ridge-bootstrap/fw-semibold"
        ],
        "text": "提供应用发布与预览服务"
      },
      "propEx": {},
      "events": {},
      "visible": true,
      "locked": false,
      "full": false,
      "$id": "https://ridge-ui.com/schemas/element",
      "slots": []
    },
    {
      "title": "文本_4",
      "path": "ridge-bootstrap/typography",
      "id": "e7z3oay1l1",
      "style": {
        "position": "absolute",
        "visible": true,
        "x": 720,
        "y": 0,
        "width": 155,
        "height": 22
      },
      "styleEx": {},
      "props": {
        "classList": [],
        "text": "最多存储12个应用"
      },
      "propEx": {},
      "events": {},
      "visible": true,
      "locked": false,
      "full": false,
      "$id": "https://ridge-ui.com/schemas/element",
      "slots": []
    },
    {
      "title": "文本_4",
      "path": "ridge-bootstrap/typography",
      "id": "y3m208vs3g",
      "style": {
        "position": "absolute",
        "visible": true,
        "x": 47,
        "y": 0,
        "width": 159,
        "height": 22
      },
      "styleEx": {},
      "props": {
        "classList": [],
        "text": "应用空间最大为32M"
      },
      "propEx": {},
      "events": {},
      "visible": true,
      "locked": false,
      "full": false,
      "$id": "https://ridge-ui.com/schemas/element",
      "slots": []
    },
    {
      "title": "按钮",
      "path": "ridge-bootstrap/button",
      "id": "n0ilb66l49",
      "style": {
        "position": "absolute",
        "visible": true,
        "x": 0,
        "y": 0,
        "width": 187,
        "height": 51
      },
      "styleEx": {},
      "props": {
        "type": "primary",
        "src": "",
        "icon": "hand-thumbs-up",
        "size": "lg",
        "style": "general",
        "rounded": false,
        "full": true,
        "disabled": false,
        "withBadge": false,
        "badgeCount": "",
        "text": "马上注册"
      },
      "propEx": {},
      "events": {
        "onClick": [
          {
            "store": "",
            "method": "",
            "payload": ""
          }
        ]
      },
      "visible": true,
      "locked": false,
      "full": false,
      "$id": "https://ridge-ui.com/schemas/element",
      "slots": []
    },
    {
      "title": "弹性容器_3",
      "path": "ridge-container/flex",
      "id": "u0hwmwhthj",
      "style": {
        "position": "absolute",
        "visible": true,
        "x": 0,
        "y": 0,
        "width": 267,
        "height": 317
      },
      "styleEx": {},
      "props": {
        "direction": "column",
        "justify": "flex-start",
        "alignItems": "center",
        "flexWrap": false,
        "fill": false,
        "children": [
          "1jquf7ktuc",
          "k6t4hua4db",
          "e7z3oay1l1",
          "y3m208vs3g",
          "on35072ii7",
          "n0ilb66l49"
        ],
        "gap": 8,
        "padding": 0,
        "classList": [
          "ridge-bootstrap/border-1",
          "ridge-bootstrap/rounded-2",
          "ridge-bootstrap/border"
        ]
      },
      "propEx": {},
      "events": {},
      "visible": true,
      "locked": false,
      "full": false,
      "$id": "https://ridge-ui.com/schemas/element",
      "slots": []
    },
    {
      "title": "弹性容器_4",
      "path": "ridge-container/flex",
      "id": "k6t4hua4db",
      "style": {
        "position": "absolute",
        "visible": true,
        "x": -143,
        "y": 0,
        "width": 230,
        "height": 66
      },
      "styleEx": {},
      "props": {
        "direction": "row",
        "justify": "center",
        "alignItems": "flex-end",
        "flexWrap": false,
        "fill": false,
        "children": [
          "cye9f5yuhw",
          "moc3nzuct3"
        ],
        "gap": 8,
        "padding": 0,
        "classList": []
      },
      "propEx": {},
      "events": {},
      "visible": true,
      "locked": false,
      "full": false,
      "$id": "https://ridge-ui.com/schemas/element",
      "slots": []
    },
    {
      "title": "文本_5",
      "path": "ridge-bootstrap/typography",
      "id": "cye9f5yuhw",
      "style": {
        "position": "absolute",
        "visible": true,
        "x": 0,
        "y": -27,
        "width": 27,
        "height": 45
      },
      "styleEx": {},
      "props": {
        "text": "96",
        "classList": [
          "ridge-bootstrap/text-decoration-line-through",
          "ridge-bootstrap/fs-4",
          "ridge-bootstrap/text-danger"
        ]
      },
      "propEx": {},
      "events": {},
      "visible": true,
      "locked": false,
      "full": false,
      "$id": "https://ridge-ui.com/schemas/element",
      "slots": []
    },
    {
      "title": "文本_2",
      "path": "ridge-bootstrap/typography",
      "id": "t5976x9d94",
      "style": {
        "position": "absolute",
        "visible": true,
        "x": 0,
        "y": 0,
        "width": 266,
        "height": 52
      },
      "styleEx": {},
      "props": {
        "classList": [
          "ridge-bootstrap/fs-4",
          "ridge-bootstrap/border-bottom",
          "ridge-bootstrap/border-1",
          "ridge-bootstrap/text-center",
          "ridge-bootstrap/p-2"
        ],
        "text": "商业付费用户"
      },
      "propEx": {},
      "events": {},
      "visible": true,
      "locked": false,
      "full": false,
      "$id": "https://ridge-ui.com/schemas/element",
      "slots": []
    },
    {
      "title": "文本_5",
      "path": "ridge-bootstrap/typography",
      "id": "i279jylxft",
      "style": {
        "position": "absolute",
        "visible": true,
        "x": -779,
        "y": 0,
        "width": 56,
        "height": 45
      },
      "styleEx": {},
      "props": {
        "text": "1900",
        "classList": [
          "ridge-bootstrap/text-decoration-line-through",
          "ridge-bootstrap/fs-4",
          "ridge-bootstrap/text-danger"
        ]
      },
      "propEx": {},
      "events": {},
      "visible": true,
      "locked": false,
      "full": false,
      "$id": "https://ridge-ui.com/schemas/element",
      "slots": []
    },
    {
      "title": "文本_3",
      "path": "ridge-bootstrap/typography",
      "id": "399qb2eskq",
      "style": {
        "position": "absolute",
        "visible": true,
        "x": 0,
        "y": -90,
        "width": 132,
        "height": 54
      },
      "styleEx": {},
      "props": {
        "classList": [
          "ridge-bootstrap/fs-2",
          "ridge-bootstrap/text-body"
        ],
        "text": "¥668/年"
      },
      "propEx": {},
      "events": {},
      "visible": true,
      "locked": false,
      "full": false,
      "$id": "https://ridge-ui.com/schemas/element",
      "slots": []
    },
    {
      "title": "弹性容器_4",
      "path": "ridge-container/flex",
      "id": "ues9qjh50b",
      "style": {
        "position": "absolute",
        "visible": true,
        "x": -143,
        "y": 0,
        "width": 230,
        "height": 66
      },
      "styleEx": {},
      "props": {
        "direction": "row",
        "justify": "center",
        "alignItems": "flex-end",
        "flexWrap": false,
        "fill": false,
        "children": [
          "i279jylxft",
          "399qb2eskq"
        ],
        "gap": 8,
        "padding": 0,
        "classList": []
      },
      "propEx": {},
      "events": {},
      "visible": true,
      "locked": false,
      "full": false,
      "$id": "https://ridge-ui.com/schemas/element",
      "slots": []
    },
    {
      "title": "文本_4",
      "path": "ridge-bootstrap/typography",
      "id": "ln8qhumgxy",
      "style": {
        "position": "absolute",
        "visible": true,
        "x": 720,
        "y": 0,
        "width": 155,
        "height": 22
      },
      "styleEx": {},
      "props": {
        "classList": [],
        "text": "最多存储64个应用"
      },
      "propEx": {},
      "events": {},
      "visible": true,
      "locked": false,
      "full": false,
      "$id": "https://ridge-ui.com/schemas/element",
      "slots": []
    },
    {
      "title": "文本_4",
      "path": "ridge-bootstrap/typography",
      "id": "ngopri4emy",
      "style": {
        "position": "absolute",
        "visible": true,
        "x": 0,
        "y": 0,
        "width": 155,
        "height": 22
      },
      "styleEx": {},
      "props": {
        "classList": [],
        "text": "应用最大为255M"
      },
      "propEx": {},
      "events": {},
      "visible": true,
      "locked": false,
      "full": false,
      "$id": "https://ridge-ui.com/schemas/element",
      "slots": []
    },
    {
      "title": "文本_4",
      "path": "ridge-bootstrap/typography",
      "id": "tsnfhxzdvn",
      "style": {
        "position": "absolute",
        "visible": true,
        "x": -242,
        "y": 0,
        "width": 184,
        "height": 43
      },
      "styleEx": {},
      "props": {
        "classList": [
          "ridge-bootstrap/text-success",
          "ridge-bootstrap/fw-semibold",
          "ridge-bootstrap/hover:fs-5"
        ],
        "text": "提供高质量应用托管服务"
      },
      "propEx": {},
      "events": {},
      "visible": true,
      "locked": false,
      "full": false,
      "$id": "https://ridge-ui.com/schemas/element",
      "slots": []
    },
    {
      "title": "按钮",
      "path": "ridge-bootstrap/button",
      "id": "nm563hod2q",
      "style": {
        "position": "absolute",
        "visible": true,
        "x": 0,
        "y": 0,
        "width": 187,
        "height": 51
      },
      "styleEx": {},
      "props": {
        "type": "success",
        "src": "",
        "icon": "globe",
        "size": "lg",
        "style": "general",
        "rounded": false,
        "full": true,
        "disabled": false,
        "withBadge": false,
        "badgeCount": "",
        "text": "马上注册"
      },
      "propEx": {},
      "events": {
        "onClick": [
          {
            "store": "",
            "method": "",
            "payload": ""
          }
        ]
      },
      "visible": true,
      "locked": false,
      "full": false,
      "$id": "https://ridge-ui.com/schemas/element",
      "slots": []
    },
    {
      "title": "弹性容器_3",
      "path": "ridge-container/flex",
      "id": "ycqzzcpjer",
      "style": {
        "position": "absolute",
        "visible": true,
        "x": 0,
        "y": 0,
        "width": 267,
        "height": 317
      },
      "styleEx": {},
      "props": {
        "direction": "column",
        "justify": "flex-start",
        "alignItems": "center",
        "flexWrap": false,
        "fill": false,
        "children": [
          "t5976x9d94",
          "ues9qjh50b",
          "ln8qhumgxy",
          "ngopri4emy",
          "tsnfhxzdvn",
          "nm563hod2q"
        ],
        "gap": 8,
        "padding": 0,
        "classList": [
          "ridge-bootstrap/border-1",
          "ridge-bootstrap/rounded-2",
          "ridge-bootstrap/border"
        ]
      },
      "propEx": {},
      "events": {},
      "visible": true,
      "locked": false,
      "full": false,
      "$id": "https://ridge-ui.com/schemas/element",
      "slots": []
    },
    {
      "title": "弹性容器_5",
      "path": "ridge-container/flex",
      "id": "vfygkeh2gm",
      "style": {
        "position": "absolute",
        "visible": true,
        "x": 0,
        "y": 0,
        "width": 956,
        "height": 684
      },
      "styleEx": {},
      "props": {
        "direction": "column",
        "justify": "flex-start",
        "alignItems": "center",
        "flexWrap": false,
        "fill": false,
        "children": [
          "xr9jwsdezp",
          "heybu50hig",
          "cfzbmxiuct",
          "81zc9pflsq",
          "33o5un6pnn",
          "qi7ijkz1v7",
          "omzqqkst0w",
          "03bivdg8ly",
          "vhrdbf00ej",
          "lkyi45zuaj",
          "r54p2vsf2d"
        ],
        "gap": 4,
        "padding": 8,
        "classList": []
      },
      "propEx": {},
      "events": {},
      "visible": true,
      "locked": false,
      "full": false,
      "$id": "https://ridge-ui.com/schemas/element",
      "slots": []
    },
    {
      "title": "文本_6",
      "path": "ridge-bootstrap/typography",
      "id": "xr9jwsdezp",
      "style": {
        "position": "absolute",
        "visible": true,
        "x": 0,
        "y": 0,
        "width": 137,
        "height": 57
      },
      "styleEx": {},
      "props": {
        "classList": [
          "ridge-bootstrap/fs-3"
        ],
        "text": "计划对比"
      },
      "propEx": {},
      "events": {},
      "visible": true,
      "locked": false,
      "full": false,
      "$id": "https://ridge-ui.com/schemas/element",
      "slots": []
    },
    {
      "title": "弹性容器_6",
      "path": "ridge-container/flex",
      "id": "heybu50hig",
      "style": {
        "position": "absolute",
        "visible": true,
        "x": -10,
        "y": 0,
        "width": 913,
        "height": 59
      },
      "styleEx": {},
      "props": {
        "direction": "row",
        "justify": "flex-start",
        "alignItems": "center",
        "flexWrap": false,
        "fill": false,
        "children": [
          "wcg5t21sb5",
          "x4og78jp5j",
          "ssyyxvthpp",
          "7pokn6vn3p"
        ],
        "gap": 8,
        "padding": 8,
        "classList": [
          "ridge-bootstrap/border-primary-emphasis",
          "ridge-bootstrap/border-1",
          "ridge-bootstrap/border-bottom"
        ]
      },
      "propEx": {},
      "events": {},
      "visible": true,
      "locked": false,
      "full": false,
      "$id": "https://ridge-ui.com/schemas/element",
      "slots": []
    },
    {
      "title": "文本_7",
      "path": "ridge-bootstrap/typography",
      "id": "wcg5t21sb5",
      "style": {
        "position": "absolute",
        "visible": true,
        "x": 0,
        "y": 0,
        "width": 626,
        "height": 21
      },
      "styleEx": {},
      "props": {
        "text": "功能",
        "classList": []
      },
      "propEx": {},
      "events": {},
      "visible": true,
      "locked": false,
      "full": false,
      "$id": "https://ridge-ui.com/schemas/element",
      "slots": []
    },
    {
      "title": "文本_8",
      "path": "ridge-bootstrap/typography",
      "id": "x4og78jp5j",
      "style": {
        "position": "absolute",
        "visible": true,
        "x": 0,
        "y": 0,
        "width": 66,
        "height": 21
      },
      "styleEx": {},
      "props": {
        "text": "免费",
        "classList": []
      },
      "propEx": {},
      "events": {},
      "visible": true,
      "locked": false,
      "full": false,
      "$id": "https://ridge-ui.com/schemas/element",
      "slots": []
    },
    {
      "title": "文本_9",
      "path": "ridge-bootstrap/typography",
      "id": "ssyyxvthpp",
      "style": {
        "position": "absolute",
        "visible": true,
        "x": 0,
        "y": 0,
        "width": 82,
        "height": 21
      },
      "styleEx": {},
      "props": {
        "text": "基础付费",
        "classList": []
      },
      "propEx": {},
      "events": {},
      "visible": true,
      "locked": false,
      "full": false,
      "$id": "https://ridge-ui.com/schemas/element",
      "slots": []
    },
    {
      "title": "文本_10",
      "path": "ridge-bootstrap/typography",
      "id": "7pokn6vn3p",
      "style": {
        "position": "absolute",
        "visible": true,
        "x": 1186,
        "y": 549,
        "width": 99,
        "height": 21
      },
      "styleEx": {},
      "props": {
        "classList": [],
        "text": "商业付费"
      },
      "propEx": {},
      "events": {},
      "visible": true,
      "locked": false,
      "full": false,
      "$id": "https://ridge-ui.com/schemas/element",
      "slots": []
    },
    {
      "title": "弹性容器_7",
      "path": "ridge-container/flex",
      "id": "cfzbmxiuct",
      "style": {
        "position": "absolute",
        "visible": true,
        "x": 0,
        "y": 0,
        "width": 908,
        "height": 47
      },
      "styleEx": {},
      "props": {
        "direction": "row",
        "justify": "flex-start",
        "alignItems": "center",
        "flexWrap": false,
        "fill": false,
        "children": [
          "20c2j8nie4",
          "n88d7pvvna",
          "k3orp1520s",
          "7960ys6hbv"
        ],
        "gap": 8,
        "padding": 8,
        "classList": [
          "ridge-bootstrap/border-bottom",
          "ridge-bootstrap/border-1",
          "ridge-bootstrap/border-body-tertiary"
        ]
      },
      "propEx": {},
      "events": {},
      "visible": true,
      "locked": false,
      "full": false,
      "$id": "https://ridge-ui.com/schemas/element",
      "slots": []
    },
    {
      "title": "文本_11",
      "path": "ridge-bootstrap/typography",
      "id": "20c2j8nie4",
      "style": {
        "position": "absolute",
        "visible": true,
        "x": 0,
        "y": 0,
        "width": 600,
        "height": 17
      },
      "styleEx": {},
      "props": {
        "classList": [],
        "text": "使用编辑器进行页面和应用制作"
      },
      "propEx": {},
      "events": {},
      "visible": true,
      "locked": false,
      "full": false,
      "$id": "https://ridge-ui.com/schemas/element",
      "slots": []
    },
    {
      "title": "图标",
      "path": "ridge-bootstrap/icons",
      "id": "n88d7pvvna",
      "style": {
        "position": "absolute",
        "visible": true,
        "x": 0,
        "y": 0,
        "width": 80,
        "height": 36
      },
      "styleEx": {},
      "props": {
        "icon": "check2-circle",
        "btn": false,
        "classList": [
          "ridge-bootstrap/text-success",
          "ridge-bootstrap/fs-4"
        ]
      },
      "propEx": {},
      "events": {},
      "visible": true,
      "locked": false,
      "full": false,
      "$id": "https://ridge-ui.com/schemas/element",
      "slots": []
    },
    {
      "title": "图标",
      "path": "ridge-bootstrap/icons",
      "id": "k3orp1520s",
      "style": {
        "position": "absolute",
        "visible": true,
        "x": 0,
        "y": 0,
        "width": 80,
        "height": 36
      },
      "styleEx": {},
      "props": {
        "icon": "check2-circle",
        "btn": false,
        "classList": [
          "ridge-bootstrap/text-success",
          "ridge-bootstrap/fs-4"
        ]
      },
      "propEx": {},
      "events": {},
      "visible": true,
      "locked": false,
      "full": false,
      "$id": "https://ridge-ui.com/schemas/element",
      "slots": []
    },
    {
      "title": "图标",
      "path": "ridge-bootstrap/icons",
      "id": "7960ys6hbv",
      "style": {
        "position": "absolute",
        "visible": true,
        "x": 0,
        "y": 0,
        "width": 80,
        "height": 36
      },
      "styleEx": {},
      "props": {
        "icon": "check2-circle",
        "btn": false,
        "classList": [
          "ridge-bootstrap/text-success",
          "ridge-bootstrap/fs-4"
        ]
      },
      "propEx": {},
      "events": {},
      "visible": true,
      "locked": false,
      "full": false,
      "$id": "https://ridge-ui.com/schemas/element",
      "slots": []
    },
    {
      "title": "文本_11",
      "path": "ridge-bootstrap/typography",
      "id": "8dpa03beo3",
      "style": {
        "position": "absolute",
        "visible": true,
        "x": 0,
        "y": 0,
        "width": 600,
        "height": 17
      },
      "styleEx": {},
      "props": {
        "classList": [],
        "text": "使用编辑器导入、导出应用及页面"
      },
      "propEx": {},
      "events": {},
      "visible": true,
      "locked": false,
      "full": false,
      "$id": "https://ridge-ui.com/schemas/element",
      "slots": []
    },
    {
      "title": "图标",
      "path": "ridge-bootstrap/icons",
      "id": "7p3d5odv3g",
      "style": {
        "position": "absolute",
        "visible": true,
        "x": 0,
        "y": 0,
        "width": 80,
        "height": 36
      },
      "styleEx": {},
      "props": {
        "icon": "check2-circle",
        "btn": false,
        "classList": [
          "ridge-bootstrap/text-success",
          "ridge-bootstrap/fs-4"
        ]
      },
      "propEx": {},
      "events": {},
      "visible": true,
      "locked": false,
      "full": false,
      "$id": "https://ridge-ui.com/schemas/element",
      "slots": []
    },
    {
      "title": "图标",
      "path": "ridge-bootstrap/icons",
      "id": "9xnghef57p",
      "style": {
        "position": "absolute",
        "visible": true,
        "x": 0,
        "y": 0,
        "width": 80,
        "height": 36
      },
      "styleEx": {},
      "props": {
        "icon": "check2-circle",
        "btn": false,
        "classList": [
          "ridge-bootstrap/text-success",
          "ridge-bootstrap/fs-4"
        ]
      },
      "propEx": {},
      "events": {},
      "visible": true,
      "locked": false,
      "full": false,
      "$id": "https://ridge-ui.com/schemas/element",
      "slots": []
    },
    {
      "title": "图标",
      "path": "ridge-bootstrap/icons",
      "id": "aalmxrt35y",
      "style": {
        "position": "absolute",
        "visible": true,
        "x": 0,
        "y": 0,
        "width": 80,
        "height": 36
      },
      "styleEx": {},
      "props": {
        "icon": "check2-circle",
        "btn": false,
        "classList": [
          "ridge-bootstrap/text-success",
          "ridge-bootstrap/fs-4"
        ]
      },
      "propEx": {},
      "events": {},
      "visible": true,
      "locked": false,
      "full": false,
      "$id": "https://ridge-ui.com/schemas/element",
      "slots": []
    },
    {
      "title": "弹性容器_7",
      "path": "ridge-container/flex",
      "id": "81zc9pflsq",
      "style": {
        "position": "absolute",
        "visible": true,
        "x": 0,
        "y": 0,
        "width": 908,
        "height": 47
      },
      "styleEx": {},
      "props": {
        "direction": "row",
        "justify": "flex-start",
        "alignItems": "center",
        "flexWrap": false,
        "fill": false,
        "children": [
          "8dpa03beo3",
          "7p3d5odv3g",
          "9xnghef57p",
          "aalmxrt35y"
        ],
        "gap": 8,
        "padding": 8,
        "classList": [
          "ridge-bootstrap/border-bottom",
          "ridge-bootstrap/border-1",
          "ridge-bootstrap/border-body-tertiary"
        ]
      },
      "propEx": {},
      "events": {},
      "visible": true,
      "locked": false,
      "full": false,
      "$id": "https://ridge-ui.com/schemas/element",
      "slots": []
    },
    {
      "title": "文本_11",
      "path": "ridge-bootstrap/typography",
      "id": "iguwnasz73",
      "style": {
        "position": "absolute",
        "visible": true,
        "x": 0,
        "y": 0,
        "width": 600,
        "height": 17
      },
      "styleEx": {},
      "props": {
        "classList": [],
        "text": "从云端服务保存及加载应用"
      },
      "propEx": {},
      "events": {},
      "visible": true,
      "locked": false,
      "full": false,
      "$id": "https://ridge-ui.com/schemas/element",
      "slots": []
    },
    {
      "title": "图标",
      "path": "ridge-bootstrap/icons",
      "id": "vtqedvo5we",
      "style": {
        "position": "absolute",
        "visible": true,
        "x": 0,
        "y": 0,
        "width": 80,
        "height": 36
      },
      "styleEx": {},
      "props": {
        "icon": "check2-circle",
        "btn": false,
        "classList": [
          "ridge-bootstrap/text-success",
          "ridge-bootstrap/fs-4"
        ]
      },
      "propEx": {},
      "events": {},
      "visible": true,
      "locked": false,
      "full": false,
      "$id": "https://ridge-ui.com/schemas/element",
      "slots": []
    },
    {
      "title": "图标",
      "path": "ridge-bootstrap/icons",
      "id": "lbca43gcie",
      "style": {
        "position": "absolute",
        "visible": true,
        "x": 0,
        "y": 0,
        "width": 80,
        "height": 36
      },
      "styleEx": {},
      "props": {
        "icon": "check2-circle",
        "btn": false,
        "classList": [
          "ridge-bootstrap/text-success",
          "ridge-bootstrap/fs-4"
        ]
      },
      "propEx": {},
      "events": {},
      "visible": true,
      "locked": false,
      "full": false,
      "$id": "https://ridge-ui.com/schemas/element",
      "slots": []
    },
    {
      "title": "图标",
      "path": "ridge-bootstrap/icons",
      "id": "q4aqrd8hwr",
      "style": {
        "position": "absolute",
        "visible": true,
        "x": 0,
        "y": 0,
        "width": 80,
        "height": 36
      },
      "styleEx": {},
      "props": {
        "icon": "check2-circle",
        "btn": false,
        "classList": [
          "ridge-bootstrap/text-success",
          "ridge-bootstrap/fs-4"
        ]
      },
      "propEx": {},
      "events": {},
      "visible": true,
      "locked": false,
      "full": false,
      "$id": "https://ridge-ui.com/schemas/element",
      "slots": []
    },
    {
      "title": "弹性容器_7",
      "path": "ridge-container/flex",
      "id": "33o5un6pnn",
      "style": {
        "position": "absolute",
        "visible": true,
        "x": 0,
        "y": 0,
        "width": 908,
        "height": 47
      },
      "styleEx": {},
      "props": {
        "direction": "row",
        "justify": "flex-start",
        "alignItems": "center",
        "flexWrap": false,
        "fill": false,
        "children": [
          "iguwnasz73",
          "vtqedvo5we",
          "lbca43gcie",
          "q4aqrd8hwr"
        ],
        "gap": 8,
        "padding": 8,
        "classList": [
          "ridge-bootstrap/border-bottom",
          "ridge-bootstrap/border-1",
          "ridge-bootstrap/border-body-tertiary"
        ]
      },
      "propEx": {},
      "events": {},
      "visible": true,
      "locked": false,
      "full": false,
      "$id": "https://ridge-ui.com/schemas/element",
      "slots": []
    },
    {
      "title": "文本_11",
      "path": "ridge-bootstrap/typography",
      "id": "i7y1jizyw9",
      "style": {
        "position": "absolute",
        "visible": true,
        "x": 0,
        "y": 0,
        "width": 687,
        "height": 17
      },
      "styleEx": {},
      "props": {
        "classList": [],
        "text": "发布应用到Ridge全球仓库，可以通过Ridge官网及全球免费CDN进行访问"
      },
      "propEx": {},
      "events": {},
      "visible": true,
      "locked": false,
      "full": false,
      "$id": "https://ridge-ui.com/schemas/element",
      "slots": []
    },
    {
      "title": "图标",
      "path": "ridge-bootstrap/icons",
      "id": "jj5l8p17zp",
      "style": {
        "position": "absolute",
        "visible": true,
        "x": 0,
        "y": 0,
        "width": 80,
        "height": 36
      },
      "styleEx": {},
      "props": {
        "icon": "check2-circle",
        "btn": false,
        "classList": [
          "ridge-bootstrap/text-success",
          "ridge-bootstrap/fs-4"
        ]
      },
      "propEx": {},
      "events": {},
      "visible": true,
      "locked": false,
      "full": false,
      "$id": "https://ridge-ui.com/schemas/element",
      "slots": []
    },
    {
      "title": "图标",
      "path": "ridge-bootstrap/icons",
      "id": "4w6yjof8hy",
      "style": {
        "position": "absolute",
        "visible": true,
        "x": 0,
        "y": 0,
        "width": 80,
        "height": 36
      },
      "styleEx": {},
      "props": {
        "icon": "check2-circle",
        "btn": false,
        "classList": [
          "ridge-bootstrap/text-success",
          "ridge-bootstrap/fs-4"
        ]
      },
      "propEx": {},
      "events": {},
      "visible": true,
      "locked": false,
      "full": false,
      "$id": "https://ridge-ui.com/schemas/element",
      "slots": []
    },
    {
      "title": "弹性容器_7",
      "path": "ridge-container/flex",
      "id": "03bivdg8ly",
      "style": {
        "position": "absolute",
        "visible": true,
        "x": 0,
        "y": 0,
        "width": 908,
        "height": 47
      },
      "styleEx": {},
      "props": {
        "direction": "row",
        "justify": "flex-start",
        "alignItems": "center",
        "flexWrap": false,
        "fill": false,
        "children": [
          "i7y1jizyw9",
          "jj5l8p17zp",
          "4w6yjof8hy"
        ],
        "gap": 8,
        "padding": 8,
        "classList": [
          "ridge-bootstrap/border-bottom",
          "ridge-bootstrap/border-1",
          "ridge-bootstrap/border-body-tertiary"
        ]
      },
      "propEx": {},
      "events": {},
      "visible": true,
      "locked": false,
      "full": false,
      "$id": "https://ridge-ui.com/schemas/element",
      "slots": []
    },
    {
      "title": "文本_11",
      "path": "ridge-bootstrap/typography",
      "id": "yrttpowqa4",
      "style": {
        "position": "absolute",
        "visible": true,
        "x": 0,
        "y": 0,
        "width": 687,
        "height": 17
      },
      "styleEx": {},
      "props": {
        "classList": [],
        "text": "提供更多的应用存储及更高的应用大小"
      },
      "propEx": {},
      "events": {},
      "visible": true,
      "locked": false,
      "full": false,
      "$id": "https://ridge-ui.com/schemas/element",
      "slots": []
    },
    {
      "title": "图标",
      "path": "ridge-bootstrap/icons",
      "id": "jg0a0wno9a",
      "style": {
        "position": "absolute",
        "visible": true,
        "x": 1208.9999928193934,
        "y": 889.0000287224264,
        "width": 80.00003590303308,
        "height": 35.99997127757353
      },
      "styleEx": {},
      "props": {
        "icon": "check2-circle",
        "btn": false,
        "classList": [
          "ridge-bootstrap/text-success",
          "ridge-bootstrap/fs-4"
        ]
      },
      "propEx": {},
      "events": {},
      "visible": true,
      "locked": false,
      "full": false,
      "$id": "https://ridge-ui.com/schemas/element",
      "slots": []
    },
    {
      "title": "图标",
      "path": "ridge-bootstrap/icons",
      "id": "ew0x552eg3",
      "style": {
        "position": "absolute",
        "visible": true,
        "x": 0,
        "y": 0,
        "width": 80,
        "height": 36
      },
      "styleEx": {},
      "props": {
        "icon": "check2-circle",
        "btn": false,
        "classList": [
          "ridge-bootstrap/text-success",
          "ridge-bootstrap/fs-4"
        ]
      },
      "propEx": {},
      "events": {},
      "visible": true,
      "locked": false,
      "full": false,
      "$id": "https://ridge-ui.com/schemas/element",
      "slots": []
    },
    {
      "title": "弹性容器_7",
      "path": "ridge-container/flex",
      "id": "omzqqkst0w",
      "style": {
        "position": "absolute",
        "visible": true,
        "x": 506.00002513212314,
        "y": 883.9999928193934,
        "width": 908.0000035903032,
        "height": 47
      },
      "styleEx": {},
      "props": {
        "direction": "row",
        "justify": "flex-start",
        "alignItems": "center",
        "flexWrap": false,
        "fill": false,
        "children": [
          "yrttpowqa4",
          "ew0x552eg3",
          "jg0a0wno9a"
        ],
        "gap": 8,
        "padding": 8,
        "classList": [
          "ridge-bootstrap/border-bottom",
          "ridge-bootstrap/border-1",
          "ridge-bootstrap/border-body-tertiary"
        ]
      },
      "propEx": {},
      "events": {},
      "visible": true,
      "locked": false,
      "full": false,
      "$id": "https://ridge-ui.com/schemas/element",
      "slots": []
    },
    {
      "title": "文本_11",
      "path": "ridge-bootstrap/typography",
      "id": "f3jngkbtpq",
      "style": {
        "position": "absolute",
        "visible": true,
        "x": 0,
        "y": 0,
        "width": 687,
        "height": 17
      },
      "styleEx": {},
      "props": {
        "classList": [],
        "text": "专属的微信支持"
      },
      "propEx": {},
      "events": {},
      "visible": true,
      "locked": false,
      "full": false,
      "$id": "https://ridge-ui.com/schemas/element",
      "slots": []
    },
    {
      "title": "图标",
      "path": "ridge-bootstrap/icons",
      "id": "f4bnjynj1p",
      "style": {
        "position": "absolute",
        "visible": true,
        "x": 0,
        "y": 0,
        "width": 80,
        "height": 36
      },
      "styleEx": {},
      "props": {
        "icon": "check2-circle",
        "btn": false,
        "classList": [
          "ridge-bootstrap/text-success",
          "ridge-bootstrap/fs-4"
        ]
      },
      "propEx": {},
      "events": {},
      "visible": true,
      "locked": false,
      "full": false,
      "$id": "https://ridge-ui.com/schemas/element",
      "slots": []
    },
    {
      "title": "图标",
      "path": "ridge-bootstrap/icons",
      "id": "fpid21q08g",
      "style": {
        "position": "absolute",
        "visible": true,
        "x": 0,
        "y": 0,
        "width": 80,
        "height": 36
      },
      "styleEx": {},
      "props": {
        "icon": "check2-circle",
        "btn": false,
        "classList": [
          "ridge-bootstrap/text-success",
          "ridge-bootstrap/fs-4"
        ]
      },
      "propEx": {},
      "events": {},
      "visible": true,
      "locked": false,
      "full": false,
      "$id": "https://ridge-ui.com/schemas/element",
      "slots": []
    },
    {
      "title": "弹性容器_7",
      "path": "ridge-container/flex",
      "id": "vhrdbf00ej",
      "style": {
        "position": "absolute",
        "visible": true,
        "x": 0,
        "y": 0,
        "width": 908,
        "height": 47
      },
      "styleEx": {},
      "props": {
        "direction": "row",
        "justify": "flex-start",
        "alignItems": "center",
        "flexWrap": false,
        "fill": false,
        "children": [
          "f3jngkbtpq",
          "f4bnjynj1p",
          "fpid21q08g"
        ],
        "gap": 8,
        "padding": 8,
        "classList": [
          "ridge-bootstrap/border-bottom",
          "ridge-bootstrap/border-1",
          "ridge-bootstrap/border-body-tertiary"
        ]
      },
      "propEx": {},
      "events": {},
      "visible": true,
      "locked": false,
      "full": false,
      "$id": "https://ridge-ui.com/schemas/element",
      "slots": []
    },
    {
      "title": "文本_11",
      "path": "ridge-bootstrap/typography",
      "id": "jr758q1nsg",
      "style": {
        "position": "absolute",
        "visible": true,
        "x": 0,
        "y": 0,
        "width": 774,
        "height": 17
      },
      "styleEx": {},
      "props": {
        "classList": [],
        "text": "提供商用级别、高速、稳定的托管服务"
      },
      "propEx": {},
      "events": {},
      "visible": true,
      "locked": false,
      "full": false,
      "$id": "https://ridge-ui.com/schemas/element",
      "slots": []
    },
    {
      "title": "图标",
      "path": "ridge-bootstrap/icons",
      "id": "yxl9wpk83n",
      "style": {
        "position": "absolute",
        "visible": true,
        "x": 0,
        "y": 0,
        "width": 80,
        "height": 36
      },
      "styleEx": {},
      "props": {
        "icon": "check2-circle",
        "btn": false,
        "classList": [
          "ridge-bootstrap/text-success",
          "ridge-bootstrap/fs-4"
        ]
      },
      "propEx": {},
      "events": {},
      "visible": true,
      "locked": false,
      "full": false,
      "$id": "https://ridge-ui.com/schemas/element",
      "slots": []
    },
    {
      "title": "弹性容器_7",
      "path": "ridge-container/flex",
      "id": "lkyi45zuaj",
      "style": {
        "position": "absolute",
        "visible": true,
        "x": 0,
        "y": 0,
        "width": 908,
        "height": 47
      },
      "styleEx": {},
      "props": {
        "direction": "row",
        "justify": "flex-start",
        "alignItems": "center",
        "flexWrap": false,
        "fill": false,
        "children": [
          "jr758q1nsg",
          "yxl9wpk83n"
        ],
        "gap": 8,
        "padding": 8,
        "classList": [
          "ridge-bootstrap/border-bottom",
          "ridge-bootstrap/border-1",
          "ridge-bootstrap/border-body-tertiary"
        ]
      },
      "propEx": {},
      "events": {},
      "visible": true,
      "locked": false,
      "full": false,
      "$id": "https://ridge-ui.com/schemas/element",
      "slots": []
    },
    {
      "title": "文本_11",
      "path": "ridge-bootstrap/typography",
      "id": "dtt8u7pcnd",
      "style": {
        "position": "absolute",
        "visible": true,
        "x": 0,
        "y": 0,
        "width": 600,
        "height": 17
      },
      "styleEx": {},
      "props": {
        "classList": [],
        "text": "免费下载Ridge社区版服务器程序，自己搭建和提供应用服务"
      },
      "propEx": {},
      "events": {},
      "visible": true,
      "locked": false,
      "full": false,
      "$id": "https://ridge-ui.com/schemas/element",
      "slots": []
    },
    {
      "title": "图标",
      "path": "ridge-bootstrap/icons",
      "id": "urm6v3okn1",
      "style": {
        "position": "absolute",
        "visible": true,
        "x": 0,
        "y": 0,
        "width": 80,
        "height": 36
      },
      "styleEx": {},
      "props": {
        "icon": "check2-circle",
        "btn": false,
        "classList": [
          "ridge-bootstrap/text-success",
          "ridge-bootstrap/fs-4"
        ]
      },
      "propEx": {},
      "events": {},
      "visible": true,
      "locked": false,
      "full": false,
      "$id": "https://ridge-ui.com/schemas/element",
      "slots": []
    },
    {
      "title": "图标",
      "path": "ridge-bootstrap/icons",
      "id": "vln1akv3nu",
      "style": {
        "position": "absolute",
        "visible": true,
        "x": 0,
        "y": 0,
        "width": 80,
        "height": 36
      },
      "styleEx": {},
      "props": {
        "icon": "check2-circle",
        "btn": false,
        "classList": [
          "ridge-bootstrap/text-success",
          "ridge-bootstrap/fs-4"
        ]
      },
      "propEx": {},
      "events": {},
      "visible": true,
      "locked": false,
      "full": false,
      "$id": "https://ridge-ui.com/schemas/element",
      "slots": []
    },
    {
      "title": "图标",
      "path": "ridge-bootstrap/icons",
      "id": "1x47oogo5b",
      "style": {
        "position": "absolute",
        "visible": true,
        "x": 0,
        "y": 0,
        "width": 80,
        "height": 36
      },
      "styleEx": {},
      "props": {
        "icon": "check2-circle",
        "btn": false,
        "classList": [
          "ridge-bootstrap/text-success",
          "ridge-bootstrap/fs-4"
        ]
      },
      "propEx": {},
      "events": {},
      "visible": true,
      "locked": false,
      "full": false,
      "$id": "https://ridge-ui.com/schemas/element",
      "slots": []
    },
    {
      "title": "弹性容器_7",
      "path": "ridge-container/flex",
      "id": "qi7ijkz1v7",
      "style": {
        "position": "absolute",
        "visible": true,
        "x": 506.00002513212314,
        "y": 883.9999928193934,
        "width": 908.0000035903032,
        "height": 47
      },
      "styleEx": {},
      "props": {
        "direction": "row",
        "justify": "flex-start",
        "alignItems": "center",
        "flexWrap": false,
        "fill": false,
        "children": [
          "dtt8u7pcnd",
          "urm6v3okn1",
          "vln1akv3nu",
          "1x47oogo5b"
        ],
        "gap": 8,
        "padding": 8,
        "classList": [
          "ridge-bootstrap/border-bottom",
          "ridge-bootstrap/border-1",
          "ridge-bootstrap/border-body-tertiary"
        ]
      },
      "propEx": {},
      "events": {},
      "visible": true,
      "locked": false,
      "full": false,
      "$id": "https://ridge-ui.com/schemas/element",
      "slots": []
    },
    {
      "title": "文本_11",
      "path": "ridge-bootstrap/typography",
      "id": "lmgndez2xu",
      "style": {
        "position": "absolute",
        "visible": true,
        "x": 0,
        "y": 0,
        "width": 773,
        "height": 17
      },
      "styleEx": {},
      "props": {
        "classList": [],
        "text": "可下载Ridge企业版服务程序，可在企业服务器进行私有化部署并进行协作式应用编辑及发布"
      },
      "propEx": {},
      "events": {},
      "visible": true,
      "locked": false,
      "full": false,
      "$id": "https://ridge-ui.com/schemas/element",
      "slots": []
    },
    {
      "title": "图标",
      "path": "ridge-bootstrap/icons",
      "id": "0ioypq5gd8",
      "style": {
        "position": "absolute",
        "visible": true,
        "x": 0,
        "y": 0,
        "width": 80,
        "height": 36
      },
      "styleEx": {},
      "props": {
        "icon": "check2-circle",
        "btn": false,
        "classList": [
          "ridge-bootstrap/text-success",
          "ridge-bootstrap/fs-4"
        ]
      },
      "propEx": {},
      "events": {},
      "visible": true,
      "locked": false,
      "full": false,
      "$id": "https://ridge-ui.com/schemas/element",
      "slots": []
    },
    {
      "title": "弹性容器_7",
      "path": "ridge-container/flex",
      "id": "r54p2vsf2d",
      "style": {
        "position": "absolute",
        "visible": true,
        "x": 0,
        "y": 0,
        "width": 908,
        "height": 47
      },
      "styleEx": {},
      "props": {
        "direction": "row",
        "justify": "flex-start",
        "alignItems": "center",
        "flexWrap": false,
        "fill": false,
        "children": [
          "lmgndez2xu",
          "0ioypq5gd8"
        ],
        "gap": 8,
        "padding": 8,
        "classList": [
          "ridge-bootstrap/border-bottom",
          "ridge-bootstrap/border-1",
          "ridge-bootstrap/border-body-tertiary"
        ]
      },
      "propEx": {},
      "events": {},
      "visible": true,
      "locked": false,
      "full": false,
      "$id": "https://ridge-ui.com/schemas/element",
      "slots": []
    }
  ],
  "name": "Plans",
  "children": [
    "j77dvxg6wv"
  ]
}