{
  "version": "1.2.0",
  "style": {
    "width": 1200,
    "height": 640,
    "background": "",
    "classNames": [],
    "widthFix": false
  },
  "properties": {
    "type": "component"
  },
  "cssFiles": [],
  "jsFiles": [
    "composite:///js/repo-components.js"
  ],
  "elements": [
    {
      "title": "列表容器",
      "path": "ridge-container/list",
      "id": "3oi9eth02h",
      "style": {
        "position": "absolute",
        "visible": true,
        "x": 29,
        "y": 434,
        "width": 1200,
        "height": 958,
        "autoSize": true,
        "alignSelfStretch": true
      },
      "styleEx": {},
      "props": {
        "dataSource": [],
        "selected": [],
        "gap": 16,
        "padding": 4,
        "layout": "grid",
        "classNames": [],
        "itemClassNames": [],
        "selectedClassNames": [],
        "template": "aymxdbrhv7",
        "columns": 4,
        "rows": 2
      },
      "propEx": {
        "dataSource": "RepoComponents.state.packageList"
      },
      "events": {},
      "visible": true,
      "locked": false,
      "full": false,
      "$id": "https://ridge-ui.com/schemas/element",
      "slots": [
        "aymxdbrhv7"
      ]
    },
    {
      "title": "组件包_模板",
      "path": "ridge-container/flex",
      "id": "aymxdbrhv7",
      "style": {
        "position": "absolute",
        "visible": true,
        "x": 0,
        "y": 0,
        "width": 285,
        "height": 234
      },
      "styleEx": {},
      "props": {
        "direction": "column",
        "justify": "flex-start",
        "alignItems": "stretch",
        "flexWrap": false,
        "fill": false,
        "children": [
          "j4s9kni3rh",
          "pzyi0iq6wj"
        ],
        "gap": 0,
        "padding": 0,
        "classList": [
          "ridge-bootstrap/border",
          "ridge-bootstrap/border-1",
          "ridge-bootstrap/border-primary-emphasis",
          "ridge-bootstrap/fs-6",
          "ridge-bootstrap/text-secondary",
          "ridge-bootstrap/shadow-sm"
        ]
      },
      "propEx": {},
      "events": {},
      "visible": true,
      "locked": false,
      "full": false,
      "$id": "https://ridge-ui.com/schemas/element",
      "slots": [],
      "slot": true
    },
    {
      "title": "图片",
      "path": "ridge-bootstrap/image",
      "id": "j4s9kni3rh",
      "style": {
        "position": "absolute",
        "visible": true,
        "x": 0,
        "y": 0,
        "width": 318,
        "height": 167
      },
      "styleEx": {},
      "props": {
        "src": "",
        "classList": [
          "ridge-bootstrap/border-bottom",
          "ridge-bootstrap/border-1",
          "ridge-bootstrap/border-light-emphasis"
        ],
        "objectFit": "object-fit-cover"
      },
      "propEx": {
        "src": "RepoComponents.computed.itemPackageCover"
      },
      "events": {},
      "visible": true,
      "locked": false,
      "full": false,
      "$id": "https://ridge-ui.com/schemas/element",
      "slots": []
    },
    {
      "title": "弹性容器_1",
      "path": "ridge-container/flex",
      "id": "pzyi0iq6wj",
      "style": {
        "position": "absolute",
        "visible": true,
        "x": 0,
        "y": -206,
        "width": 322,
        "height": 65
      },
      "styleEx": {},
      "props": {
        "direction": "row",
        "justify": "flex-start",
        "alignItems": "center",
        "flexWrap": false,
        "fill": false,
        "children": [
          "prmpzhawcv",
          "ckvp1mdu5b"
        ],
        "gap": 12,
        "padding": 4,
        "classList": []
      },
      "propEx": {},
      "events": {},
      "visible": true,
      "locked": false,
      "full": false,
      "$id": "https://ridge-ui.com/schemas/element",
      "slots": []
    },
    {
      "title": "文本",
      "path": "ridge-bootstrap/typography",
      "id": "63ioplj527",
      "style": {
        "position": "absolute",
        "visible": true,
        "x": 0,
        "y": 0,
        "width": 222,
        "height": 30,
        "autoSize": false,
        "flex": "1"
      },
      "styleEx": {},
      "props": {
        "text": "文本",
        "classList": [
          "ridge-bootstrap/text-black"
        ]
      },
      "propEx": {
        "text": "RepoComponents.computed.itemPackageName"
      },
      "events": {},
      "visible": true,
      "locked": false,
      "full": false,
      "$id": "https://ridge-ui.com/schemas/element",
      "slots": []
    },
    {
      "title": "文本_1",
      "path": "ridge-bootstrap/typography",
      "id": "hd39g5hqkb",
      "style": {
        "position": "absolute",
        "visible": true,
        "x": 182,
        "y": 728,
        "width": 269,
        "height": 24
      },
      "styleEx": {},
      "props": {
        "text": "文本",
        "classList": [
          "ridge-bootstrap/fs-6",
          "ridge-bootstrap/text-truncate",
          "ridge-bootstrap/text-body-emphasis"
        ]
      },
      "propEx": {
        "text": "RepoComponents.computed.itemPackageDesc"
      },
      "events": {},
      "visible": true,
      "locked": false,
      "full": false,
      "$id": "https://ridge-ui.com/schemas/element",
      "slots": []
    },
    {
      "title": "弹性容器",
      "path": "ridge-container/flex",
      "id": "ckvp1mdu5b",
      "style": {
        "position": "absolute",
        "visible": true,
        "x": 0,
        "y": 0,
        "width": 229,
        "height": 56
      },
      "styleEx": {},
      "props": {
        "direction": "column",
        "justify": "flex-start",
        "alignItems": "flex-start",
        "flexWrap": false,
        "fill": false,
        "children": [
          "63ioplj527",
          "kxysg4p2lq"
        ],
        "padding": 2,
        "classList": [],
        "gap": 3
      },
      "propEx": {},
      "events": {},
      "visible": true,
      "locked": false,
      "full": false,
      "$id": "https://ridge-ui.com/schemas/element",
      "slots": []
    },
    {
      "title": "标签",
      "path": "ridge-bootstrap/badge",
      "id": "kxysg4p2lq",
      "style": {
        "position": "absolute",
        "visible": true,
        "x": 59.046875,
        "y": 203.515625,
        "width": 52,
        "height": 20
      },
      "styleEx": {},
      "props": {
        "type": "success",
        "text": "3.1.19",
        "pill": false,
        "showClose": false,
        "classList": []
      },
      "propEx": {
        "text": "RepoComponents.computed.itemPackageVersion"
      },
      "events": {},
      "visible": true,
      "locked": false,
      "full": false,
      "$id": "https://ridge-ui.com/schemas/element",
      "slots": []
    },
    {
      "title": "弹性容器_2",
      "path": "ridge-container/flex",
      "id": "ecxks0h0sf",
      "style": {
        "position": "absolute",
        "visible": true,
        "x": 556,
        "y": 716,
        "width": 279,
        "height": 24
      },
      "styleEx": {},
      "props": {
        "direction": "row",
        "justify": "flex-start",
        "alignItems": "center",
        "flexWrap": false,
        "fill": false,
        "children": [
          "5nriit5fpn",
          "p9k2vrikj1"
        ],
        "gap": 8,
        "padding": 10,
        "classList": []
      },
      "propEx": {},
      "events": {},
      "visible": true,
      "locked": false,
      "full": false,
      "$id": "https://ridge-ui.com/schemas/element",
      "slots": []
    },
    {
      "title": "文本_2",
      "path": "ridge-bootstrap/typography",
      "id": "p9k2vrikj1",
      "style": {
        "position": "absolute",
        "visible": true,
        "x": 0,
        "y": 0,
        "width": 258,
        "height": 24,
        "flex": "1"
      },
      "styleEx": {},
      "props": {
        "classList": [
          "ridge-bootstrap/text-body-tertiary"
        ],
        "text": "版本"
      },
      "propEx": {
        "text": "RepoComponents.computed.itemPackageAuthor"
      },
      "events": {},
      "visible": true,
      "locked": false,
      "full": false,
      "$id": "https://ridge-ui.com/schemas/element",
      "slots": []
    },
    {
      "title": "文本_3",
      "path": "ridge-bootstrap/typography",
      "id": "5nriit5fpn",
      "style": {
        "position": "absolute",
        "visible": true,
        "x": 0,
        "y": 0,
        "width": 53,
        "height": 24
      },
      "styleEx": {},
      "props": {
        "classList": [],
        "text": "提供者"
      },
      "propEx": {},
      "events": {},
      "visible": true,
      "locked": false,
      "full": false,
      "$id": "https://ridge-ui.com/schemas/element",
      "slots": []
    },
    {
      "title": "图片_1",
      "path": "ridge-bootstrap/image",
      "id": "prmpzhawcv",
      "style": {
        "position": "absolute",
        "visible": true,
        "x": 0,
        "y": 0,
        "width": 32,
        "height": 32
      },
      "styleEx": {},
      "props": {
        "src": "",
        "classList": [],
        "objectFit": "object-fit-contain"
      },
      "propEx": {
        "src": "RepoComponents.computed.itemPackageIcon"
      },
      "events": {},
      "visible": true,
      "locked": false,
      "full": false,
      "$id": "https://ridge-ui.com/schemas/element",
      "slots": []
    },
    {
      "title": "弹性容器_3",
      "path": "ridge-container/flex",
      "id": "zebovsnmvw",
      "style": {
        "position": "absolute",
        "visible": true,
        "x": 333,
        "y": 19,
        "width": 360,
        "height": 240
      },
      "styleEx": {},
      "props": {
        "direction": "row",
        "justify": "flex-start",
        "alignItems": "flex-start",
        "flexWrap": false,
        "fill": false,
        "children": [
          "3oi9eth02h"
        ],
        "gap": 8,
        "padding": 8,
        "hoverable": false,
        "classList": []
      },
      "propEx": {},
      "events": {},
      "visible": true,
      "locked": false,
      "full": true,
      "$id": "https://ridge-ui.com/schemas/element",
      "slots": []
    }
  ],
  "name": "RepoComponents",
  "children": [
    "zebovsnmvw",
    "hd39g5hqkb",
    "ecxks0h0sf"
  ]
}