{
  "version": "1.2.0",
  "style": {
    "width": 1200,
    "height": 640,
    "background": "",
    "classNames": []
  },
  "properties": {
    "type": "app"
  },
  "cssFiles": [],
  "jsFiles": [
    "composite:///js/repo-components.js"
  ],
  "elements": [
    {
      "title": "弹性容器",
      "path": "ridge-container/flex",
      "id": "8zoyq1nzor",
      "style": {
        "position": "absolute",
        "visible": true,
        "x": 0,
        "y": 0,
        "width": 1200,
        "height": 240
      },
      "styleEx": {},
      "props": {
        "direction": "row",
        "justify": "flex-start",
        "alignItems": "flex-start",
        "flexWrap": false,
        "fill": false,
        "children": [
          "7rw84lwloi"
        ],
        "gap": 8,
        "padding": 8,
        "classList": []
      },
      "propEx": {},
      "events": {},
      "visible": true,
      "locked": false,
      "full": true,
      "$id": "https://ridge-ui.com/schemas/element",
      "slots": []
    },
    {
      "title": "列表容器",
      "path": "ridge-container/list",
      "id": "7rw84lwloi",
      "style": {
        "position": "absolute",
        "visible": true,
        "x": 0,
        "y": -42,
        "width": 1182,
        "height": 624,
        "autoSize": true,
        "alignSelfStretch": true,
        "autoHeight": true
      },
      "styleEx": {},
      "props": {
        "dataSource": [],
        "selected": [],
        "gap": 20,
        "padding": 4,
        "layout": "grid",
        "classNames": [],
        "itemClassNames": [],
        "selectedClassNames": [],
        "template": "1ug64oo053",
        "columns": 3,
        "rows": 3,
        "direction": "y",
        "fixedHeight": true,
        "fixedWidth": true,
        "overflowAuto": false
      },
      "propEx": {
        "dataSource": "RepoComponents.state.packageList"
      },
      "events": {},
      "visible": true,
      "locked": false,
      "full": false,
      "$id": "https://ridge-ui.com/schemas/element",
      "slots": [
        "1ug64oo053"
      ]
    },
    {
      "title": "应用容器_模板",
      "path": "ridge-container/flex",
      "id": "1ug64oo053",
      "style": {
        "position": "absolute",
        "visible": true,
        "x": 0,
        "y": 0,
        "width": 370,
        "height": 330
      },
      "styleEx": {},
      "props": {
        "direction": "column",
        "justify": "flex-start",
        "alignItems": "stretch",
        "flexWrap": false,
        "fill": false,
        "children": [
          "eslznkz1db",
          "pzy1wwpct3"
        ],
        "gap": 8,
        "padding": 0,
        "classList": [
          "ridge-bootstrap/shadow-sm",
          "ridge-bootstrap/border-1",
          "ridge-bootstrap/border-primary-emphasis",
          "ridge-bootstrap/border"
        ]
      },
      "propEx": {},
      "events": {},
      "visible": true,
      "locked": false,
      "full": false,
      "$id": "https://ridge-ui.com/schemas/element",
      "slots": [],
      "slot": true
    },
    {
      "title": "图片",
      "path": "ridge-bootstrap/image",
      "id": "eslznkz1db",
      "style": {
        "position": "absolute",
        "visible": true,
        "x": 0,
        "y": 0,
        "width": 394,
        "height": 244
      },
      "styleEx": {},
      "props": {
        "src": "",
        "classList": [
          "ridge-bootstrap/border-bottom",
          "ridge-bootstrap/border-1",
          "ridge-bootstrap/border-warning-emphasis"
        ],
        "objectFit": "object-fit-cover"
      },
      "propEx": {
        "src": "RepoComponents.computed.itemPackageCover"
      },
      "events": {},
      "visible": true,
      "locked": false,
      "full": false,
      "$id": "https://ridge-ui.com/schemas/element",
      "slots": []
    },
    {
      "title": "文本",
      "path": "ridge-bootstrap/typography",
      "id": "jeh4j6pgwz",
      "style": {
        "position": "absolute",
        "visible": true,
        "x": 0,
        "y": 14,
        "width": 213,
        "height": 24,
        "flex": "1"
      },
      "styleEx": {},
      "props": {
        "text": "文本",
        "classList": [
          "ridge-bootstrap/text-black"
        ],
        "center": false
      },
      "propEx": {
        "text": "RepoComponents.computed.itemPackageDesc"
      },
      "events": {},
      "visible": true,
      "locked": false,
      "full": false,
      "$id": "https://ridge-ui.com/schemas/element",
      "slots": []
    },
    {
      "title": "标签",
      "path": "ridge-bootstrap/badge",
      "id": "0qurs0q65g",
      "style": {
        "position": "absolute",
        "visible": true,
        "x": 425,
        "y": 708.515625,
        "width": 52,
        "height": 19.953125
      },
      "styleEx": {},
      "props": {
        "type": "light",
        "text": "3.1.19",
        "pill": false,
        "showClose": false,
        "classList": []
      },
      "propEx": {
        "text": "RepoComponents.computed.itemPackageVersion"
      },
      "events": {},
      "visible": true,
      "locked": false,
      "full": false,
      "$id": "https://ridge-ui.com/schemas/element",
      "slots": []
    },
    {
      "title": "弹性容器",
      "path": "ridge-container/flex",
      "id": "icw6kqaizu",
      "style": {
        "position": "absolute",
        "visible": true,
        "x": 0,
        "y": 0,
        "width": 280,
        "height": 30
      },
      "styleEx": {},
      "props": {
        "direction": "row",
        "justify": "flex-start",
        "alignItems": "center",
        "flexWrap": false,
        "fill": false,
        "children": [
          "jeh4j6pgwz",
          "0qurs0q65g"
        ],
        "padding": 0,
        "classList": [],
        "gap": 8
      },
      "propEx": {},
      "events": {},
      "visible": true,
      "locked": false,
      "full": false,
      "$id": "https://ridge-ui.com/schemas/element",
      "slots": []
    },
    {
      "title": "弹性容器_2",
      "path": "ridge-container/flex",
      "id": "3ud9aa6hk5",
      "style": {
        "position": "absolute",
        "visible": true,
        "x": 0,
        "y": 0,
        "width": 64,
        "height": 10
      },
      "styleEx": {},
      "props": {
        "direction": "row",
        "justify": "flex-end",
        "alignItems": "center",
        "flexWrap": false,
        "fill": false,
        "children": [
          "g9pqpda7gr"
        ],
        "gap": 8,
        "padding": 0,
        "classList": []
      },
      "propEx": {},
      "events": {},
      "visible": true,
      "locked": false,
      "full": false,
      "$id": "https://ridge-ui.com/schemas/element",
      "slots": []
    },
    {
      "title": "弹性容器_1",
      "path": "ridge-container/flex",
      "id": "pzy1wwpct3",
      "style": {
        "position": "absolute",
        "visible": true,
        "x": 423,
        "y": 709,
        "width": 373,
        "height": 84
      },
      "styleEx": {},
      "props": {
        "direction": "row",
        "justify": "flex-start",
        "alignItems": "stretch",
        "flexWrap": false,
        "fill": false,
        "children": [
          "3ud9aa6hk5",
          "hjvca45ud4"
        ],
        "gap": 0,
        "padding": 0,
        "classList": []
      },
      "propEx": {},
      "events": {},
      "visible": true,
      "locked": false,
      "full": false,
      "$id": "https://ridge-ui.com/schemas/element",
      "slots": []
    },
    {
      "title": "弹性容器_3",
      "path": "ridge-container/flex",
      "id": "gbp96b73x8",
      "style": {
        "position": "absolute",
        "visible": true,
        "x": 0,
        "y": 0,
        "width": 149,
        "height": 30
      },
      "styleEx": {},
      "props": {
        "direction": "row",
        "justify": "flex-end",
        "alignItems": "center",
        "flexWrap": false,
        "fill": false,
        "children": [
          "jtl4h76xo9",
          "0vqxldw0di",
          "o4y7b0xr0m"
        ],
        "gap": 8,
        "padding": 0,
        "classList": []
      },
      "propEx": {},
      "events": {},
      "visible": true,
      "locked": false,
      "full": false,
      "$id": "https://ridge-ui.com/schemas/element",
      "slots": []
    },
    {
      "title": "按钮",
      "path": "ridge-bootstrap/button",
      "id": "0vqxldw0di",
      "style": {
        "position": "absolute",
        "visible": true,
        "x": 0,
        "y": 0,
        "width": 33,
        "height": 30
      },
      "styleEx": {
        "visible": "RepoComponents.computed.itemMobileDisabled"
      },
      "props": {
        "type": "light",
        "src": "",
        "icon": "phone",
        "size": "sm",
        "style": "general",
        "rounded": false,
        "full": true,
        "disabled": false,
        "withBadge": false,
        "badgeCount": ""
      },
      "propEx": {},
      "events": {
        "onClick": [
          {
            "store": "RepoComponents",
            "method": "openPreviewMobile",
            "payload": ""
          }
        ]
      },
      "visible": true,
      "locked": false,
      "full": false,
      "$id": "https://ridge-ui.com/schemas/element",
      "slots": []
    },
    {
      "title": "按钮_1",
      "path": "ridge-bootstrap/button",
      "id": "o4y7b0xr0m",
      "style": {
        "position": "absolute",
        "visible": true,
        "x": -96,
        "y": -26,
        "width": 68,
        "height": 30
      },
      "styleEx": {},
      "props": {
        "type": "light",
        "src": "",
        "icon": "pencil-square",
        "size": "sm",
        "style": "general",
        "rounded": false,
        "full": false,
        "disabled": false,
        "withBadge": false,
        "badgeCount": "",
        "text": "编辑"
      },
      "propEx": {},
      "events": {
        "onClick": [
          {
            "store": "RepoComponents",
            "method": "editInEditor",
            "payload": ""
          }
        ]
      },
      "visible": true,
      "locked": false,
      "full": false,
      "$id": "https://ridge-ui.com/schemas/element",
      "slots": []
    },
    {
      "title": "弹性容器_4",
      "path": "ridge-container/flex",
      "id": "hjvca45ud4",
      "style": {
        "position": "absolute",
        "visible": true,
        "x": 23,
        "y": 176,
        "width": 289,
        "height": 240,
        "flex": "1"
      },
      "styleEx": {},
      "props": {
        "direction": "column",
        "justify": "flex-start",
        "alignItems": "stretch",
        "flexWrap": false,
        "fill": false,
        "children": [
          "icw6kqaizu",
          "gbp96b73x8"
        ],
        "gap": 8,
        "padding": 8,
        "hoverable": false,
        "classList": []
      },
      "propEx": {},
      "events": {},
      "visible": true,
      "locked": false,
      "full": false,
      "$id": "https://ridge-ui.com/schemas/element",
      "slots": []
    },
    {
      "title": "对话框",
      "path": "ridge-bootstrap/modal",
      "id": "8usx4orcl6",
      "style": {
        "position": "absolute",
        "visible": true,
        "x": -18,
        "y": 656,
        "width": 433,
        "height": 744,
        "portalled": true
      },
      "styleEx": {},
      "props": {
        "value": false,
        "children": [
          "60w7abjzw6"
        ],
        "showHeader": true,
        "showFooter": false,
        "title": "移动设备预览"
      },
      "propEx": {
        "value": "RepoComponents.state.showPreviewMobileDialog"
      },
      "events": {},
      "visible": true,
      "locked": false,
      "full": false,
      "slots": []
    },
    {
      "title": "按钮",
      "path": "ridge-bootstrap/button",
      "id": "jtl4h76xo9",
      "style": {
        "position": "absolute",
        "visible": true,
        "x": -45,
        "y": 0,
        "width": 32,
        "height": 30
      },
      "styleEx": {
        "visible": "RepoComponents.computed.itemDesktopDisabled"
      },
      "props": {
        "type": "light",
        "src": "",
        "icon": "laptop",
        "size": "sm",
        "style": "general",
        "rounded": false,
        "full": true,
        "disabled": false,
        "withBadge": false,
        "badgeCount": ""
      },
      "propEx": {},
      "events": {
        "onClick": [
          {
            "store": "RepoComponents",
            "method": "openPreviewDesktop",
            "payload": ""
          }
        ]
      },
      "visible": true,
      "locked": false,
      "full": false,
      "$id": "https://ridge-ui.com/schemas/element",
      "slots": []
    },
    {
      "title": "图片_1",
      "path": "ridge-bootstrap/image",
      "id": "g9pqpda7gr",
      "style": {
        "position": "absolute",
        "visible": true,
        "x": 127,
        "y": 727,
        "width": 52,
        "height": 47
      },
      "styleEx": {},
      "props": {
        "fitPosition": "left",
        "src": "",
        "classList": [
          "ridge-bootstrap/rounded-3"
        ]
      },
      "propEx": {
        "src": "RepoComponents.computed.itemPackageIcon"
      },
      "events": {},
      "visible": true,
      "locked": false,
      "full": false,
      "slots": []
    },
    {
      "title": "多层容器",
      "path": "ridge-container/stack",
      "id": "60w7abjzw6",
      "style": {
        "position": "absolute",
        "visible": true,
        "x": 455,
        "y": 740,
        "width": 540,
        "height": 360
      },
      "styleEx": {},
      "props": {
        "classList": [],
        "children": [
          "bog9amg9lw"
        ]
      },
      "propEx": {},
      "events": {},
      "visible": true,
      "locked": false,
      "full": false,
      "slots": []
    },
    {
      "title": "子页面",
      "path": "ridge-container/composite",
      "id": "bog9amg9lw",
      "style": {
        "position": "absolute",
        "visible": true,
        "x": -16,
        "y": 680,
        "width": 520,
        "height": 400
      },
      "styleEx": {},
      "props": {
        "packageName": "",
        "pagePath": "",
        "classList": []
      },
      "propEx": {
        "packageName": "RepoComponents.state.mobileCurrentApp",
        "pagePath": "RepoComponents.state.mobileCurrentPage"
      },
      "events": {},
      "visible": true,
      "locked": false,
      "full": false,
      "slots": []
    },
    {
      "title": "对话框_1",
      "path": "ridge-bootstrap/modal",
      "id": "t3zouyhcd4",
      "style": {
        "position": "absolute",
        "visible": true,
        "x": 461,
        "y": 677,
        "width": 1017,
        "height": 742,
        "portalled": true
      },
      "styleEx": {
        "height": null
      },
      "props": {
        "value": false,
        "children": [
          "ugq1n9kkd4"
        ],
        "showHeader": true,
        "showFooter": false,
        "title": "桌面预览"
      },
      "propEx": {
        "value": "RepoComponents.state.showPreviewPadDialog"
      },
      "events": {},
      "visible": true,
      "locked": false,
      "full": false,
      "slots": []
    },
    {
      "title": "子页面_1",
      "path": "ridge-container/composite",
      "id": "ugq1n9kkd4",
      "style": {
        "position": "absolute",
        "visible": true,
        "x": 1140,
        "y": 2,
        "width": 520,
        "height": 400
      },
      "styleEx": {},
      "props": {
        "packageName": "",
        "pagePath": "",
        "classList": []
      },
      "propEx": {
        "packageName": "RepoComponents.state.padCurrentApp",
        "pagePath": "RepoComponents.state.padCurrentPage"
      },
      "events": {},
      "visible": true,
      "locked": false,
      "full": false,
      "slots": []
    }
  ],
  "name": "RepoApps",
  "children": [
    "8zoyq1nzor",
    "8usx4orcl6",
    "t3zouyhcd4"
  ]
}