{
  "version": "1.2.0",
  "style": {
    "width": 1200,
    "height": 560,
    "background": "",
    "classNames": [],
    "heightFix": true
  },
  "properties": {},
  "cssFiles": [],
  "jsFiles": [
    "composite:///js/browser.js"
  ],
  "elements": [
    {
      "title": "弹性容器1",
      "path": "ridge-container/flex",
      "id": "rdykqe1xek",
      "style": {
        "position": "absolute",
        "visible": true,
        "x": 0,
        "y": 0,
        "width": 360,
        "height": 560
      },
      "styleEx": {},
      "props": {
        "direction": "row",
        "justify": "center",
        "alignItems": "flex-end",
        "children": [
          "qd6uaqzro8"
        ],
        "gap": 0,
        "padding": 0,
        "classList": []
      },
      "propEx": {},
      "events": {},
      "visible": true,
      "locked": false,
      "full": true,
      "$id": "https://ridge-ui.com/schemas/element",
      "slots": []
    },
    {
      "title": "弹性容器2",
      "path": "ridge-container/flex",
      "id": "qd6uaqzro8",
      "style": {
        "position": "absolute",
        "visible": true,
        "x": 0,
        "y": -336,
        "width": 1420,
        "height": 536,
        "flex": "1"
      },
      "styleEx": {},
      "props": {
        "direction": "row",
        "justify": "flex-start",
        "alignItems": "stretch",
        "children": [
          "qu43clr3th",
          "8zj9xaac09"
        ],
        "gap": 0,
        "padding": 0,
        "classList": []
      },
      "propEx": {},
      "events": {},
      "visible": true,
      "locked": false,
      "full": false,
      "$id": "https://ridge-ui.com/schemas/element",
      "slots": []
    },
    {
      "title": "弹性容器3",
      "path": "ridge-container/flex",
      "id": "zj0b32v749",
      "style": {
        "position": "absolute",
        "visible": true,
        "x": 0,
        "y": 0,
        "width": 597,
        "height": 514
      },
      "styleEx": {},
      "props": {
        "direction": "column",
        "justify": "flex-start",
        "alignItems": "flex-start",
        "children": [
          "ahi2s51x8o",
          "i8roq7ds0n",
          "3lsipqjnhx",
          "33spfvh1r0",
          "42qv71dmco",
          "s10zn032tf",
          "39gl8mut4b"
        ],
        "gap": 8,
        "padding": 8,
        "classList": []
      },
      "propEx": {},
      "events": {},
      "visible": true,
      "locked": false,
      "full": false,
      "$id": "https://ridge-ui.com/schemas/element",
      "slots": []
    },
    {
      "title": "弹性容器5",
      "path": "ridge-container/flex",
      "id": "ahi2s51x8o",
      "style": {
        "position": "absolute",
        "visible": true,
        "x": 0,
        "y": 0,
        "width": 581,
        "height": 93
      },
      "styleEx": {},
      "props": {
        "direction": "row",
        "justify": "flex-start",
        "alignItems": "flex-end",
        "children": [
          "d7dcgz5a10",
          "y2s3jqi365",
          "7z48ekgbfq",
          "j7ymwa6nul"
        ],
        "gap": 8,
        "padding": 8,
        "classList": []
      },
      "propEx": {},
      "events": {},
      "visible": true,
      "locked": false,
      "full": false,
      "$id": "https://ridge-ui.com/schemas/element",
      "slots": []
    },
    {
      "title": "文本1",
      "path": "ridge-bootstrap/typography",
      "id": "y2s3jqi365",
      "style": {
        "position": "absolute",
        "visible": true,
        "x": 0,
        "y": 0,
        "width": 63,
        "height": 22
      },
      "styleEx": {},
      "props": {
        "text": "21,851+ ",
        "classList": [
          "ridge-bootstrap/fw-semibold",
          "ridge-bootstrap/text-body-emphasis"
        ]
      },
      "propEx": {},
      "events": {},
      "visible": true,
      "locked": false,
      "full": false,
      "$id": "https://ridge-ui.com/schemas/element",
      "slots": []
    },
    {
      "title": "文本2",
      "path": "ridge-bootstrap/typography",
      "id": "7z48ekgbfq",
      "style": {
        "position": "absolute",
        "visible": true,
        "x": 0,
        "y": 0,
        "width": 337,
        "height": 21.99999181235709
      },
      "styleEx": {},
      "props": {
        "classList": [
          "ridge-bootstrap/text-body-secondary"
        ],
        "text": "名Web页面制作与开发人员和使用"
      },
      "propEx": {},
      "events": {},
      "visible": true,
      "locked": false,
      "full": false,
      "$id": "https://ridge-ui.com/schemas/element",
      "slots": []
    },
    {
      "title": "文本3",
      "path": "ridge-bootstrap/typography",
      "id": "i8roq7ds0n",
      "style": {
        "position": "absolute",
        "visible": true,
        "x": 0,
        "y": 0,
        "width": 458,
        "height": 57
      },
      "styleEx": {},
      "props": {
        "text": "AI+时代的页面制作工具",
        "classList": [
          "ridge-bootstrap/fw-semibold",
          "ridge-bootstrap/fs-2"
        ]
      },
      "propEx": {},
      "events": {},
      "visible": true,
      "locked": false,
      "full": false,
      "$id": "https://ridge-ui.com/schemas/element",
      "slots": []
    },
    {
      "title": "文本4",
      "path": "ridge-bootstrap/typography",
      "id": "3lsipqjnhx",
      "style": {
        "position": "absolute",
        "visible": true,
        "x": 0,
        "y": 0,
        "width": 518,
        "height": 64
      },
      "styleEx": {},
      "props": {
        "classList": [
          "ridge-bootstrap/text-body-secondary"
        ],
        "text": "锐制 (Ridge) 用拖拽式开发让页面搭建更高效！开放式架构支持接入海量前端组件，无需复杂编码即可自由组合功能模块，让开发效率与组件扩展性兼得，轻松实现创意页面落地。",
        "fontSize": 12
      },
      "propEx": {},
      "events": {},
      "visible": true,
      "locked": false,
      "full": false,
      "$id": "https://ridge-ui.com/schemas/element",
      "slots": []
    },
    {
      "title": "弹性容器6",
      "path": "ridge-container/flex",
      "id": "s10zn032tf",
      "style": {
        "position": "absolute",
        "visible": true,
        "x": 0,
        "y": -41,
        "width": 575,
        "height": 52
      },
      "styleEx": {},
      "props": {
        "direction": "row",
        "justify": "flex-start",
        "alignItems": "flex-start",
        "children": [
          "pihtl5pr5s",
          "lwidc8hnko"
        ],
        "gap": 8,
        "padding": 8,
        "classList": []
      },
      "propEx": {},
      "events": {},
      "visible": true,
      "locked": false,
      "full": false,
      "$id": "https://ridge-ui.com/schemas/element",
      "slots": []
    },
    {
      "title": "按钮1",
      "path": "ridge-bootstrap/button",
      "id": "pihtl5pr5s",
      "style": {
        "position": "absolute",
        "visible": true,
        "x": 0,
        "y": 0,
        "width": 125,
        "height": 37
      },
      "styleEx": {},
      "props": {
        "type": "primary",
        "size": "btn-lg",
        "outline": false,
        "loading": false,
        "disabled": false,
        "classList": [
          "ridge-bootstrap/rounded-2"
        ],
        "icon": "arrow-up-right",
        "text": "开始使用"
      },
      "propEx": {},
      "events": {
        "onClick": [
          {
            "store": "Browser",
            "method": "openLink",
            "payload": "/npm/ridge-editor/"
          }
        ]
      },
      "visible": true,
      "locked": false,
      "full": false,
      "$id": "https://ridge-ui.com/schemas/element",
      "slots": []
    },
    {
      "title": "弹性容器7",
      "path": "ridge-container/flex",
      "id": "33spfvh1r0",
      "style": {
        "position": "absolute",
        "visible": true,
        "x": 0,
        "y": 0,
        "width": 581,
        "height": 77
      },
      "styleEx": {},
      "props": {
        "direction": "row",
        "justify": "flex-start",
        "alignItems": "center",
        "children": [
          "s26i7qkeep",
          "g5m7z6l8sv",
          "kk1dkrf2aw",
          "tk7t6a1io7",
          "mztv0muw5i",
          "k1vsynd9tt",
          "ipubfhuj08"
        ],
        "padding": 2,
        "classList": [],
        "gap": 16
      },
      "propEx": {},
      "events": {},
      "visible": true,
      "locked": false,
      "full": false,
      "$id": "https://ridge-ui.com/schemas/element",
      "slots": []
    },
    {
      "title": "按钮",
      "path": "ridge-bootstrap/button",
      "id": "kk1dkrf2aw",
      "style": {
        "position": "absolute",
        "visible": true,
        "x": 0,
        "y": 35,
        "width": 52,
        "height": 52
      },
      "styleEx": {},
      "props": {
        "type": "light",
        "src": "composite:///image/hc-core-icon.svg",
        "icon": "arrow-right-circle-fill",
        "size": "btn-normal",
        "style": "general",
        "rounded": true,
        "full": true
      },
      "propEx": {},
      "events": {},
      "visible": true,
      "locked": false,
      "full": false,
      "$id": "https://ridge-ui.com/schemas/element",
      "slots": []
    },
    {
      "title": "按钮",
      "path": "ridge-bootstrap/button",
      "id": "s26i7qkeep",
      "style": {
        "position": "absolute",
        "visible": true,
        "x": 117.99998563878677,
        "y": 356.4999928193934,
        "width": 52,
        "height": 52.00001436121324
      },
      "styleEx": {},
      "props": {
        "type": "light",
        "src": "composite:///image/react-cat-icon.svg",
        "icon": "arrow-right-circle-fill",
        "size": "btn-normal",
        "style": "general",
        "rounded": true,
        "full": true
      },
      "propEx": {},
      "events": {},
      "visible": true,
      "locked": false,
      "full": false,
      "$id": "https://ridge-ui.com/schemas/element",
      "slots": []
    },
    {
      "title": "按钮",
      "path": "ridge-bootstrap/button",
      "id": "tk7t6a1io7",
      "style": {
        "position": "absolute",
        "visible": true,
        "x": 0,
        "y": 35,
        "width": 52,
        "height": 52
      },
      "styleEx": {},
      "props": {
        "type": "light",
        "src": "composite:///image/DeviconBootstrap.svg",
        "icon": "arrow-right-circle-fill",
        "size": "btn-normal",
        "style": "general",
        "rounded": true,
        "full": true
      },
      "propEx": {},
      "events": {},
      "visible": true,
      "locked": false,
      "full": false,
      "$id": "https://ridge-ui.com/schemas/element",
      "slots": []
    },
    {
      "title": "按钮",
      "path": "ridge-bootstrap/button",
      "id": "g5m7z6l8sv",
      "style": {
        "position": "absolute",
        "visible": true,
        "x": 254.00002872242646,
        "y": 356.4999928193934,
        "width": 52,
        "height": 52.00001436121324
      },
      "styleEx": {},
      "props": {
        "type": "light",
        "src": "composite:///image/DeviconVuejs.svg",
        "icon": "arrow-right-circle-fill",
        "size": "btn-normal",
        "style": "general",
        "rounded": true,
        "full": true
      },
      "propEx": {},
      "events": {},
      "visible": true,
      "locked": false,
      "full": false,
      "$id": "https://ridge-ui.com/schemas/element",
      "slots": []
    },
    {
      "title": "按钮",
      "path": "ridge-bootstrap/button",
      "id": "mztv0muw5i",
      "style": {
        "position": "absolute",
        "visible": true,
        "x": 0,
        "y": 35,
        "width": 52,
        "height": 52
      },
      "styleEx": {},
      "props": {
        "type": "light",
        "src": "composite:///image/DeviconAntdesign.svg",
        "icon": "arrow-right-circle-fill",
        "size": "btn-normal",
        "style": "general",
        "rounded": true,
        "full": true
      },
      "propEx": {},
      "events": {},
      "visible": true,
      "locked": false,
      "full": false,
      "$id": "https://ridge-ui.com/schemas/element",
      "slots": []
    },
    {
      "title": "按钮",
      "path": "ridge-bootstrap/button",
      "id": "k1vsynd9tt",
      "style": {
        "position": "absolute",
        "visible": true,
        "x": 0,
        "y": 35,
        "width": 52,
        "height": 52
      },
      "styleEx": {},
      "props": {
        "type": "light",
        "src": "composite:///image/DeviconTailwindcss.svg",
        "icon": "arrow-right-circle-fill",
        "size": "btn-normal",
        "style": "general",
        "rounded": true,
        "full": true
      },
      "propEx": {},
      "events": {},
      "visible": true,
      "locked": false,
      "full": false,
      "$id": "https://ridge-ui.com/schemas/element",
      "slots": []
    },
    {
      "title": "按钮",
      "path": "ridge-bootstrap/button",
      "id": "ipubfhuj08",
      "style": {
        "position": "absolute",
        "visible": true,
        "x": 0,
        "y": 35,
        "width": 52,
        "height": 52
      },
      "styleEx": {},
      "props": {
        "type": "light",
        "src": "composite:///image/AkarIconsNextjsFill.svg",
        "icon": "arrow-right-circle-fill",
        "size": "btn-normal",
        "style": "general",
        "rounded": true,
        "full": true
      },
      "propEx": {},
      "events": {},
      "visible": true,
      "locked": false,
      "full": false,
      "$id": "https://ridge-ui.com/schemas/element",
      "slots": []
    },
    {
      "title": "弹性容器",
      "path": "ridge-container/flex",
      "id": "qu43clr3th",
      "style": {
        "position": "absolute",
        "visible": true,
        "x": 0,
        "y": 0,
        "width": 613,
        "height": 560
      },
      "styleEx": {},
      "props": {
        "direction": "row",
        "justify": "flex-start",
        "alignItems": "flex-start",
        "children": [
          "zj0b32v749"
        ],
        "gap": 8,
        "padding": 8,
        "classList": []
      },
      "propEx": {},
      "events": {},
      "visible": true,
      "locked": false,
      "full": false,
      "$id": "https://ridge-ui.com/schemas/element",
      "slots": []
    },
    {
      "title": "弹性容器_1",
      "path": "ridge-container/flex",
      "id": "8zj9xaac09",
      "style": {
        "position": "absolute",
        "visible": true,
        "x": 0,
        "y": 0,
        "width": 730,
        "height": 560,
        "flex": "1"
      },
      "styleEx": {},
      "props": {
        "direction": "row",
        "justify": "flex-start",
        "alignItems": "flex-start",
        "children": [
          "cpecmbxgw7"
        ],
        "gap": 8,
        "padding": 8,
        "classList": []
      },
      "propEx": {},
      "events": {},
      "visible": true,
      "locked": false,
      "full": false,
      "$id": "https://ridge-ui.com/schemas/element",
      "slots": []
    },
    {
      "title": "按钮1",
      "path": "ridge-bootstrap/button",
      "id": "lwidc8hnko",
      "style": {
        "position": "absolute",
        "visible": true,
        "x": 0,
        "y": -0.1872,
        "width": 224,
        "height": 38
      },
      "styleEx": {},
      "props": {
        "type": "success",
        "size": "btn-lg",
        "outline": false,
        "loading": false,
        "disabled": false,
        "classList": [
          "ridge-bootstrap/rounded-2"
        ],
        "icon": "box-seam",
        "text": "用编辑器打开当前页面",
        "style": "light"
      },
      "propEx": {},
      "events": {
        "onClick": [
          {
            "store": "Browser",
            "method": "openLink",
            "payload": "/npm/ridge-editor/?import=ridge-website"
          }
        ]
      },
      "visible": true,
      "locked": false,
      "full": false,
      "$id": "https://ridge-ui.com/schemas/element",
      "slots": []
    },
    {
      "title": "文本",
      "path": "ridge-bootstrap/typography",
      "id": "ffdz0o3mzl",
      "style": {
        "position": "absolute",
        "visible": true,
        "x": 192,
        "y": 687,
        "width": 274,
        "height": 25.99997127757353
      },
      "styleEx": {},
      "props": {
        "text": "快来尝试把，所有制作和使用过程完全",
        "classList": []
      },
      "propEx": {},
      "events": {},
      "visible": true,
      "locked": false,
      "full": false,
      "$id": "https://ridge-ui.com/schemas/element",
      "slots": []
    },
    {
      "title": "文本_1",
      "path": "ridge-bootstrap/typography",
      "id": "ixagw6e8ba",
      "style": {
        "position": "absolute",
        "visible": true,
        "x": 0,
        "y": 0,
        "width": 48,
        "height": 26
      },
      "styleEx": {},
      "props": {
        "text": "免费",
        "classList": [
          "ridge-bootstrap/fw-bolder"
        ],
        "center": true,
        "color": "#05b027",
        "fontSize": 20
      },
      "propEx": {},
      "events": {},
      "visible": true,
      "locked": false,
      "full": false,
      "$id": "https://ridge-ui.com/schemas/element",
      "slots": []
    },
    {
      "title": "弹性容器_2",
      "path": "ridge-container/flex",
      "id": "42qv71dmco",
      "style": {
        "position": "absolute",
        "visible": true,
        "x": 0,
        "y": 0,
        "width": 581,
        "height": 40
      },
      "styleEx": {},
      "props": {
        "direction": "row",
        "justify": "flex-start",
        "alignItems": "center",
        "flexWrap": false,
        "fill": false,
        "children": [
          "ffdz0o3mzl",
          "ixagw6e8ba"
        ],
        "gap": 8,
        "padding": 8,
        "classList": []
      },
      "propEx": {},
      "events": {},
      "visible": true,
      "locked": false,
      "full": false,
      "$id": "https://ridge-ui.com/schemas/element",
      "slots": []
    },
    {
      "title": "文本",
      "path": "ridge-bootstrap/typography",
      "id": "fq384rwnd7",
      "style": {
        "x": 241,
        "y": 12,
        "width": 270,
        "height": 34
      },
      "styleEx": {},
      "props": {
        "classList": [
          "ridge-bootstrap/fw-semibold"
        ],
        "text": "当前页面也使用RidgeUI制作",
        "color": "#e66605"
      },
      "propEx": {},
      "events": {},
      "visible": true,
      "locked": false,
      "full": false,
      "$id": "https://ridge-ui.com/schemas/element",
      "slots": []
    },
    {
      "title": "动态切换",
      "path": "ridge-container/layers",
      "id": "cpecmbxgw7",
      "style": {
        "position": "absolute",
        "visible": true,
        "x": 0,
        "y": 0,
        "width": 567,
        "height": 516,
        "flex": "1"
      },
      "styleEx": {},
      "props": {
        "current": "light",
        "preload": true,
        "classNames": [],
        "children": [
          "dlxqocdzkg",
          "1ncy3mwyig"
        ]
      },
      "propEx": {
        "current": "Promote.props.展示图"
      },
      "events": {},
      "visible": true,
      "locked": false,
      "full": false,
      "$id": "https://ridge-ui.com/schemas/element",
      "slots": []
    },
    {
      "title": "dark",
      "path": "ridge-bootstrap/image",
      "id": "dlxqocdzkg",
      "style": {
        "position": "absolute",
        "visible": true,
        "x": 708,
        "y": 605,
        "width": 711,
        "height": 422
      },
      "styleEx": {},
      "props": {
        "src": "composite:///image/dark.png",
        "classList": [],
        "objectFit": "object-fit-contain"
      },
      "propEx": {},
      "events": {},
      "visible": true,
      "locked": false,
      "full": false,
      "$id": "https://ridge-ui.com/schemas/element",
      "slots": []
    },
    {
      "title": "light",
      "path": "ridge-bootstrap/image",
      "id": "1ncy3mwyig",
      "style": {
        "position": "absolute",
        "visible": true,
        "x": 0,
        "y": 0,
        "width": 476,
        "height": 516
      },
      "styleEx": {},
      "props": {
        "src": "composite:///image/editor.png",
        "classList": [],
        "objectFit": "object-fit-contain"
      },
      "propEx": {},
      "events": {},
      "visible": true,
      "locked": false,
      "full": false,
      "$id": "https://ridge-ui.com/schemas/element",
      "slots": []
    },
    {
      "title": "自由布局",
      "path": "ridge-container/relative",
      "id": "39gl8mut4b",
      "style": {
        "position": "absolute",
        "visible": true,
        "x": 0,
        "y": -734,
        "width": 539,
        "height": 74
      },
      "styleEx": {},
      "props": {
        "children": [
          "5qdmy7ynz6",
          "fq384rwnd7"
        ],
        "overflow": true,
        "classList": []
      },
      "propEx": {},
      "events": {},
      "visible": true,
      "locked": false,
      "full": false,
      "$id": "https://ridge-ui.com/schemas/element",
      "slots": []
    },
    {
      "title": "图标",
      "path": "ridge-bootstrap/icons",
      "id": "5qdmy7ynz6",
      "style": {
        "x": 204,
        "y": -5,
        "width": 39.99995975703983,
        "height": 35.99997719565591
      },
      "styleEx": {},
      "props": {
        "icon": "arrow-90deg-up",
        "btn": false,
        "classList": [
          "ridge-bootstrap/fs-3",
          "ridge-bootstrap/text-success"
        ]
      },
      "propEx": {},
      "events": {},
      "visible": true,
      "locked": false,
      "full": false,
      "$id": "https://ridge-ui.com/schemas/element",
      "slots": []
    },
    {
      "title": "图片",
      "path": "ridge-bootstrap/image",
      "id": "d7dcgz5a10",
      "style": {
        "position": "absolute",
        "visible": true,
        "x": 0,
        "y": 0,
        "width": 74,
        "height": 27
      },
      "styleEx": {},
      "props": {
        "src": "composite:///image/users.png",
        "classList": [],
        "objectFit": "object-fit-none"
      },
      "propEx": {},
      "events": {},
      "visible": true,
      "locked": false,
      "full": false,
      "$id": "https://ridge-ui.com/schemas/element",
      "slots": []
    },
    {
      "title": "图片_1",
      "path": "ridge-bootstrap/image",
      "id": "j7ymwa6nul",
      "style": {
        "position": "absolute",
        "visible": true,
        "x": 0,
        "y": 0,
        "width": 50,
        "height": 65
      },
      "styleEx": {},
      "props": {
        "src": "composite:///image/tl.webp",
        "classList": []
      },
      "propEx": {},
      "events": {},
      "visible": true,
      "locked": false,
      "full": false,
      "$id": "https://ridge-ui.com/schemas/element",
      "slots": []
    }
  ],
  "name": "Splash",
  "children": [
    "rdykqe1xek"
  ]
}