{
  "version": "1.2.0",
  "style": {
    "width": 1520,
    "height": 520,
    "background": "",
    "classNames": []
  },
  "properties": {},
  "cssFiles": [],
  "jsFiles": [],
  "elements": [
    {
      "title": "弹性容器",
      "path": "ridge-container/flex",
      "id": "8oanctql5j",
      "style": {
        "position": "absolute",
        "visible": true,
        "x": 354,
        "y": 194,
        "width": 360,
        "height": 240
      },
      "styleEx": {},
      "props": {
        "direction": "column",
        "justify": "center",
        "alignItems": "center",
        "children": [
          "sfx894tfnf"
        ],
        "gap": 8,
        "padding": 8,
        "classList": []
      },
      "propEx": {},
      "events": {},
      "visible": true,
      "locked": false,
      "full": true,
      "$id": "https://ridge-ui.com/schemas/element",
      "slots": []
    },
    {
      "title": "弹性容器_1",
      "path": "ridge-container/flex",
      "id": "sfx894tfnf",
      "style": {
        "position": "absolute",
        "visible": true,
        "x": 1103,
        "y": 0,
        "width": 1516,
        "height": 456
      },
      "styleEx": {},
      "props": {
        "direction": "row",
        "justify": "flex-start",
        "alignItems": "flex-start",
        "children": [
          "de7wv386ia",
          "2y5g6o2f68",
          "trmmmpuybd",
          "owwljw7api"
        ],
        "gap": 8,
        "padding": 8,
        "classList": []
      },
      "propEx": {},
      "events": {},
      "visible": true,
      "locked": false,
      "full": false,
      "$id": "https://ridge-ui.com/schemas/element",
      "slots": []
    },
    {
      "title": "Feed",
      "path": "ridge-container/composite",
      "id": "de7wv386ia",
      "style": {
        "position": "absolute",
        "visible": true,
        "x": 0,
        "y": 0,
        "width": 409,
        "height": 435
      },
      "styleEx": {},
      "props": {
        "pagePath": "/widgets/Feed",
        "classList": []
      },
      "propEx": {},
      "events": {},
      "visible": true,
      "locked": false,
      "full": false,
      "$id": "https://ridge-ui.com/schemas/element",
      "slots": []
    },
    {
      "title": "Calculator",
      "path": "ridge-container/composite",
      "id": "2y5g6o2f68",
      "style": {
        "position": "absolute",
        "visible": true,
        "x": 0,
        "y": 0,
        "width": 380,
        "height": 435
      },
      "styleEx": {},
      "props": {
        "pagePath": "/widgets/Calculator",
        "classList": []
      },
      "propEx": {},
      "events": {},
      "visible": true,
      "locked": false,
      "full": false,
      "$id": "https://ridge-ui.com/schemas/element",
      "slots": []
    },
    {
      "title": "Kanban",
      "path": "ridge-container/composite",
      "id": "trmmmpuybd",
      "style": {
        "position": "absolute",
        "visible": true,
        "x": 0,
        "y": 0,
        "width": 374,
        "height": 440
      },
      "styleEx": {},
      "props": {
        "pagePath": "/widgets/Kanban",
        "classList": []
      },
      "propEx": {},
      "events": {},
      "visible": true,
      "locked": false,
      "full": false,
      "$id": "https://ridge-ui.com/schemas/element",
      "slots": []
    },
    {
      "title": "FormCheckIn",
      "path": "ridge-container/composite",
      "id": "owwljw7api",
      "style": {
        "position": "absolute",
        "visible": true,
        "x": 2894,
        "y": 0,
        "width": 296,
        "height": 440.0000369910039
      },
      "styleEx": {},
      "props": {
        "pagePath": "/widgets/FormCheckIn",
        "classList": []
      },
      "propEx": {},
      "events": {},
      "visible": true,
      "locked": false,
      "full": false,
      "$id": "https://ridge-ui.com/schemas/element",
      "slots": []
    }
  ],
  "name": "WidgetsList",
  "children": [
    "8oanctql5j"
  ]
}