{
  "version": "1.2.0",
  "style": {
    "width": 380,
    "height": 440,
    "background": "",
    "classNames": []
  },
  "properties": {},
  "cssFiles": [],
  "jsFiles": [],
  "elements": [
    {
      "title": "弹性容器",
      "path": "ridge-container/flex",
      "id": "ifcvtfyeoh",
      "style": {
        "position": "absolute",
        "visible": true,
        "x": 10,
        "y": 60,
        "width": 360,
        "height": 240
      },
      "styleEx": {},
      "props": {
        "direction": "row",
        "justify": "flex-start",
        "alignItems": "flex-start",
        "children": [
          "2l4bdscaan"
        ],
        "gap": 8,
        "padding": 8,
        "classList": []
      },
      "propEx": {},
      "events": {},
      "visible": true,
      "locked": false,
      "full": true,
      "$id": "https://ridge-ui.com/schemas/element",
      "slots": []
    },
    {
      "title": "弹性容器_1",
      "path": "ridge-container/flex",
      "id": "2l4bdscaan",
      "style": {
        "position": "absolute",
        "visible": true,
        "x": 8,
        "y": 8,
        "width": 361,
        "height": 421
      },
      "styleEx": {},
      "props": {
        "direction": "column",
        "justify": "flex-start",
        "alignItems": "flex-start",
        "children": [
          "ft4xvbu12p",
          "wygyv5d3di"
        ],
        "gap": 8,
        "padding": 8,
        "classList": [
          "ridge-bootstrap/rounded-4",
          "ridge-bootstrap/shadow",
          "ridge-bootstrap/border-primary-emphasis"
        ]
      },
      "propEx": {},
      "events": {},
      "visible": true,
      "locked": false,
      "full": false,
      "$id": "https://ridge-ui.com/schemas/element",
      "slots": []
    },
    {
      "title": "弹性容器_2",
      "path": "ridge-container/flex",
      "id": "ft4xvbu12p",
      "style": {
        "position": "absolute",
        "visible": true,
        "x": 16,
        "y": 16,
        "width": 343,
        "height": 85
      },
      "styleEx": {},
      "props": {
        "direction": "row",
        "justify": "flex-end",
        "alignItems": "flex-end",
        "children": [
          "j5n771y7xa"
        ],
        "gap": 8,
        "padding": 8,
        "classList": [
          "ridge-bootstrap/bg-body-tertiary",
          "ridge-bootstrap/fs-5",
          "ridge-bootstrap/text-body-emphasis"
        ]
      },
      "propEx": {},
      "events": {},
      "visible": true,
      "locked": false,
      "full": false,
      "$id": "https://ridge-ui.com/schemas/element",
      "slots": []
    },
    {
      "title": "弹性容器_3",
      "path": "ridge-container/flex",
      "id": "wygyv5d3di",
      "style": {
        "position": "absolute",
        "visible": true,
        "x": 0,
        "y": -72,
        "width": 342,
        "height": 312
      },
      "styleEx": {},
      "props": {
        "direction": "column",
        "justify": "flex-start",
        "alignItems": "flex-start",
        "children": [
          "gv5m8ftxtv",
          "hnilqtiaor",
          "jfqibmjfgh",
          "4n5i6fe2li"
        ],
        "gap": 8,
        "padding": 8,
        "classList": []
      },
      "propEx": {},
      "events": {},
      "visible": true,
      "locked": false,
      "full": false,
      "$id": "https://ridge-ui.com/schemas/element",
      "slots": []
    },
    {
      "title": "弹性容器_4",
      "path": "ridge-container/flex",
      "id": "gv5m8ftxtv",
      "style": {
        "position": "absolute",
        "visible": true,
        "x": 24.00001243308738,
        "y": 132.99999943485966,
        "width": 325.00002825701677,
        "height": 68
      },
      "styleEx": {},
      "props": {
        "direction": "row",
        "justify": "flex-start",
        "alignItems": "flex-start",
        "children": [
          "sm28zfy65r",
          "cvei5jqjsj",
          "tog7f6i33u",
          "39zx8t6p4z",
          "4i69j2gfx2"
        ],
        "gap": 8,
        "padding": 8,
        "classList": []
      },
      "propEx": {},
      "events": {},
      "visible": true,
      "locked": false,
      "full": false,
      "$id": "https://ridge-ui.com/schemas/element",
      "slots": []
    },
    {
      "title": "按钮",
      "path": "ridge-bootstrap/button",
      "id": "cvei5jqjsj",
      "style": {
        "position": "absolute",
        "visible": true,
        "x": 32,
        "y": 141,
        "width": 56,
        "height": 56
      },
      "styleEx": {},
      "props": {
        "text": "2",
        "type": "light",
        "size": "btn-lg",
        "outline": false,
        "loading": false,
        "disabled": false,
        "classList": [
          "ridge-bootstrap/fs-6"
        ],
        "full": true,
        "rounded": true
      },
      "propEx": {},
      "events": {},
      "visible": true,
      "locked": false,
      "full": false,
      "$id": "https://ridge-ui.com/schemas/element",
      "slots": []
    },
    {
      "title": "按钮",
      "path": "ridge-bootstrap/button",
      "id": "sm28zfy65r",
      "style": {
        "position": "absolute",
        "visible": true,
        "x": 162,
        "y": 489,
        "width": 56,
        "height": 56
      },
      "styleEx": {},
      "props": {
        "text": "1",
        "type": "light",
        "size": "btn-lg",
        "outline": false,
        "loading": false,
        "disabled": false,
        "classList": [
          "ridge-bootstrap/fs-6"
        ],
        "full": true,
        "rounded": true
      },
      "propEx": {},
      "events": {},
      "visible": true,
      "locked": false,
      "full": false,
      "$id": "https://ridge-ui.com/schemas/element",
      "slots": []
    },
    {
      "title": "按钮",
      "path": "ridge-bootstrap/button",
      "id": "39zx8t6p4z",
      "style": {
        "position": "absolute",
        "visible": true,
        "x": 32,
        "y": 141,
        "width": 56,
        "height": 56
      },
      "styleEx": {},
      "props": {
        "type": "info",
        "size": "btn-lg",
        "outline": false,
        "loading": false,
        "disabled": false,
        "classList": [
          "ridge-bootstrap/fs-6"
        ],
        "full": true,
        "rounded": true,
        "icon": "plus-lg",
        "style": "light"
      },
      "propEx": {},
      "events": {},
      "visible": true,
      "locked": false,
      "full": false,
      "$id": "https://ridge-ui.com/schemas/element",
      "slots": []
    },
    {
      "title": "按钮",
      "path": "ridge-bootstrap/button",
      "id": "tog7f6i33u",
      "style": {
        "position": "absolute",
        "visible": true,
        "x": 224,
        "y": 141,
        "width": 56,
        "height": 56
      },
      "styleEx": {},
      "props": {
        "text": "3",
        "type": "light",
        "size": "btn-lg",
        "outline": false,
        "loading": false,
        "disabled": false,
        "classList": [
          "ridge-bootstrap/fs-6"
        ],
        "full": true,
        "rounded": true
      },
      "propEx": {},
      "events": {},
      "visible": true,
      "locked": false,
      "full": false,
      "$id": "https://ridge-ui.com/schemas/element",
      "slots": []
    },
    {
      "title": "按钮",
      "path": "ridge-bootstrap/button",
      "id": "c7vouc436w",
      "style": {
        "position": "absolute",
        "visible": true,
        "x": 162,
        "y": 489,
        "width": 56,
        "height": 56
      },
      "styleEx": {},
      "props": {
        "text": "4",
        "type": "light",
        "size": "btn-lg",
        "outline": false,
        "loading": false,
        "disabled": false,
        "classList": [
          "ridge-bootstrap/fs-6"
        ],
        "full": true,
        "rounded": true
      },
      "propEx": {},
      "events": {},
      "visible": true,
      "locked": false,
      "full": false,
      "$id": "https://ridge-ui.com/schemas/element",
      "slots": []
    },
    {
      "title": "按钮",
      "path": "ridge-bootstrap/button",
      "id": "besgtk239f",
      "style": {
        "position": "absolute",
        "visible": true,
        "x": 32,
        "y": 141,
        "width": 56,
        "height": 56
      },
      "styleEx": {},
      "props": {
        "text": "5",
        "type": "light",
        "size": "btn-lg",
        "outline": false,
        "loading": false,
        "disabled": false,
        "classList": [
          "ridge-bootstrap/fs-6"
        ],
        "full": true,
        "rounded": true
      },
      "propEx": {},
      "events": {},
      "visible": true,
      "locked": false,
      "full": false,
      "$id": "https://ridge-ui.com/schemas/element",
      "slots": []
    },
    {
      "title": "按钮",
      "path": "ridge-bootstrap/button",
      "id": "0u2kje0wvf",
      "style": {
        "position": "absolute",
        "visible": true,
        "x": 224,
        "y": 141,
        "width": 56,
        "height": 56
      },
      "styleEx": {},
      "props": {
        "text": "6",
        "type": "light",
        "size": "btn-lg",
        "outline": false,
        "loading": false,
        "disabled": false,
        "classList": [
          "ridge-bootstrap/fs-6"
        ],
        "full": true,
        "rounded": true
      },
      "propEx": {},
      "events": {},
      "visible": true,
      "locked": false,
      "full": false,
      "$id": "https://ridge-ui.com/schemas/element",
      "slots": []
    },
    {
      "title": "按钮",
      "path": "ridge-bootstrap/button",
      "id": "gxnovy8luy",
      "style": {
        "position": "absolute",
        "visible": true,
        "x": 558,
        "y": 239,
        "width": 56,
        "height": 56
      },
      "styleEx": {},
      "props": {
        "type": "info",
        "size": "btn-lg",
        "outline": false,
        "loading": false,
        "disabled": false,
        "classList": [
          "ridge-bootstrap/fs-6"
        ],
        "full": true,
        "rounded": true,
        "icon": "dash-lg",
        "style": "light"
      },
      "propEx": {},
      "events": {},
      "visible": true,
      "locked": false,
      "full": false,
      "$id": "https://ridge-ui.com/schemas/element",
      "slots": []
    },
    {
      "title": "弹性容器_4",
      "path": "ridge-container/flex",
      "id": "hnilqtiaor",
      "style": {
        "position": "absolute",
        "visible": true,
        "x": 24.00001243308738,
        "y": 132.99999943485966,
        "width": 325.00002825701677,
        "height": 68
      },
      "styleEx": {},
      "props": {
        "direction": "row",
        "justify": "flex-start",
        "alignItems": "flex-start",
        "children": [
          "c7vouc436w",
          "besgtk239f",
          "0u2kje0wvf",
          "gxnovy8luy",
          "vj4qv7vjfk"
        ],
        "gap": 8,
        "padding": 8,
        "classList": []
      },
      "propEx": {},
      "events": {},
      "visible": true,
      "locked": false,
      "full": false,
      "$id": "https://ridge-ui.com/schemas/element",
      "slots": []
    },
    {
      "title": "按钮",
      "path": "ridge-bootstrap/button",
      "id": "3fclgkgik5",
      "style": {
        "position": "absolute",
        "visible": true,
        "x": 162,
        "y": 489,
        "width": 56,
        "height": 56
      },
      "styleEx": {},
      "props": {
        "text": "7",
        "type": "light",
        "size": "btn-lg",
        "outline": false,
        "loading": false,
        "disabled": false,
        "classList": [
          "ridge-bootstrap/fs-6"
        ],
        "full": true,
        "rounded": true
      },
      "propEx": {},
      "events": {},
      "visible": true,
      "locked": false,
      "full": false,
      "$id": "https://ridge-ui.com/schemas/element",
      "slots": []
    },
    {
      "title": "按钮",
      "path": "ridge-bootstrap/button",
      "id": "iimd3fzh3u",
      "style": {
        "position": "absolute",
        "visible": true,
        "x": 32,
        "y": 141,
        "width": 56,
        "height": 56
      },
      "styleEx": {},
      "props": {
        "text": "8",
        "type": "light",
        "size": "btn-lg",
        "outline": false,
        "loading": false,
        "disabled": false,
        "classList": [
          "ridge-bootstrap/fs-6"
        ],
        "full": true,
        "rounded": true
      },
      "propEx": {},
      "events": {},
      "visible": true,
      "locked": false,
      "full": false,
      "$id": "https://ridge-ui.com/schemas/element",
      "slots": []
    },
    {
      "title": "按钮",
      "path": "ridge-bootstrap/button",
      "id": "95yl5rlfdh",
      "style": {
        "position": "absolute",
        "visible": true,
        "x": 224,
        "y": 141,
        "width": 56,
        "height": 56
      },
      "styleEx": {},
      "props": {
        "text": "9",
        "type": "light",
        "size": "btn-lg",
        "outline": false,
        "loading": false,
        "disabled": false,
        "classList": [
          "ridge-bootstrap/fs-6"
        ],
        "full": true,
        "rounded": true
      },
      "propEx": {},
      "events": {},
      "visible": true,
      "locked": false,
      "full": false,
      "$id": "https://ridge-ui.com/schemas/element",
      "slots": []
    },
    {
      "title": "按钮",
      "path": "ridge-bootstrap/button",
      "id": "587s1ogtbv",
      "style": {
        "position": "absolute",
        "visible": true,
        "x": 32,
        "y": 141,
        "width": 56,
        "height": 56
      },
      "styleEx": {},
      "props": {
        "type": "info",
        "size": "btn-lg",
        "outline": false,
        "loading": false,
        "disabled": false,
        "classList": [
          "ridge-bootstrap/fs-6"
        ],
        "full": true,
        "rounded": true,
        "style": "light",
        "text": "×"
      },
      "propEx": {},
      "events": {},
      "visible": true,
      "locked": false,
      "full": false,
      "$id": "https://ridge-ui.com/schemas/element",
      "slots": []
    },
    {
      "title": "弹性容器_4",
      "path": "ridge-container/flex",
      "id": "jfqibmjfgh",
      "style": {
        "position": "absolute",
        "visible": true,
        "x": 24.00001243308738,
        "y": 132.99999943485966,
        "width": 325.00002825701677,
        "height": 68
      },
      "styleEx": {},
      "props": {
        "direction": "row",
        "justify": "flex-start",
        "alignItems": "flex-start",
        "children": [
          "3fclgkgik5",
          "iimd3fzh3u",
          "95yl5rlfdh",
          "587s1ogtbv",
          "x04sgomtyv"
        ],
        "gap": 8,
        "padding": 8,
        "classList": []
      },
      "propEx": {},
      "events": {},
      "visible": true,
      "locked": false,
      "full": false,
      "$id": "https://ridge-ui.com/schemas/element",
      "slots": []
    },
    {
      "title": "按钮",
      "path": "ridge-bootstrap/button",
      "id": "fffs6zk88x",
      "style": {
        "position": "absolute",
        "visible": true,
        "x": 162,
        "y": 489,
        "width": 56,
        "height": 56
      },
      "styleEx": {},
      "props": {
        "type": "light",
        "size": "btn-lg",
        "outline": false,
        "loading": false,
        "disabled": false,
        "classList": [
          "ridge-bootstrap/fs-6"
        ],
        "full": true,
        "rounded": true,
        "text": "."
      },
      "propEx": {},
      "events": {},
      "visible": true,
      "locked": false,
      "full": false,
      "$id": "https://ridge-ui.com/schemas/element",
      "slots": []
    },
    {
      "title": "按钮",
      "path": "ridge-bootstrap/button",
      "id": "gf7h97s3bz",
      "style": {
        "position": "absolute",
        "visible": true,
        "x": 32,
        "y": 141,
        "width": 56,
        "height": 56
      },
      "styleEx": {},
      "props": {
        "text": "0",
        "type": "light",
        "size": "btn-lg",
        "outline": false,
        "loading": false,
        "disabled": false,
        "classList": [
          "ridge-bootstrap/fs-6"
        ],
        "full": true,
        "rounded": true
      },
      "propEx": {},
      "events": {},
      "visible": true,
      "locked": false,
      "full": false,
      "$id": "https://ridge-ui.com/schemas/element",
      "slots": []
    },
    {
      "title": "按钮",
      "path": "ridge-bootstrap/button",
      "id": "61xec4fx2a",
      "style": {
        "position": "absolute",
        "visible": true,
        "x": 224,
        "y": 141,
        "width": 56,
        "height": 56
      },
      "styleEx": {},
      "props": {
        "type": "light",
        "size": "btn-lg",
        "outline": false,
        "loading": false,
        "disabled": false,
        "classList": [
          "ridge-bootstrap/fs-6"
        ],
        "full": true,
        "rounded": true,
        "icon": "plus-slash-minus"
      },
      "propEx": {},
      "events": {},
      "visible": true,
      "locked": false,
      "full": false,
      "$id": "https://ridge-ui.com/schemas/element",
      "slots": []
    },
    {
      "title": "按钮",
      "path": "ridge-bootstrap/button",
      "id": "qrcp0hqc09",
      "style": {
        "position": "absolute",
        "visible": true,
        "x": 32,
        "y": 141,
        "width": 56,
        "height": 56
      },
      "styleEx": {},
      "props": {
        "type": "info",
        "size": "btn-lg",
        "outline": false,
        "loading": false,
        "disabled": false,
        "classList": [
          "ridge-bootstrap/fs-6"
        ],
        "full": true,
        "rounded": true,
        "style": "light",
        "text": "÷"
      },
      "propEx": {},
      "events": {},
      "visible": true,
      "locked": false,
      "full": false,
      "$id": "https://ridge-ui.com/schemas/element",
      "slots": []
    },
    {
      "title": "弹性容器_4",
      "path": "ridge-container/flex",
      "id": "4n5i6fe2li",
      "style": {
        "position": "absolute",
        "visible": true,
        "x": 24.00001243308738,
        "y": 132.99999943485966,
        "width": 325.00002825701677,
        "height": 68
      },
      "styleEx": {},
      "props": {
        "direction": "row",
        "justify": "flex-start",
        "alignItems": "flex-start",
        "children": [
          "fffs6zk88x",
          "gf7h97s3bz",
          "61xec4fx2a",
          "qrcp0hqc09",
          "ka0qxvav9u"
        ],
        "gap": 8,
        "padding": 8,
        "classList": []
      },
      "propEx": {},
      "events": {},
      "visible": true,
      "locked": false,
      "full": false,
      "$id": "https://ridge-ui.com/schemas/element",
      "slots": []
    },
    {
      "title": "按钮",
      "path": "ridge-bootstrap/button",
      "id": "ka0qxvav9u",
      "style": {
        "position": "absolute",
        "visible": true,
        "x": 32,
        "y": 141,
        "width": 55,
        "height": 56
      },
      "styleEx": {},
      "props": {
        "type": "danger",
        "size": "btn-lg",
        "outline": false,
        "loading": false,
        "disabled": false,
        "classList": [
          "ridge-bootstrap/fs-6"
        ],
        "full": true,
        "rounded": true,
        "style": "general",
        "text": "="
      },
      "propEx": {},
      "events": {},
      "visible": true,
      "locked": false,
      "full": false,
      "$id": "https://ridge-ui.com/schemas/element",
      "slots": []
    },
    {
      "title": "按钮",
      "path": "ridge-bootstrap/button",
      "id": "4i69j2gfx2",
      "style": {
        "position": "absolute",
        "visible": true,
        "x": 32,
        "y": 141,
        "width": 55,
        "height": 56
      },
      "styleEx": {},
      "props": {
        "type": "secondary",
        "size": "btn-lg",
        "outline": false,
        "loading": false,
        "disabled": false,
        "classList": [
          "ridge-bootstrap/fs-6"
        ],
        "full": true,
        "rounded": true,
        "style": "general",
        "text": "C"
      },
      "propEx": {},
      "events": {},
      "visible": true,
      "locked": false,
      "full": false,
      "$id": "https://ridge-ui.com/schemas/element",
      "slots": []
    },
    {
      "title": "按钮",
      "path": "ridge-bootstrap/button",
      "id": "vj4qv7vjfk",
      "style": {
        "position": "absolute",
        "visible": true,
        "x": 32,
        "y": 141,
        "width": 55,
        "height": 56
      },
      "styleEx": {},
      "props": {
        "type": "secondary",
        "size": "btn-lg",
        "outline": false,
        "loading": false,
        "disabled": false,
        "classList": [
          "ridge-bootstrap/fs-6"
        ],
        "full": true,
        "rounded": true,
        "style": "general",
        "text": "AC"
      },
      "propEx": {},
      "events": {},
      "visible": true,
      "locked": false,
      "full": false,
      "$id": "https://ridge-ui.com/schemas/element",
      "slots": []
    },
    {
      "title": "按钮",
      "path": "ridge-bootstrap/button",
      "id": "x04sgomtyv",
      "style": {
        "position": "absolute",
        "visible": true,
        "x": 32,
        "y": 141,
        "width": 55,
        "height": 56
      },
      "styleEx": {},
      "props": {
        "type": "secondary",
        "size": "btn-lg",
        "outline": false,
        "loading": false,
        "disabled": false,
        "classList": [
          "ridge-bootstrap/fs-6"
        ],
        "full": true,
        "rounded": true,
        "style": "general",
        "text": "%"
      },
      "propEx": {},
      "events": {},
      "visible": true,
      "locked": false,
      "full": false,
      "$id": "https://ridge-ui.com/schemas/element",
      "slots": []
    },
    {
      "title": "文本",
      "path": "ridge-bootstrap/typography",
      "id": "j5n771y7xa",
      "style": {
        "position": "absolute",
        "visible": true,
        "x": 76,
        "y": 44,
        "width": 275,
        "height": 49
      },
      "styleEx": {},
      "props": {
        "classList": [
          "ridge-bootstrap/text-end",
          "ridge-bootstrap/text-body-secondary",
          "ridge-bootstrap/fs-2"
        ],
        "text": "23,340"
      },
      "propEx": {},
      "events": {},
      "visible": true,
      "locked": false,
      "full": false,
      "$id": "https://ridge-ui.com/schemas/element",
      "slots": []
    }
  ],
  "name": "Calculator",
  "children": [
    "ifcvtfyeoh"
  ]
}