{
  "version": "1.2.0",
  "style": {
    "width": 380,
    "height": 440,
    "background": "",
    "classNames": [],
    "widthFix": false,
    "heightFix": false
  },
  "properties": {},
  "cssFiles": [],
  "jsFiles": [],
  "elements": [
    {
      "title": "弹性容器",
      "path": "ridge-container/flex",
      "id": "qls28i5sp0",
      "style": {
        "position": "absolute",
        "visible": true,
        "x": 19,
        "y": 66,
        "width": 360,
        "height": 240
      },
      "styleEx": {},
      "props": {
        "direction": "row",
        "justify": "center",
        "alignItems": "stretch",
        "children": [
          "9zsxlqszmg"
        ],
        "gap": 8,
        "padding": 13,
        "classList": []
      },
      "propEx": {},
      "events": {},
      "visible": true,
      "locked": false,
      "full": true,
      "$id": "https://ridge-ui.com/schemas/element",
      "slots": []
    },
    {
      "title": "弹性容器_1",
      "path": "ridge-container/flex",
      "id": "9zsxlqszmg",
      "style": {
        "position": "absolute",
        "visible": true,
        "x": 13,
        "y": 13,
        "width": 354,
        "height": 414,
        "flex": "1"
      },
      "styleEx": {},
      "props": {
        "direction": "column",
        "justify": "flex-start",
        "alignItems": "stretch",
        "children": [
          "xdjvhsnk0y",
          "nnm4m0nsjg",
          "mkklv5t5sf",
          "g6ys42l3v3"
        ],
        "gap": 8,
        "classList": [
          "ridge-bootstrap/shadow",
          "ridge-bootstrap/border",
          "ridge-bootstrap/border-1",
          "ridge-bootstrap/border-primary-emphasis",
          "ridge-bootstrap/rounded-2"
        ],
        "padding": 0
      },
      "propEx": {},
      "events": {},
      "visible": true,
      "locked": false,
      "full": false,
      "$id": "https://ridge-ui.com/schemas/element",
      "slots": []
    },
    {
      "title": "弹性容器_2",
      "path": "ridge-container/flex",
      "id": "xdjvhsnk0y",
      "style": {
        "position": "absolute",
        "visible": true,
        "x": 0,
        "y": 0,
        "width": 360,
        "height": 67
      },
      "styleEx": {},
      "props": {
        "direction": "row",
        "justify": "flex-start",
        "alignItems": "center",
        "children": [
          "lsrm16apvh",
          "v2i93lxuui"
        ],
        "gap": 8,
        "padding": 8,
        "classList": []
      },
      "propEx": {},
      "events": {},
      "visible": true,
      "locked": false,
      "full": false,
      "$id": "https://ridge-ui.com/schemas/element",
      "slots": []
    },
    {
      "title": "图片",
      "path": "ridge-basic/image",
      "id": "lsrm16apvh",
      "style": {
        "position": "absolute",
        "visible": true,
        "x": 0,
        "y": 1,
        "width": 54,
        "height": 54
      },
      "styleEx": {},
      "props": {
        "src": "/image/s3.jpg",
        "objectFit": "cover",
        "classList": [
          "ridge-bootstrap/border-primary-emphasis",
          "ridge-bootstrap/rounded-5",
          "ridge-bootstrap/border-2",
          "ridge-bootstrap/border",
          "ridge-bootstrap/shadow-sm"
        ]
      },
      "propEx": {},
      "events": {},
      "visible": true,
      "locked": false,
      "full": false,
      "$id": "https://ridge-ui.com/schemas/element",
      "slots": []
    },
    {
      "title": "弹性容器_3",
      "path": "ridge-container/flex",
      "id": "v2i93lxuui",
      "style": {
        "position": "absolute",
        "visible": true,
        "x": 0,
        "y": -544,
        "width": 274,
        "height": 50,
        "flex": "1"
      },
      "styleEx": {},
      "props": {
        "direction": "column",
        "justify": "flex-start",
        "alignItems": "flex-start",
        "children": [
          "5ik9c8jgzo",
          "e22n4znjra"
        ],
        "gap": 2,
        "padding": 0,
        "classList": []
      },
      "propEx": {},
      "events": {},
      "visible": true,
      "locked": false,
      "full": false,
      "$id": "https://ridge-ui.com/schemas/element",
      "slots": []
    },
    {
      "title": "文本",
      "path": "ridge-bootstrap/typography",
      "id": "5ik9c8jgzo",
      "style": {
        "position": "absolute",
        "visible": true,
        "x": 0,
        "y": 0,
        "width": 241,
        "height": 22
      },
      "styleEx": {},
      "props": {
        "text": "Andrew Grant",
        "classList": [
          "ridge-bootstrap/fw-medium"
        ]
      },
      "propEx": {},
      "events": {},
      "visible": true,
      "locked": false,
      "full": false,
      "$id": "https://ridge-ui.com/schemas/element",
      "slots": []
    },
    {
      "title": "文本_1",
      "path": "ridge-bootstrap/typography",
      "id": "e22n4znjra",
      "style": {
        "position": "absolute",
        "visible": true,
        "x": 0,
        "y": 0,
        "width": 247,
        "height": 22
      },
      "styleEx": {},
      "props": {
        "text": "Yestarday at 5:06 PM",
        "classList": [
          "ridge-bootstrap/text-body-secondary",
          "ridge-bootstrap/fs-6"
        ]
      },
      "propEx": {},
      "events": {},
      "visible": true,
      "locked": false,
      "full": false,
      "$id": "https://ridge-ui.com/schemas/element",
      "slots": []
    },
    {
      "title": "图片_1",
      "path": "ridge-basic/image",
      "id": "nnm4m0nsjg",
      "style": {
        "position": "absolute",
        "visible": true,
        "x": 0,
        "y": 0,
        "width": 347,
        "height": 177
      },
      "styleEx": {},
      "props": {
        "src": "/image/album5.jpg",
        "objectFit": "cover",
        "classList": []
      },
      "propEx": {},
      "events": {},
      "visible": true,
      "locked": false,
      "full": false,
      "$id": "https://ridge-ui.com/schemas/element",
      "slots": []
    },
    {
      "title": "文本_2",
      "path": "ridge-bootstrap/typography",
      "id": "mkklv5t5sf",
      "style": {
        "position": "absolute",
        "visible": true,
        "x": 0,
        "y": 0,
        "width": 342.9999585421579,
        "height": 83
      },
      "styleEx": {},
      "props": {
        "text": "Your beauty is one of the things I like about you.😍 🥰#beauty #goa🏄🏽‍♀️ #india #happylife",
        "classList": [
          "ridge-bootstrap/p-1",
          "ridge-bootstrap/p-2"
        ]
      },
      "propEx": {},
      "events": {},
      "visible": true,
      "locked": false,
      "full": false,
      "$id": "https://ridge-ui.com/schemas/element",
      "slots": []
    },
    {
      "title": "弹性容器_4",
      "path": "ridge-container/flex",
      "id": "g6ys42l3v3",
      "style": {
        "position": "absolute",
        "visible": true,
        "x": 0,
        "y": 0,
        "width": 343,
        "height": 52
      },
      "styleEx": {},
      "props": {
        "direction": "row",
        "justify": "flex-start",
        "alignItems": "center",
        "children": [
          "an02yr8hum",
          "n7j9zjn6yq",
          "cpoxh9dhtf"
        ],
        "gap": 8,
        "padding": 8,
        "classList": []
      },
      "propEx": {},
      "events": {},
      "visible": true,
      "locked": false,
      "full": false,
      "$id": "https://ridge-ui.com/schemas/element",
      "slots": []
    },
    {
      "title": "图标",
      "path": "ridge-bootstrap/icons",
      "id": "an02yr8hum",
      "style": {
        "position": "absolute",
        "visible": true,
        "x": 0,
        "y": 0,
        "width": 32,
        "height": 29
      },
      "styleEx": {},
      "props": {
        "icon": "heart",
        "classList": []
      },
      "propEx": {},
      "events": {},
      "visible": true,
      "locked": false,
      "full": false,
      "$id": "https://ridge-ui.com/schemas/element",
      "slots": []
    },
    {
      "title": "图标_1",
      "path": "ridge-bootstrap/icons",
      "id": "n7j9zjn6yq",
      "style": {
        "position": "absolute",
        "visible": true,
        "x": 0,
        "y": 0,
        "width": 37,
        "height": 29
      },
      "styleEx": {},
      "props": {
        "icon": "chat-dots",
        "classList": []
      },
      "propEx": {},
      "events": {},
      "visible": true,
      "locked": false,
      "full": false,
      "$id": "https://ridge-ui.com/schemas/element",
      "slots": []
    },
    {
      "title": "图标_2",
      "path": "ridge-bootstrap/icons",
      "id": "cpoxh9dhtf",
      "style": {
        "position": "absolute",
        "visible": true,
        "x": 0,
        "y": 0,
        "width": 38,
        "height": 29
      },
      "styleEx": {},
      "props": {
        "icon": "share",
        "classList": []
      },
      "propEx": {},
      "events": {},
      "visible": true,
      "locked": false,
      "full": false,
      "$id": "https://ridge-ui.com/schemas/element",
      "slots": []
    }
  ],
  "name": "Feed",
  "children": [
    "qls28i5sp0"
  ]
}