{
  "version": "1.2.0",
  "style": {
    "width": 380,
    "height": 440,
    "background": null,
    "classNames": []
  },
  "properties": {},
  "cssFiles": [],
  "jsFiles": [],
  "elements": [
    {
      "title": "弹性容器",
      "path": "ridge-container/flex",
      "id": "c4rm6uvvvu",
      "style": {
        "position": "absolute",
        "visible": true,
        "x": 313,
        "y": 470,
        "width": 364,
        "height": 447
      },
      "styleEx": {},
      "props": {
        "direction": "column",
        "justify": "flex-start",
        "alignItems": "stretch",
        "children": [
          "0onx1jjwav",
          "om1o02k8iw"
        ],
        "gap": 0,
        "padding": 0,
        "classList": [
          "ridge-bootstrap/rounded-3",
          "ridge-bootstrap/border-primary-emphasis",
          "ridge-bootstrap/border-1",
          "ridge-bootstrap/border",
          "ridge-bootstrap/shadow"
        ]
      },
      "propEx": {},
      "events": {},
      "visible": true,
      "locked": false,
      "full": false,
      "$id": "https://ridge-ui.com/schemas/element",
      "slots": []
    },
    {
      "title": "弹性容器_1",
      "path": "ridge-container/flex",
      "id": "0onx1jjwav",
      "style": {
        "position": "absolute",
        "visible": true,
        "x": 0,
        "y": 0,
        "width": 344,
        "height": 47
      },
      "styleEx": {},
      "props": {
        "direction": "row",
        "justify": "flex-start",
        "alignItems": "flex-start",
        "children": [
          "srvaesupmk",
          "hp3qc6v9l0"
        ],
        "gap": 8,
        "padding": 8,
        "classList": []
      },
      "propEx": {},
      "events": {},
      "visible": true,
      "locked": false,
      "full": false,
      "$id": "https://ridge-ui.com/schemas/element",
      "slots": []
    },
    {
      "title": "图标",
      "path": "ridge-bootstrap/icons",
      "id": "hp3qc6v9l0",
      "style": {
        "position": "absolute",
        "visible": true,
        "x": 0,
        "y": 0,
        "width": 34,
        "height": 28
      },
      "styleEx": {},
      "props": {
        "icon": "plus-lg",
        "classList": []
      },
      "propEx": {},
      "events": {},
      "visible": true,
      "locked": false,
      "full": false,
      "$id": "https://ridge-ui.com/schemas/element",
      "slots": []
    },
    {
      "title": "文本",
      "path": "ridge-bootstrap/typography",
      "id": "srvaesupmk",
      "style": {
        "position": "absolute",
        "visible": true,
        "x": 0,
        "y": 0,
        "width": 302,
        "height": 29
      },
      "styleEx": {},
      "props": {
        "text": "Todo List",
        "classList": [
          "ridge-bootstrap/fw-medium"
        ]
      },
      "propEx": {},
      "events": {},
      "visible": true,
      "locked": false,
      "full": false,
      "$id": "https://ridge-ui.com/schemas/element",
      "slots": []
    },
    {
      "title": "弹性容器_2",
      "path": "ridge-container/flex",
      "id": "jr1xgxp2r2",
      "style": {
        "position": "absolute",
        "visible": true,
        "x": 0,
        "y": 0,
        "width": 317,
        "height": 166
      },
      "styleEx": {},
      "props": {
        "direction": "column",
        "justify": "flex-start",
        "alignItems": "flex-start",
        "children": [
          "y7pu1egoxz",
          "4i2wiz04bc",
          "ife3icwo32"
        ],
        "gap": 8,
        "padding": 8,
        "classList": [
          "ridge-bootstrap/bg-white",
          "ridge-bootstrap/rounded-4",
          "ridge-bootstrap/shadow-sm"
        ]
      },
      "propEx": {},
      "events": {},
      "visible": true,
      "locked": false,
      "full": false,
      "$id": "https://ridge-ui.com/schemas/element",
      "slots": []
    },
    {
      "title": "弹性容器_3",
      "path": "ridge-container/flex",
      "id": "y7pu1egoxz",
      "style": {
        "position": "absolute",
        "visible": true,
        "x": 0,
        "y": 0,
        "width": 279,
        "height": 34
      },
      "styleEx": {},
      "props": {
        "direction": "row",
        "justify": "flex-start",
        "alignItems": "flex-start",
        "children": [
          "bjyv5q614n"
        ],
        "gap": 8,
        "padding": 6,
        "classList": []
      },
      "propEx": {},
      "events": {},
      "visible": true,
      "locked": false,
      "full": false,
      "$id": "https://ridge-ui.com/schemas/element",
      "slots": []
    },
    {
      "title": "文本_1",
      "path": "ridge-bootstrap/typography",
      "id": "bjyv5q614n",
      "style": {
        "position": "absolute",
        "visible": true,
        "x": 0,
        "y": 0,
        "width": 218,
        "height": 25
      },
      "styleEx": {},
      "props": {
        "text": "Lets do some task on pd",
        "classList": [
          "ridge-bootstrap/fw-medium"
        ]
      },
      "propEx": {},
      "events": {},
      "visible": true,
      "locked": false,
      "full": false,
      "$id": "https://ridge-ui.com/schemas/element",
      "slots": []
    },
    {
      "title": "弹性容器_4",
      "path": "ridge-container/flex",
      "id": "om1o02k8iw",
      "style": {
        "position": "absolute",
        "visible": true,
        "x": 644,
        "y": 123,
        "width": 441,
        "height": 375
      },
      "styleEx": {},
      "props": {
        "direction": "column",
        "justify": "flex-start",
        "alignItems": "stretch",
        "children": [
          "jr1xgxp2r2",
          "jsbyi4fmbp"
        ],
        "gap": 8,
        "padding": 16,
        "classList": []
      },
      "propEx": {},
      "events": {},
      "visible": true,
      "locked": false,
      "full": false,
      "$id": "https://ridge-ui.com/schemas/element",
      "slots": []
    },
    {
      "title": "文本_2",
      "path": "ridge-bootstrap/typography",
      "id": "4i2wiz04bc",
      "style": {
        "position": "absolute",
        "visible": true,
        "x": 0,
        "y": 0,
        "width": 298,
        "height": 79
      },
      "styleEx": {},
      "props": {
        "text": "Create user personas based on the research data to represent different user groups and their characteristics,",
        "classList": [
          "ridge-bootstrap/text-body-secondary"
        ]
      },
      "propEx": {},
      "events": {},
      "visible": true,
      "locked": false,
      "full": false,
      "$id": "https://ridge-ui.com/schemas/element",
      "slots": []
    },
    {
      "title": "弹性容器_5",
      "path": "ridge-container/flex",
      "id": "ife3icwo32",
      "style": {
        "position": "absolute",
        "visible": true,
        "x": 28.00000377537049,
        "y": 197.0000119553399,
        "width": 297.9999660216656,
        "height": 28
      },
      "styleEx": {},
      "props": {
        "direction": "row",
        "justify": "flex-start",
        "alignItems": "flex-start",
        "children": [
          "tvm45be87e",
          "ze3gfsmk45",
          "y35fn0gfo1"
        ],
        "gap": 8,
        "padding": 0,
        "classList": []
      },
      "propEx": {},
      "events": {},
      "visible": true,
      "locked": false,
      "full": false,
      "$id": "https://ridge-ui.com/schemas/element",
      "slots": []
    },
    {
      "title": "图标_1",
      "path": "ridge-bootstrap/icons",
      "id": "tvm45be87e",
      "style": {
        "position": "absolute",
        "visible": true,
        "x": 0,
        "y": 0,
        "width": 30,
        "height": 28
      },
      "styleEx": {},
      "props": {
        "icon": "calendar2-check",
        "classList": []
      },
      "propEx": {},
      "events": {},
      "visible": true,
      "locked": false,
      "full": false,
      "$id": "https://ridge-ui.com/schemas/element",
      "slots": []
    },
    {
      "title": "文本_3",
      "path": "ridge-bootstrap/typography",
      "id": "ze3gfsmk45",
      "style": {
        "position": "absolute",
        "visible": true,
        "x": 0,
        "y": 0,
        "width": 185,
        "height": 21.999996224629513
      },
      "styleEx": {},
      "props": {
        "classList": [],
        "text": "8月21日 "
      },
      "propEx": {},
      "events": {},
      "visible": true,
      "locked": false,
      "full": false,
      "$id": "https://ridge-ui.com/schemas/element",
      "slots": []
    },
    {
      "title": "标签",
      "path": "ridge-bootstrap/badge",
      "id": "y35fn0gfo1",
      "style": {
        "position": "absolute",
        "visible": true,
        "x": -80,
        "y": 0,
        "width": 67,
        "height": 23
      },
      "styleEx": {},
      "props": {
        "pill": false,
        "showClose": false,
        "classList": [
          "ridge-bootstrap/bg-warning"
        ],
        "text": "开发工作"
      },
      "propEx": {},
      "events": {},
      "visible": true,
      "locked": false,
      "full": false,
      "$id": "https://ridge-ui.com/schemas/element",
      "slots": []
    },
    {
      "title": "文本_1",
      "path": "ridge-bootstrap/typography",
      "id": "p0uw6g7i28",
      "style": {
        "position": "absolute",
        "visible": true,
        "x": 0,
        "y": 0,
        "width": 218,
        "height": 22
      },
      "styleEx": {},
      "props": {
        "text": "AI 智能开发",
        "classList": [
          "ridge-bootstrap/fw-medium"
        ]
      },
      "propEx": {},
      "events": {},
      "visible": true,
      "locked": false,
      "full": false,
      "$id": "https://ridge-ui.com/schemas/element",
      "slots": []
    },
    {
      "title": "弹性容器_3",
      "path": "ridge-container/flex",
      "id": "xnj2c47mgd",
      "style": {
        "position": "absolute",
        "visible": true,
        "x": 0,
        "y": 0,
        "width": 279,
        "height": 27
      },
      "styleEx": {},
      "props": {
        "direction": "row",
        "justify": "flex-start",
        "alignItems": "flex-start",
        "children": [
          "p0uw6g7i28"
        ],
        "gap": 8,
        "padding": 6,
        "classList": []
      },
      "propEx": {},
      "events": {},
      "visible": true,
      "locked": false,
      "full": false,
      "$id": "https://ridge-ui.com/schemas/element",
      "slots": []
    },
    {
      "title": "文本_2",
      "path": "ridge-bootstrap/typography",
      "id": "1ba09co7ni",
      "style": {
        "position": "absolute",
        "visible": true,
        "x": 0,
        "y": 0,
        "width": 298,
        "height": 79
      },
      "styleEx": {},
      "props": {
        "text": "作为你的智能伙伴，我既能写文案、想点子，又能陪你聊天、答疑解惑。",
        "classList": [
          "ridge-bootstrap/text-body-secondary"
        ]
      },
      "propEx": {},
      "events": {},
      "visible": true,
      "locked": false,
      "full": false,
      "$id": "https://ridge-ui.com/schemas/element",
      "slots": []
    },
    {
      "title": "图标_1",
      "path": "ridge-bootstrap/icons",
      "id": "n36lx1habf",
      "style": {
        "position": "absolute",
        "visible": true,
        "x": 0,
        "y": 0,
        "width": 30,
        "height": 28
      },
      "styleEx": {},
      "props": {
        "icon": "calendar2-check",
        "classList": []
      },
      "propEx": {},
      "events": {},
      "visible": true,
      "locked": false,
      "full": false,
      "$id": "https://ridge-ui.com/schemas/element",
      "slots": []
    },
    {
      "title": "文本_3",
      "path": "ridge-bootstrap/typography",
      "id": "kd9wlddg16",
      "style": {
        "position": "absolute",
        "visible": true,
        "x": 0,
        "y": -3,
        "width": 190,
        "height": 28
      },
      "styleEx": {},
      "props": {
        "classList": [],
        "text": "7月16日 "
      },
      "propEx": {},
      "events": {},
      "visible": true,
      "locked": false,
      "full": false,
      "$id": "https://ridge-ui.com/schemas/element",
      "slots": []
    },
    {
      "title": "标签",
      "path": "ridge-bootstrap/badge",
      "id": "8foz8u5gf5",
      "style": {
        "position": "absolute",
        "visible": true,
        "x": 122.7339,
        "y": 0,
        "width": 48,
        "height": 23
      },
      "styleEx": {},
      "props": {
        "pill": false,
        "showClose": false,
        "classList": [
          "ridge-bootstrap/bg-primary"
        ],
        "text": "设计"
      },
      "propEx": {},
      "events": {},
      "visible": true,
      "locked": false,
      "full": false,
      "$id": "https://ridge-ui.com/schemas/element",
      "slots": []
    },
    {
      "title": "弹性容器_5",
      "path": "ridge-container/flex",
      "id": "nlv1ppl2ub",
      "style": {
        "position": "absolute",
        "visible": true,
        "x": 33,
        "y": 376,
        "width": 297.984375,
        "height": 28
      },
      "styleEx": {},
      "props": {
        "direction": "row",
        "justify": "flex-start",
        "alignItems": "center",
        "children": [
          "n36lx1habf",
          "kd9wlddg16",
          "8foz8u5gf5"
        ],
        "gap": 8,
        "padding": 0,
        "classList": []
      },
      "propEx": {},
      "events": {},
      "visible": true,
      "locked": false,
      "full": false,
      "$id": "https://ridge-ui.com/schemas/element",
      "slots": []
    },
    {
      "title": "弹性容器_2",
      "path": "ridge-container/flex",
      "id": "jsbyi4fmbp",
      "style": {
        "position": "absolute",
        "visible": true,
        "x": 0,
        "y": 0,
        "width": 317,
        "height": 166
      },
      "styleEx": {},
      "props": {
        "direction": "column",
        "justify": "flex-start",
        "alignItems": "flex-start",
        "children": [
          "xnj2c47mgd",
          "1ba09co7ni",
          "nlv1ppl2ub"
        ],
        "gap": 8,
        "padding": 8,
        "classList": [
          "ridge-bootstrap/bg-white",
          "ridge-bootstrap/rounded-4",
          "ridge-bootstrap/shadow-sm"
        ]
      },
      "propEx": {},
      "events": {},
      "visible": true,
      "locked": false,
      "full": false,
      "$id": "https://ridge-ui.com/schemas/element",
      "slots": []
    },
    {
      "title": "弹性容器_6",
      "path": "ridge-container/flex",
      "id": "imc9vniyqo",
      "style": {
        "position": "absolute",
        "visible": true,
        "x": 28,
        "y": 159,
        "width": 360,
        "height": 240
      },
      "styleEx": {},
      "props": {
        "direction": "row",
        "justify": "center",
        "alignItems": "stretch",
        "children": [
          "c4rm6uvvvu"
        ],
        "gap": 8,
        "padding": 8,
        "classList": []
      },
      "propEx": {},
      "events": {},
      "visible": true,
      "locked": false,
      "full": true,
      "$id": "https://ridge-ui.com/schemas/element",
      "slots": []
    }
  ],
  "name": "Kanban",
  "children": [
    "imc9vniyqo"
  ]
}