{"version":"1.1.0","style":{"width":1920,"height":3980,"background":"#ffffffff","classNames":[]},"properties":[{"name":"name","value":"value"},{"name":"name34","value":"value"}],"cssFiles":[],"jsFiles":[],"elements":[{"title":"流式容器","path":"ridge-container/flow","id":"15cs1","style":{"position":"absolute","visible":true,"width":360,"height":240,"x":733,"y":116},"styleEx":{},"props":{"children":["3gtgb","hsrce","3af78","pijvc","wtcxv","561gk","g9rgc","lv638","v27zc"],"gap":8,"border":"0px solid #ccc","classNames":[]},"propEx":{},"events":{},"visible":true,"locked":true,"full":true},{"title":"Splash","path":"ridge-container/flex","id":"hsrce","style":{"position":"absolute","x":0,"y":0,"width":1920,"height":356},"styleEx":{},"props":{"direction":"column","justify":"flex-start","alignItems":"center","children":["4i0b4"],"gap":8,"padding":8,"border":"0px solid #ccc","classNames":[]},"propEx":{},"events":{},"visible":true,"locked":false,"full":false},{"title":"弹性容器","path":"ridge-container/flex","id":"4i0b4","style":{"position":"absolute","x":0,"y":0,"width":1224,"height":301},"styleEx":{},"props":{"direction":"row","justify":"center","alignItems":"center","children":["cib0e","4is27"],"gap":120,"padding":8,"border":"1px solid #ccc","classNames":[]},"propEx":{},"events":{},"visible":true,"locked":false,"full":false},{"title":"流式容器","path":"ridge-container/flow","id":"4is27","style":{"position":"absolute","visible":true,"width":479,"height":293,"x":-3050,"y":0,"flex":"1"},"styleEx":{},"props":{"children":["bvsv1","opwvt","pqbti"],"gap":8,"border":"1px solid #ccc","classNames":[]},"propEx":{},"events":{},"visible":true,"locked":false,"full":false},{"title":"Menu","path":"ridge-container/composite","id":"3gtgb","style":{"position":"absolute","x":0,"y":0,"width":"100%","height":59},"styleEx":{},"props":{"page":"/pages/site-header"},"propEx":{},"events":{},"visible":true,"locked":false,"full":false},{"title":"公用样式","path":"ridge-bootstrap/style","id":"m44u7","style":{"position":"absolute","visible":true,"width":100,"height":36,"x":71,"y":-45},"styleEx":{},"props":{},"propEx":{},"events":{},"visible":true,"locked":false,"full":false},{"title":"文本","path":"ridge-bootstrap/typography","id":"bvsv1","style":{"position":"absolute","visible":true,"width":483,"height":175,"x":7483,"y":0,"block":true},"styleEx":{},"props":{"text":"锐制(Ridge)是一个用户界面构建工具，致力于实现页面呈现与交互数据的各自独立制作。通过Ridge加持，您甚至不需要任何编程知识就能制作自己的用户界面。并且遵循于简单性原则，您可以在多种场景无负担的引入Ridge来简化工作。","size":16,"color":"#333","weight":400,"textAlign":"left","verticalAlign":"center","padding":0,"classNames":["lh-lg"]},"propEx":{},"events":{},"visible":true,"locked":false,"full":false},{"title":"文本","path":"ridge-bootstrap/typography","id":"cib0e","style":{"position":"absolute","x":0,"y":-693,"width":541,"height":77,"flex":"1"},"styleEx":{},"props":{"text":"更合理的方式构建用户界面与交互","size":36,"color":"#333","weight":400,"textAlign":"left","verticalAlign":"top","padding":0},"propEx":{},"events":{},"visible":true,"locked":false,"full":false},{"title":"按钮","path":"ridge-bootstrap/button","id":"opwvt","style":{"position":"absolute","x":1068,"y":311,"width":109,"height":40},"styleEx":{},"props":{"type":"primary","btnSize":"","size":14,"icon":"","disabled":false,"text":"立刻使用"},"propEx":{},"events":{},"visible":true,"locked":false,"full":false},{"title":"按钮","path":"ridge-bootstrap/button","id":"pqbti","style":{"position":"absolute","x":1183,"y":286,"width":99,"height":40,"margin":"20px"},"styleEx":{},"props":{"type":"secondary","btnSize":"","size":14,"icon":"","disabled":false,"text":"观看演示"},"propEx":{},"events":{},"visible":true,"locked":false,"full":false},{"title":"Video","path":"ridge-container/flex","id":"3af78","style":{"position":"absolute","x":0,"y":0,"width":1920,"height":643},"styleEx":{},"props":{"direction":"row","justify":"center","alignItems":"flex-start","children":["rcjsk"],"gap":8,"padding":8,"classNames":[]},"propEx":{},"events":{},"visible":true,"locked":false,"full":false},{"title":"弹性容器","path":"ridge-container/flex","id":"rcjsk","style":{"position":"absolute","visible":true,"width":1376,"height":585,"x":0,"y":0},"styleEx":{},"props":{"direction":"row","justify":"center","alignItems":"flex-start","children":["sc8ay"],"gap":8,"padding":8,"classNames":[]},"propEx":{},"events":{},"visible":true,"locked":false,"full":false},{"title":"视频","path":"ridge-basic/video","id":"sc8ay","style":{"position":"absolute","x":0,"y":0,"width":1175,"height":649},"styleEx":{},"props":{"src":"https://ridgego.github.io/res/hello-ridge.mp4"},"propEx":{},"events":{},"visible":true,"locked":false,"full":false},{"title":"文本","path":"ridge-bootstrap/typography","id":"re24v","style":{"position":"absolute","x":0,"y":0,"width":350,"height":45},"styleEx":{},"props":{"text":"如无必要，勿增实体","size":30,"color":"#333","weight":400,"textAlign":"left","verticalAlign":"top","padding":0},"propEx":{},"events":{},"visible":true,"locked":false,"full":false},{"title":"文本","path":"ridge-bootstrap/typography","id":"0auv8","style":{"position":"absolute","x":359,"y":1128,"width":498.9999482125947,"height":171.99993711529356},"styleEx":{},"props":{"text":"Ridge遵循最简设计原则，运行环境仅需（19K），您甚至可以不需要React或Vue这样的前端开发框架。然而，麻雀虽小，五脏俱全：围绕着集合、组件、数据驱动的理念，一个个简单或复杂的界面呈现可以顺利制作出来。","size":16,"color":"#333","weight":400,"textAlign":"left","verticalAlign":"center","padding":0,"classNames":["lh-lg"]},"propEx":{},"events":{},"visible":true,"locked":false,"full":false},{"title":"流式容器","path":"ridge-container/flow","id":"e7el1","style":{"position":"absolute","visible":true,"width":610,"height":256,"x":-96,"y":0},"styleEx":{},"props":{"children":["oagdr","re24v","0auv8"],"gap":8,"border":"1px solid #ccc","classNames":[]},"propEx":{},"events":{},"visible":true,"locked":false,"full":false},{"title":"弹性容器","path":"ridge-container/flex","id":"7feqo","style":{"position":"absolute","x":0,"y":0,"width":1324,"height":388},"styleEx":{},"props":{"direction":"row","justify":"center","alignItems":"center","children":["e7el1","xd59q"],"gap":30,"padding":8,"border":"1px solid #ccc","classNames":[]},"propEx":{},"events":{},"visible":true,"locked":false,"full":false},{"title":"occam","path":"ridge-container/flex","id":"561gk","style":{"position":"absolute","x":0,"y":0,"width":"100%","height":420},"styleEx":{},"props":{"direction":"column","justify":"flex-start","alignItems":"center","children":["7feqo"],"gap":8,"padding":8,"border":"0px solid #ccc","classNames":[]},"propEx":{},"events":{},"visible":true,"locked":false,"full":false},{"title":"组合","path":"ridge-container/composite","id":"xd59q","style":{"position":"absolute","x":-730,"y":0,"width":601,"height":387},"styleEx":{},"props":{"page":"/widgets/occam"},"propEx":{},"events":{},"visible":true,"locked":false,"full":false},{"title":"图标","path":"ridge-bootstrap/icons","id":"oagdr","style":{"position":"absolute","visible":true,"width":43,"height":43,"x":0,"y":0},"styleEx":{},"props":{"icon":"bi bi-circle-square","size":29,"color":"#7ed321ff"},"propEx":{},"events":{},"visible":true,"locked":false,"full":false},{"title":"图标","path":"ridge-bootstrap/icons","id":"g94bz","style":{"position":"absolute","visible":true,"width":43,"height":43,"x":0,"y":0},"styleEx":{},"props":{"icon":"bi bi-database-up","size":29,"color":"#7ed321ff"},"propEx":{},"events":{},"visible":true,"locked":false,"full":false},{"title":"文本","path":"ridge-bootstrap/typography","id":"5opjm","style":{"position":"absolute","x":0,"y":0,"width":350,"height":45},"styleEx":{},"props":{"text":"数据驱动","size":30,"color":"#333","weight":400,"textAlign":"left","verticalAlign":"top","padding":0},"propEx":{},"events":{},"visible":true,"locked":false,"full":false},{"title":"文本","path":"ridge-bootstrap/typography","id":"uh44c","style":{"position":"absolute","x":0,"y":0,"width":498.99990800498193,"height":134.984},"styleEx":{},"props":{"text":"任何界面的变化都来自底层数据的改变。在前端开发领域已经被证明是降低页面复杂度的最佳实践，页面设计制作也遵循同样的原则。数据和呈现的双向连接，让设计如此自然","size":16,"color":"#333","weight":400,"textAlign":"left","verticalAlign":"center","padding":0,"classNames":["lh-lg"]},"propEx":{},"events":{},"visible":true,"locked":false,"full":false},{"title":"流式容器","path":"ridge-container/flow","id":"7101h","style":{"position":"absolute","visible":true,"width":610,"height":256,"x":1278,"y":0},"styleEx":{},"props":{"children":["g94bz","5opjm","uh44c"],"gap":8,"border":"1px solid #ccc","classNames":[]},"propEx":{},"events":{},"visible":true,"locked":false,"full":false},{"title":"弹性容器","path":"ridge-container/flex","id":"6r655","style":{"position":"absolute","x":-2672,"y":0,"width":1368,"height":378},"styleEx":{},"props":{"direction":"row","justify":"center","alignItems":"center","children":["gyv1i","7101h"],"gap":80,"padding":8,"border":"1px solid #ccc","classNames":[]},"propEx":{},"events":{},"visible":true,"locked":false,"full":false},{"title":"dd","path":"ridge-container/flex","id":"g9rgc","style":{"position":"absolute","x":0,"y":0,"width":1920,"height":390},"styleEx":{},"props":{"direction":"column","justify":"flex-start","alignItems":"center","children":["6r655"],"gap":8,"padding":8,"border":"0px solid #ccc","classNames":[]},"propEx":{},"events":{},"visible":true,"locked":false,"full":false},{"title":"图片","path":"ridge-basic/image","id":"gyv1i","style":{"position":"absolute","visible":true,"width":600,"height":420,"x":319,"y":1514},"styleEx":{},"props":{"src":"/images/dd.jpg","objectFit":"cover","className":[]},"propEx":{},"events":{},"visible":true,"locked":false,"full":false},{"title":"图标","path":"ridge-bootstrap/icons","id":"4birx","style":{"position":"absolute","visible":true,"width":43,"height":43,"x":0,"y":0},"styleEx":{},"props":{"icon":"bi bi-layout-text-window-reverse","size":29,"color":"#7ed321ff"},"propEx":{},"events":{},"visible":true,"locked":false,"full":false},{"title":"文本","path":"ridge-bootstrap/typography","id":"0ftg6","style":{"position":"absolute","x":0,"y":0,"width":350,"height":45},"styleEx":{},"props":{"text":"丰富的布局容器","size":30,"color":"#333","weight":400,"textAlign":"left","verticalAlign":"top","padding":0},"propEx":{},"events":{},"visible":true,"locked":false,"full":false},{"title":"文本","path":"ridge-bootstrap/typography","id":"tzlrt","style":{"position":"absolute","x":435,"y":1935,"width":499,"height":81},"styleEx":{},"props":{"text":"Ridge基于Web标准，提供多种布局类型的容器，从而实现复杂的界面布局效果。 ","size":16,"color":"#333","weight":400,"textAlign":"left","verticalAlign":"center","padding":0,"classNames":["lh-lg"]},"propEx":{},"events":{},"visible":true,"locked":false,"full":false},{"title":"流式容器","path":"ridge-container/flow","id":"4999y","style":{"position":"absolute","x":22,"y":0,"width":538,"height":256},"styleEx":{},"props":{"children":["4birx","0ftg6","tzlrt"],"gap":8,"border":"1px solid #ccc","classNames":[]},"propEx":{},"events":{},"visible":true,"locked":false,"full":false},{"title":"弹性容器","path":"ridge-container/flex","id":"lv638","style":{"position":"absolute","x":0,"y":0,"width":"100%","height":398},"styleEx":{},"props":{"direction":"row","justify":"center","alignItems":"center","children":["bzv2n"],"gap":80,"padding":8,"border":"1px solid #ccc","classNames":[]},"propEx":{},"events":{},"visible":true,"locked":false,"full":false},{"title":"弹性容器","path":"ridge-container/flex","id":"bzv2n","style":{"position":"absolute","visible":true,"width":1322,"height":369,"x":0,"y":-2444},"styleEx":{},"props":{"direction":"row","justify":"center","alignItems":"center","children":["4999y","elm74"],"gap":40,"padding":8,"classNames":[]},"propEx":{},"events":{},"visible":true,"locked":false,"full":false},{"title":"组合","path":"ridge-container/composite","id":"elm74","style":{"position":"absolute","visible":true,"width":516,"height":299,"x":-958,"y":-805},"styleEx":{},"props":{"page":"/widgets/layout"},"propEx":{},"events":{},"visible":true,"locked":false,"full":false},{"title":"图标","path":"ridge-bootstrap/icons","id":"9b3zo","style":{"position":"absolute","visible":true,"width":43,"height":43,"x":0,"y":0},"styleEx":{},"props":{"icon":"bi bi-code-square","size":29,"color":"#7ed321ff"},"propEx":{},"events":{},"visible":true,"locked":false,"full":false},{"title":"文本","path":"ridge-bootstrap/typography","id":"8p2m6","style":{"position":"absolute","x":0,"y":0,"width":350,"height":45},"styleEx":{},"props":{"text":"无负担引入","size":30,"color":"#333","weight":400,"textAlign":"left","verticalAlign":"top","padding":0},"propEx":{},"events":{},"visible":true,"locked":false,"full":false},{"title":"文本","path":"ridge-bootstrap/typography","id":"jbat5","style":{"position":"absolute","x":0,"y":102,"width":499,"height":122},"styleEx":{},"props":{"text":"无论您从头开始制作界面，还是丰富完善现有界面的局部，都可以借助ridge功能进行便捷引入。 组件化设计本就是软件制作的基本思路，在界面呈现领域更是如此。","size":16,"color":"#333","weight":400,"textAlign":"left","verticalAlign":"center","padding":0,"classNames":["lh-lg"]},"propEx":{},"events":{},"visible":true,"locked":false,"full":false},{"title":"流式容器","path":"ridge-container/flow","id":"zup34","style":{"position":"absolute","x":22,"y":0,"width":538,"height":256},"styleEx":{},"props":{"children":["9b3zo","8p2m6","jbat5"],"gap":8,"border":"1px solid #ccc","classNames":[]},"propEx":{},"events":{},"visible":true,"locked":false,"full":false},{"title":"弹性容器","path":"ridge-container/flex","id":"4s2g3","style":{"position":"absolute","x":299,"y":2233,"width":1322,"height":369},"styleEx":{},"props":{"direction":"row","justify":"center","alignItems":"center","children":["zup34"],"gap":40,"padding":8,"classNames":[]},"propEx":{},"events":{},"visible":true,"locked":false,"full":false},{"title":"弹性容器","path":"ridge-container/flex","id":"v27zc","style":{"position":"absolute","x":0,"y":0,"width":"100%","height":398},"styleEx":{},"props":{"direction":"row","justify":"center","alignItems":"center","children":["4s2g3"],"gap":80,"padding":8,"border":"1px solid #ccc","classNames":[]},"propEx":{},"events":{},"visible":true,"locked":false,"full":false},{"title":"show","path":"ridge-container/flex","id":"wtcxv","style":{"position":"absolute","x":1,"y":985,"width":1920,"height":490},"styleEx":{},"props":{"direction":"row","justify":"center","alignItems":"center","children":["7h8mh"],"gap":8,"padding":8,"classNames":[]},"propEx":{},"events":{},"visible":true,"locked":false,"full":false},{"title":"弹性容器","path":"ridge-container/flex","id":"7h8mh","style":{"position":"absolute","visible":true,"width":1366,"height":421,"x":0,"y":-97},"styleEx":{},"props":{"direction":"row","justify":"center","alignItems":"flex-start","children":["mky8j","q2q4l","3ir4w"],"padding":13,"classNames":[],"gap":60},"propEx":{},"events":{},"visible":true,"locked":false,"full":false},{"title":"组合","path":"ridge-container/composite","id":"ib9pg","style":{"position":"absolute","x":0,"y":0,"width":340,"height":320},"styleEx":{},"props":{"page":"/widgets/calculator"},"propEx":{},"events":{},"visible":true,"locked":false,"full":false},{"title":"calculatorbox","path":"ridge-container/flex","id":"mky8j","style":{"position":"absolute","x":0,"y":0,"width":365,"height":380},"styleEx":{},"props":{"direction":"column","justify":"flex-start","alignItems":"flex-start","children":["ib9pg","4u6kq"],"gap":8,"padding":8,"classNames":["border","shadow-sm","rounded-3"]},"propEx":{},"events":{},"visible":true,"locked":false,"full":false},{"title":"文本","path":"ridge-bootstrap/typography","id":"wxi95","style":{"position":"absolute","x":0,"y":0,"width":236,"height":27},"styleEx":{},"props":{"size":16,"color":"#333","weight":400,"textAlign":"left","verticalAlign":"top","padding":0,"text":"计算器"},"propEx":{},"events":{},"visible":true,"locked":false,"full":false},{"title":"按钮","path":"ridge-bootstrap/button","id":"hijff","style":{"position":"absolute","x":0,"y":0,"width":78,"height":29},"styleEx":{},"props":{"type":"light","btnSize":"btn-sm","size":14,"icon":"","disabled":false,"text":"在线编辑"},"propEx":{},"events":{"onClick":[{"store":"ikhjb","method":"windowOpen","payload":"/editor?path=/ridge-app-hello/widgets/calculator"}]},"visible":true,"locked":false,"full":false},{"title":"弹性容器","path":"ridge-container/flex","id":"4u6kq","style":{"position":"absolute","x":0,"y":-0.1326,"width":337,"height":43},"styleEx":{},"props":{"direction":"row","justify":"flex-start","alignItems":"center","children":["wxi95","hijff"],"gap":8,"padding":8,"classNames":[]},"propEx":{},"events":{},"visible":true,"locked":false,"full":false},{"title":"文本","path":"ridge-bootstrap/typography","id":"pijvc","style":{"position":"absolute","x":0,"y":0,"width":"100%","height":115},"styleEx":{},"props":{"size":28,"color":"#333","weight":400,"textAlign":"center","verticalAlign":"center","padding":0,"text":"下面的应用都是使用Ridge绘制的"},"propEx":{},"events":{},"visible":true,"locked":false,"full":false},{"title":"组合","path":"ridge-container/composite","id":"5ivd9","style":{"position":"absolute","x":0,"y":0,"width":340,"height":320},"styleEx":{},"props":{"page":"/widgets/todo"},"propEx":{},"events":{},"visible":true,"locked":false,"full":false},{"title":"文本","path":"ridge-bootstrap/typography","id":"ttml1","style":{"position":"absolute","x":0,"y":0,"width":236,"height":27},"styleEx":{},"props":{"size":16,"color":"#333","weight":400,"textAlign":"left","verticalAlign":"top","padding":0,"text":"待办工具"},"propEx":{},"events":{},"visible":true,"locked":false,"full":false},{"title":"按钮","path":"ridge-bootstrap/button","id":"cax7r","style":{"position":"absolute","x":1035,"y":1591,"width":79,"height":29},"styleEx":{},"props":{"type":"light","btnSize":"btn-sm","size":14,"icon":"","disabled":false,"text":"在线编辑"},"propEx":{},"events":{},"visible":true,"locked":false,"full":false},{"title":"弹性容器","path":"ridge-container/flex","id":"i4mmt","style":{"position":"absolute","x":0,"y":-0.1326,"width":337,"height":43},"styleEx":{},"props":{"direction":"row","justify":"flex-start","alignItems":"center","children":["ttml1","cax7r"],"gap":8,"padding":8,"classNames":[]},"propEx":{},"events":{},"visible":true,"locked":false,"full":false},{"title":"calculatorbox","path":"ridge-container/flex","id":"q2q4l","style":{"position":"absolute","x":0,"y":0,"width":365,"height":380},"styleEx":{},"props":{"direction":"column","justify":"flex-start","alignItems":"flex-start","children":["5ivd9","i4mmt"],"gap":8,"padding":8,"classNames":["border","shadow-sm","rounded-3"]},"propEx":{},"events":{},"visible":true,"locked":false,"full":false},{"title":"组合","path":"ridge-container/composite","id":"457fg","style":{"position":"absolute","x":0,"y":0,"width":340,"height":320},"styleEx":{},"props":{"page":"/widgets/weather"},"propEx":{},"events":{},"visible":true,"locked":false,"full":false},{"title":"文本","path":"ridge-bootstrap/typography","id":"kbvaw","style":{"position":"absolute","x":0,"y":0,"width":233,"height":27},"styleEx":{},"props":{"size":16,"color":"#333","weight":400,"textAlign":"left","verticalAlign":"top","padding":0,"text":"天气预报"},"propEx":{},"events":{},"visible":true,"locked":false,"full":false},{"title":"按钮","path":"ridge-bootstrap/button","id":"243y8","style":{"position":"absolute","x":0,"y":0,"width":81,"height":29},"styleEx":{},"props":{"type":"light","btnSize":"btn-sm","size":14,"icon":"","disabled":false,"text":"在线编辑"},"propEx":{},"events":{},"visible":true,"locked":false,"full":false},{"title":"弹性容器","path":"ridge-container/flex","id":"92eck","style":{"position":"absolute","x":0,"y":-0.1326,"width":337,"height":43},"styleEx":{},"props":{"direction":"row","justify":"flex-start","alignItems":"center","children":["kbvaw","243y8"],"gap":8,"padding":8,"classNames":[]},"propEx":{},"events":{},"visible":true,"locked":false,"full":false},{"title":"calculatorbox","path":"ridge-container/flex","id":"3ir4w","style":{"position":"absolute","x":0,"y":0,"width":365,"height":380},"styleEx":{},"props":{"direction":"column","justify":"flex-start","alignItems":"flex-start","children":["457fg","92eck"],"gap":8,"padding":8,"classNames":["border","shadow-sm","rounded-3"]},"propEx":{},"events":{},"visible":true,"locked":false,"full":false},{"title":"浏览器","path":"ridge-sample-store/browser","id":"ikhjb","style":{"position":"absolute","visible":true,"width":100,"height":36,"x":199,"y":-45},"styleEx":{},"props":{},"propEx":{},"events":{},"visible":true,"locked":false,"full":false,"store":true}],"name":"index","children":["15cs1","m44u7","ikhjb"]}