{"version":"1.1.0","style":{"width":347,"height":316,"classNames":[]},"properties":[],"cssFiles":[],"jsFiles":[],"elements":[{"title":"计算器","path":"ridge-sample-store/calculator","id":"0628k","style":{"position":"absolute","visible":true,"width":100,"height":30,"x":5,"y":-46},"styleEx":{},"props":{},"propEx":{},"events":{},"visible":true,"locked":false,"full":false,"store":true},{"title":"按钮","path":"ridge-bootstrap/button","id":"dl910","style":{"position":"absolute","visible":true,"width":50,"height":50,"x":19,"y":67},"styleEx":{},"props":{"text":"1","type":"light","btnSize":"","size":22,"icon":"","disabled":false,"classNames":["border","shadow-sm","fw-semibold","rounded-5"]},"propEx":{},"events":{"onClick":[{"store":"0628k","method":"inputDigit","payload":"1"}]},"visible":true,"locked":false,"full":false},{"title":"文本","path":"ridge-bootstrap/typography","id":"j8ubl","style":{"position":"absolute","visible":true,"width":309,"height":46,"x":12,"y":10},"styleEx":{},"props":{"text":"0","size":23,"color":"#333","weight":400,"textAlign":"end","verticalAlign":"center","padding":10,"classNames":["bg-light","text-dark"]},"propEx":{"text":"0628k.state.displayValue"},"events":{},"visible":true,"locked":false,"full":false},{"title":"按钮","path":"ridge-bootstrap/button","id":"suiat","style":{"position":"absolute","visible":true,"width":49,"height":48,"x":212,"y":69},"styleEx":{},"props":{"type":"light","btnSize":"btn-sm","size":24,"icon":"","disabled":false,"text":"+","classNames":["rounded-3","shadow-sm","border"]},"propEx":{},"events":{"onClick":[{"store":"0628k","method":"performOperation","payload":"+"}]},"visible":true,"locked":false,"full":false},{"title":"公用样式","path":"ridge-bootstrap/style","id":"mftjs","style":{"position":"absolute","visible":true,"width":100,"height":36,"x":117,"y":-46},"styleEx":{},"props":{},"propEx":{},"events":{},"visible":true,"locked":false,"full":false},{"title":"按钮","path":"ridge-bootstrap/button","id":"q1idv","style":{"position":"absolute","visible":true,"width":50,"height":50,"x":142,"y":67},"styleEx":{},"props":{"text":"3","type":"light","btnSize":"","size":22,"icon":"","disabled":false,"classNames":["border","shadow-sm","fw-semibold","rounded-5"]},"propEx":{},"events":{"onClick":[{"store":"0628k","method":"inputDigit","payload":"3"}]},"visible":true,"locked":false,"full":false},{"title":"按钮","path":"ridge-bootstrap/button","id":"o9gme","style":{"position":"absolute","visible":true,"width":50,"height":50,"x":80,"y":67},"styleEx":{},"props":{"text":"2","type":"light","btnSize":"","size":22,"icon":"","disabled":false,"classNames":["border","shadow-sm","fw-semibold","rounded-5"]},"propEx":{},"events":{"onClick":[{"store":"0628k","method":"inputDigit","payload":"2"}]},"visible":true,"locked":false,"full":false},{"title":"按钮","path":"ridge-bootstrap/button","id":"qu8wb","style":{"position":"absolute","visible":true,"width":50,"height":50,"x":19,"y":127},"styleEx":{},"props":{"text":"4","type":"light","btnSize":"","size":22,"icon":"","disabled":false,"classNames":["border","shadow-sm","fw-semibold","rounded-5"]},"propEx":{},"events":{"onClick":[{"store":"0628k","method":"inputDigit","payload":"4"}]},"visible":true,"locked":false,"full":false},{"title":"按钮","path":"ridge-bootstrap/button","id":"r10lg","style":{"position":"absolute","visible":true,"width":50,"height":50,"x":80,"y":127},"styleEx":{},"props":{"text":"5","type":"light","btnSize":"","size":22,"icon":"","disabled":false,"classNames":["border","shadow-sm","fw-semibold","rounded-5"]},"propEx":{},"events":{"onClick":[{"store":"0628k","method":"inputDigit","payload":"5"}]},"visible":true,"locked":false,"full":false},{"title":"按钮","path":"ridge-bootstrap/button","id":"f6az1","style":{"position":"absolute","visible":true,"width":50,"height":50,"x":142,"y":127},"styleEx":{},"props":{"text":"6","type":"light","btnSize":"","size":22,"icon":"","disabled":false,"classNames":["border","shadow-sm","fw-semibold","rounded-5"]},"propEx":{},"events":{"onClick":[{"store":"0628k","method":"inputDigit","payload":"6"}]},"visible":true,"locked":false,"full":false},{"title":"按钮","path":"ridge-bootstrap/button","id":"thsv9","style":{"position":"absolute","visible":true,"width":50,"height":50,"x":19,"y":187},"styleEx":{},"props":{"text":"7","type":"light","btnSize":"","size":22,"icon":"","disabled":false,"classNames":["border","shadow-sm","fw-semibold","rounded-5"]},"propEx":{},"events":{"onClick":[{"store":"0628k","method":"inputDigit","payload":"7"}]},"visible":true,"locked":false,"full":false},{"title":"按钮","path":"ridge-bootstrap/button","id":"8dyrv","style":{"position":"absolute","visible":true,"width":50,"height":50,"x":80,"y":247},"styleEx":{},"props":{"text":"0","type":"light","btnSize":"","size":22,"icon":"","disabled":false,"classNames":["border","shadow-sm","fw-semibold","rounded-5"]},"propEx":{},"events":{"onClick":[{"store":"0628k","method":"inputDigit","payload":"0"}]},"visible":true,"locked":false,"full":false},{"title":"按钮","path":"ridge-bootstrap/button","id":"g2jtg","style":{"position":"absolute","visible":true,"width":50,"height":50,"x":142,"y":187},"styleEx":{},"props":{"text":"9","type":"light","btnSize":"","size":22,"icon":"","disabled":false,"classNames":["border","shadow-sm","fw-semibold","rounded-5"]},"propEx":{},"events":{"onClick":[{"store":"0628k","method":"inputDigit","payload":"9"}]},"visible":true,"locked":false,"full":false},{"title":"按钮","path":"ridge-bootstrap/button","id":"p8i0t","style":{"position":"absolute","visible":true,"width":50,"height":50,"x":80,"y":187},"styleEx":{},"props":{"text":"8","type":"light","btnSize":"","size":22,"icon":"","disabled":false,"classNames":["border","shadow-sm","fw-semibold","rounded-5"]},"propEx":{},"events":{"onClick":[{"store":"0628k","method":"inputDigit","payload":"8"}]},"visible":true,"locked":false,"full":false},{"title":"按钮","path":"ridge-bootstrap/button","id":"gdk2k","style":{"position":"absolute","visible":true,"width":50,"height":50,"x":143,"y":247},"styleEx":{},"props":{"text":".","type":"light","btnSize":"","size":22,"icon":"","disabled":false,"classNames":["border","shadow-sm","fw-semibold","rounded-5"]},"propEx":{},"events":{"onClick":[{"store":"0628k","method":"inputDot","payload":"0"}]},"visible":true,"locked":false,"full":false},{"title":"按钮","path":"ridge-bootstrap/button","id":"o9u8q","style":{"position":"absolute","visible":true,"width":50,"height":50,"x":278,"y":187},"styleEx":{},"props":{"type":"light","btnSize":"","size":17,"icon":"","disabled":false,"classNames":["border","shadow-sm","fw-semibold","rounded-5"],"text":"+/-"},"propEx":{},"events":{"onClick":[{"store":"0628k","method":"toggleSign","payload":""}]},"visible":true,"locked":false,"full":false},{"title":"按钮","path":"ridge-bootstrap/button","id":"wztim","style":{"position":"absolute","visible":true,"width":49,"height":48,"x":212,"y":129},"styleEx":{},"props":{"type":"light","btnSize":"btn-sm","size":24,"icon":"","disabled":false,"text":"-","classNames":["rounded-3","shadow-sm","border"]},"propEx":{},"events":{"onClick":[{"store":"0628k","method":"performOperation","payload":"-"}]},"visible":true,"locked":false,"full":false},{"title":"按钮","path":"ridge-bootstrap/button","id":"8ewbb","style":{"position":"absolute","visible":true,"width":49,"height":48,"x":212,"y":189},"styleEx":{},"props":{"type":"light","btnSize":"btn-sm","size":24,"icon":"","disabled":false,"text":"×","classNames":["rounded-3","shadow-sm","border"]},"propEx":{},"events":{"onClick":[{"store":"0628k","method":"performOperation","payload":"*"}]},"visible":true,"locked":false,"full":false},{"title":"按钮","path":"ridge-bootstrap/button","id":"sptas","style":{"position":"absolute","visible":true,"width":49,"height":48,"x":212,"y":249},"styleEx":{},"props":{"type":"light","btnSize":"btn-sm","size":24,"icon":"","disabled":false,"classNames":["rounded-3","shadow-sm","border"],"text":"÷"},"propEx":{},"events":{"onClick":[{"store":"0628k","method":"performOperation","payload":"/"}]},"visible":true,"locked":false,"full":false},{"title":"按钮","path":"ridge-bootstrap/button","id":"40qcc","style":{"position":"absolute","visible":true,"width":53,"height":48,"x":275,"y":69},"styleEx":{},"props":{"type":"primary","btnSize":"","size":21,"icon":"","disabled":false,"text":"C","classNames":["text-light","shadow-sm"]},"propEx":{},"events":{"onClick":[{"store":"0628k","method":"clearDisplay","payload":""}]},"visible":true,"locked":false,"full":false},{"title":"按钮","path":"ridge-bootstrap/button","id":"5uacn","style":{"position":"absolute","visible":true,"width":53,"height":50,"x":275,"y":249},"styleEx":{},"props":{"type":"danger","btnSize":"","size":21,"icon":"","disabled":false,"text":"=","classNames":["text-light","shadow-sm"]},"propEx":{},"events":{"onClick":[{"store":"0628k","method":"performOperation","payload":"="}]},"visible":true,"locked":false,"full":false},{"title":"按钮","path":"ridge-bootstrap/button","id":"hoc5b","style":{"position":"absolute","visible":true,"width":53,"height":48,"x":275,"y":129},"styleEx":{},"props":{"type":"primary","btnSize":"","size":21,"icon":"","disabled":false,"text":"AC","classNames":["text-light","shadow-sm"]},"propEx":{},"events":{"onClick":[{"store":"0628k","method":"clearAll","payload":""}]},"visible":true,"locked":false,"full":false},{"title":"按钮","path":"ridge-bootstrap/button","id":"a8be9","style":{"position":"absolute","visible":true,"width":50,"height":50,"x":19,"y":249},"styleEx":{},"props":{"type":"light","btnSize":"","size":17,"icon":"","disabled":false,"classNames":["border","shadow-sm","fw-semibold","rounded-5"],"text":"%"},"propEx":{},"events":{"onClick":[{"store":"0628k","method":"inputPercent","payload":"0"}]},"visible":true,"locked":false,"full":false}],"name":"calculator","children":["0628k","dl910","j8ubl","suiat","mftjs","q1idv","o9gme","qu8wb","r10lg","f6az1","thsv9","8dyrv","g2jtg","p8i0t","gdk2k","o9u8q","wztim","8ewbb","sptas","40qcc","5uacn","hoc5b","a8be9"]}