{"id":"6qdjv0om50","version":"1.0.0","states":[],"reducers":[],"properties":{"type":"static","cssFiles":[],"jsFiles":[],"classNames":[],"width":1366,"height":768,"name":"Hello","background":"linear-gradient(0deg, #f8e71cff 0%, #5a4242ff 64%, #4a2b2bff 100%)"},"elements":[{"title":"切换容器","id":"7imcsuzt","isNew":true,"path":"ridge-container/tab","style":{"position":"absolute","visible":true,"width":100,"height":100,"x":144,"y":377},"styleEx":{},"props":{"states":{"current":"cloudy","list":["sunny","cloudy","rain"]},"effect":"none","preload":true,"children":["g8rkk","gh0sa","lagsc"]},"propEx":{"states":"weather.weatherPic"},"events":{}}],"name":"Hello"}