{"version":"1.1.0","style":{"width":800,"height":600,"background":"","classNames":[]},"properties":[],"cssFiles":[],"jsFiles":[],"elements":[{"title":"弹性容器","path":"ridge-container/flex","id":"ibiun","style":{"position":"absolute","visible":true,"width":360,"height":240,"x":0,"y":0},"styleEx":{},"props":{"direction":"row","justify":"flex-start","alignItems":"stretch","children":["vqbtg","8ibwy"],"gap":8,"padding":8,"classNames":[]},"propEx":{},"events":{},"visible":true,"locked":false,"full":true},{"title":"弹性容器","path":"ridge-container/flex","id":"vqbtg","style":{"position":"absolute","visible":true,"width":200,"height":568,"x":0,"y":0},"styleEx":{},"props":{"direction":"row","justify":"flex-start","alignItems":"flex-start","children":[],"gap":8,"padding":8,"classNames":["bg-light"]},"propEx":{},"events":{},"visible":true,"locked":false,"full":false},{"title":"公用样式","path":"ridge-bootstrap/style","id":"v23nj","style":{"position":"absolute","visible":true,"width":100,"height":36,"x":0,"y":-58},"styleEx":{},"props":{},"propEx":{},"events":{},"visible":true,"locked":false,"full":false},{"title":"弹性容器","path":"ridge-container/flex","id":"8ibwy","style":{"position":"absolute","visible":true,"width":309,"height":568,"x":0,"y":0,"flex":"1"},"styleEx":{},"props":{"direction":"column","justify":"flex-start","alignItems":"stretch","children":["yxvas","1yn1h"],"gap":8,"padding":8,"classNames":["bg-light"]},"propEx":{},"events":{},"visible":true,"locked":false,"full":false},{"title":"弹性容器","path":"ridge-container/flex","id":"yxvas","style":{"position":"absolute","x":0,"y":0,"width":568,"height":63},"styleEx":{},"props":{"direction":"row","justify":"flex-start","alignItems":"flex-start","children":[],"gap":8,"padding":8,"classNames":["bg-secondary"]},"propEx":{},"events":{},"visible":true,"locked":false,"full":false},{"title":"弹性容器","path":"ridge-container/flex","id":"1yn1h","style":{"position":"absolute","x":224,"y":76,"width":560,"height":508,"flex":"1"},"styleEx":{},"props":{"direction":"row","justify":"flex-start","alignItems":"flex-start","children":[],"gap":8,"padding":8,"classNames":["bg-secondary","bg-success","bg-warning"]},"propEx":{},"events":{},"visible":true,"locked":false,"full":false}],"name":"layout","children":["ibiun","v23nj"]}