{"version":"1.1.0","style":{"height":400,"classNames":[],"background":null,"width":610},"properties":[],"cssFiles":[],"jsFiles":[],"elements":[{"title":"弹性容器","path":"ridge-container/flex","id":"up5db","style":{"position":"absolute","visible":true,"width":360,"height":240,"x":0,"y":0},"styleEx":{},"props":{"direction":"column","justify":"flex-start","alignItems":"stretch","children":["4iw2y","0l9m5"],"gap":8,"padding":8,"classNames":[]},"propEx":{},"events":{},"visible":true,"locked":false,"full":true},{"title":"弹性容器","path":"ridge-container/flex","id":"4iw2y","style":{"position":"absolute","x":548,"y":-60,"width":352,"height":368,"flex":"1"},"styleEx":{},"props":{"direction":"row","justify":"flex-start","alignItems":"flex-start","children":["fk38d","582uq"],"gap":8,"padding":8,"classNames":[]},"propEx":{},"events":{},"visible":true,"locked":false,"full":false},{"title":"弹性容器","path":"ridge-container/flex","id":"0l9m5","style":{"position":"absolute","visible":true,"width":360,"height":240,"x":-46,"y":126,"flex":"1"},"styleEx":{},"props":{"direction":"row","justify":"flex-start","alignItems":"stretch","children":["465m2","dkglk"],"gap":8,"padding":8,"classNames":[]},"propEx":{},"events":{},"visible":true,"locked":false,"full":false},{"title":"相对容器","path":"ridge-container/relative","id":"fk38d","style":{"position":"absolute","x":0,"y":0,"width":275,"height":160},"styleEx":{},"props":{"children":["90af7","nmpcc"],"border":"0px solid #ccc","classNames":[]},"propEx":{},"events":{},"visible":true,"locked":false,"full":false},{"title":"形状","path":"ridge-basic/shape","id":"90af7","style":{"left":"66px","top":"10px","right":"","bottom":"","width":151,"height":137},"styleEx":{},"props":{"color":"#8b572a68","className":[],"clippath":"circle(48% at 50% 50%)"},"propEx":{},"events":{},"visible":true,"locked":false,"full":false},{"title":"形状","path":"ridge-basic/shape","id":"s9esx","style":{"left":"99px","top":"13px","right":"","bottom":"","width":144,"height":154},"styleEx":{},"props":{"color":"#bbbbbb47","className":[],"clippath":"circle(45% at 50% 50%)"},"propEx":{},"events":{},"visible":true,"locked":false,"full":false},{"title":"形状","path":"ridge-basic/shape","id":"c1a6v","style":{"left":"51px","top":"20px","right":"","bottom":"","width":129,"height":127},"styleEx":{},"props":{"color":"#8b572a68","className":[],"clippath":"circle(40% at 50% 50%)"},"propEx":{},"events":{},"visible":true,"locked":false,"full":false},{"title":"相对容器","path":"ridge-container/relative","id":"582uq","style":{"position":"absolute","x":0,"y":0,"width":287,"height":160},"styleEx":{},"props":{"children":["s9esx","c1a6v","elqy8"],"border":"0px solid #ccc","classNames":[]},"propEx":{},"events":{},"visible":true,"locked":false,"full":false},{"title":"形状","path":"ridge-basic/shape","id":"hqhbl","style":{"left":"75px","top":"65px","right":"","bottom":"","width":121,"height":111},"styleEx":{},"props":{"color":"#bbbbbb47","className":[],"clippath":"circle(45% at 50% 50%)"},"propEx":{},"events":{},"visible":true,"locked":false,"full":false},{"title":"形状","path":"ridge-basic/shape","id":"f325h","style":{"left":"42px","top":"-8px","right":"","bottom":"","width":122,"height":118},"styleEx":{},"props":{"color":"#8b572a68","className":[],"clippath":"circle(40% at 50% 50%)"},"propEx":{},"events":{},"visible":true,"locked":false,"full":false},{"title":"相对容器","path":"ridge-container/relative","id":"465m2","style":{"position":"absolute","x":0,"y":0,"width":283,"height":160},"styleEx":{},"props":{"children":["t5wup","hqhbl","f325h","6mgbi"],"border":"0px solid #ccc","classNames":[]},"propEx":{},"events":{},"visible":true,"locked":false,"full":false},{"title":"形状","path":"ridge-basic/shape","id":"s6lh3","style":{"left":"82px","top":"34px","right":"","bottom":"","width":90,"height":86,"x":0,"y":0},"styleEx":{},"props":{"color":"#bbbbbb47","className":[],"clippath":"circle(45% at 50% 50%)"},"propEx":{},"events":{},"visible":true,"locked":false,"full":false},{"title":"形状","path":"ridge-basic/shape","id":"ge0rh","style":{"left":"61px","top":"18px","right":"","bottom":"","width":66,"height":59},"styleEx":{},"props":{"color":"#8b572a68","className":[],"clippath":"circle(40% at 50% 50%)"},"propEx":{},"events":{},"visible":true,"locked":false,"full":false},{"title":"相对容器","path":"ridge-container/relative","id":"dkglk","style":{"position":"absolute","x":0,"y":0,"width":276,"height":160},"styleEx":{},"props":{"children":["s6lh3","ipd21","ge0rh","qp6n3","n2uog","xn69p"],"border":"0px solid #ccc","classNames":[]},"propEx":{},"events":{},"visible":true,"locked":false,"full":false},{"title":"形状","path":"ridge-basic/shape","id":"t5wup","style":{"left":"135px","top":"-2px","right":"","bottom":"","width":132,"height":134},"styleEx":{},"props":{"color":"#b8e9865e","className":[],"clippath":"circle(45% at 50% 50%)"},"propEx":{},"events":{},"visible":true,"locked":false,"full":false},{"title":"形状","path":"ridge-basic/shape","id":"ipd21","style":{"left":"154px","top":"10px","right":"","bottom":"","width":56,"height":43,"x":0,"y":0},"styleEx":{},"props":{"color":"#bbbbbb47","className":[],"clippath":"circle(45% at 50% 50%)"},"propEx":{},"events":{},"visible":true,"locked":false,"full":false},{"title":"形状","path":"ridge-basic/shape","id":"hnhou","style":{"left":"82px","top":"34px","right":"","bottom":"","width":90,"height":86,"x":0,"y":0},"styleEx":{},"props":{"color":"#bbbbbb47","className":[],"clippath":"circle(45% at 50% 50%)"},"propEx":{},"events":{},"visible":true,"locked":false,"full":false},{"title":"形状","path":"ridge-basic/shape","id":"qp6n3","style":{"left":"52px","top":"73px","right":"","bottom":"","width":83,"height":66},"styleEx":{},"props":{"color":"#f5a6233a","className":[],"clippath":"circle(45% at 50% 50%)"},"propEx":{},"events":{},"visible":true,"locked":false,"full":false},{"title":"形状","path":"ridge-basic/shape","id":"n2uog","style":{"left":"197px","top":"106px","right":"","bottom":"","width":58,"height":55},"styleEx":{},"props":{"color":"#7ed32135","className":[],"clippath":"circle(45% at 50% 50%)"},"propEx":{},"events":{},"visible":true,"locked":false,"full":false},{"title":"图标","path":"ridge-bootstrap/icons","id":"nmpcc","style":{"left":"247px","top":"129px","right":"","bottom":"","width":23,"height":28,"x":0,"y":0},"styleEx":{},"props":{"icon":"bi bi-1-circle-fill","size":18,"color":"#f5a623ff"},"propEx":{},"events":{},"visible":true,"locked":false,"full":false},{"title":"图标","path":"ridge-bootstrap/icons","id":"elqy8","style":{"left":"263px","top":"132px","right":"","bottom":"","width":23,"height":28},"styleEx":{},"props":{"icon":"bi bi-2-circle-fill","size":18,"color":"#f5a623ff"},"propEx":{},"events":{},"visible":true,"locked":false,"full":false},{"title":"图标","path":"ridge-bootstrap/icons","id":"6mgbi","style":{"left":"257px","top":"144px","right":"","bottom":"","width":23,"height":28},"styleEx":{},"props":{"icon":"bi bi-3-circle-fill","size":18,"color":"#f5a623ff"},"propEx":{},"events":{},"visible":true,"locked":false,"full":false},{"title":"图标","path":"ridge-bootstrap/icons","id":"xn69p","style":{"left":"255px","top":"147px","right":"","bottom":"","width":23,"height":28},"styleEx":{},"props":{"icon":"bi bi-4-circle-fill","size":18,"color":"#f5a623ff"},"propEx":{},"events":{},"visible":true,"locked":false,"full":false}],"name":"occam","children":["up5db"]}