{"version":"1.1.0","style":{"width":340,"height":320,"background":"","classNames":[]},"properties":[],"cssFiles":[],"jsFiles":[],"elements":[{"title":"待办数据","path":"ridge-sample-store/todo-store","id":"h5h96","style":{"position":"absolute","visible":true,"width":136,"height":29,"x":0,"y":-42},"styleEx":{},"props":{},"propEx":{},"events":{},"visible":true,"locked":false,"full":false,"store":true},{"title":"列表容器","path":"ridge-container/list","id":"4r5ry","style":{"position":"absolute","visible":true,"width":302,"height":193,"x":23,"y":101},"styleEx":{},"props":{"dataSource":[],"itemLayout":"vertical","gap":8,"padding":0,"border":"0px solid #ddd","children":["fsaa8"],"classNames":[],"overflow":"hidden auto"},"propEx":{"dataSource":"h5h96.state.todoList"},"events":{},"visible":true,"locked":false,"full":false},{"title":"弹性容器","path":"ridge-container/flex","id":"fsaa8","style":{"position":"absolute","visible":true,"width":302,"height":42,"x":0,"y":0},"styleEx":{},"props":{"direction":"row","justify":"flex-start","alignItems":"center","children":["grxxg","s3tei","bo4dp"],"gap":8,"padding":8,"border":"1px solid #ccc","classNames":["border-bottom"]},"propEx":{},"events":{},"visible":true,"locked":false,"full":false},{"title":"按钮","path":"ridge-bootstrap/button","id":"di6sm","style":{"position":"absolute","visible":true,"width":62,"height":33,"x":263,"y":50},"styleEx":{},"props":{"type":"primary","size":13,"disabled":false,"text":"新增","btnSize":"btn-sm"},"propEx":{},"events":{"onClick":[{"store":"h5h96","method":"addTodo","payload":""}]},"visible":true,"locked":false,"full":false},{"title":"切换框","path":"ridge-bootstrap/checkbox","id":"grxxg","style":{"position":"absolute","visible":true,"width":18.7656,"height":23,"x":0,"y":0},"styleEx":{},"props":{"size":14,"disabled":false,"value":true},"propEx":{"text":null,"value":"h5h96.computed.todoItemFinished"},"events":{},"visible":true,"locked":false,"full":false},{"title":"单行文本","path":"ridge-bootstrap/typography","id":"s3tei","style":{"position":"absolute","visible":true,"width":225,"height":24,"x":0,"y":0},"styleEx":{},"props":{"text":"文本","size":16,"color":"#333","weight":400,"decoration":"none","textAlign":"left","verticalAlign":"top","padding":0},"propEx":{"text":"h5h96.computed.todoItemText"},"events":{},"visible":true,"locked":false,"full":false},{"title":"单行文本","path":"ridge-bootstrap/typography","id":"9i0gm","style":{"position":"absolute","visible":true,"width":269,"height":31,"x":23,"y":10},"styleEx":{},"props":{"size":22,"color":"#333","weight":400,"decoration":"none","textAlign":"left","verticalAlign":"top","padding":0,"text":"我的待办任务"},"propEx":{},"events":{},"visible":true,"locked":false,"full":false},{"title":"单行输入","path":"ridge-bootstrap/input","id":"c6tpw","style":{"position":"absolute","visible":true,"width":226,"height":33,"x":23,"y":50},"styleEx":{},"props":{"value":"","placeholder":"","validMsg":"","invalidMsg":"请检查输入项是否有效","size":14,"disabled":false,"classNames":["border-bottom","border-top"]},"propEx":{"value":"h5h96.state.todoText"},"events":{},"visible":true,"locked":false,"full":false},{"title":"公用样式","path":"ridge-bootstrap/style","id":"s7of7","style":{"position":"absolute","visible":true,"width":100,"height":36,"x":149,"y":-42},"styleEx":{},"props":{},"propEx":{},"events":{},"visible":true,"locked":false,"full":false},{"title":"图标","path":"ridge-bootstrap/icons","id":"bo4dp","style":{"position":"absolute","visible":true,"width":18.0312,"height":27,"x":-76,"y":0},"styleEx":{},"props":{"icon":"bi bi-backspace","size":18,"color":"#d0021bff"},"propEx":{},"events":{"onClick":[{"store":"h5h96","method":"removeTodo","payload":""}]},"visible":true,"locked":false,"full":false}],"name":"todo","children":["h5h96","4r5ry","di6sm","9i0gm","c6tpw","s7of7"]}