{"id":"mvbrc7blqd","version":"1.0.0","states":[],"reducers":[],"properties":[{"name":"name","value":"value"}],"elements":[{"title":"天气数据","path":"ridge-sample-store/weather-data","id":"mz74u","style":{"position":"absolute","visible":true,"width":116,"height":30,"x":218,"y":-48},"styleEx":{},"props":{"token":"6cfe4cf6818d420581703248241201"},"propEx":{},"events":{},"visible":true,"locked":false,"full":false,"store":true},{"title":"图片","path":"ridge-basic/image","id":"wecse","style":{"position":"absolute","visible":true,"width":340,"height":320,"x":0,"y":0},"styleEx":{},"props":{"src":"/images/weatherbg.jpg","objectFit":"cover","className":[]},"propEx":{},"events":{},"visible":true,"locked":false,"full":false},{"title":"单行输入","path":"ridge-bootstrap/input","id":"8rvvv","style":{"position":"absolute","visible":true,"width":288,"height":40,"x":22,"y":20},"styleEx":{},"props":{"value":"","placeholder":"","validMsg":"","invalidMsg":"请检查输入项是否有效","size":14,"disabled":false,"classNames":["border border-light-subtle","bg-transparent","text-light"]},"propEx":{"value":"mz74u.state.location"},"events":{},"visible":true,"locked":false,"full":false},{"title":"公用样式","path":"ridge-bootstrap/style","id":"8r0da","style":{"position":"absolute","visible":true,"width":100,"height":36,"x":358,"y":-46},"styleEx":{},"props":{},"propEx":{},"events":{},"visible":true,"locked":false,"full":false},{"title":"文本","path":"ridge-bootstrap/typography","id":"104ns","style":{"position":"absolute","visible":true,"width":93,"height":86,"x":29,"y":129},"styleEx":{},"props":{"text":"-","size":54,"color":"#ffffffff","weight":400,"textAlign":"start","verticalAlign":"top","padding":0,"fontItalic":false},"propEx":{"text":"mz74u.state.temp_c"},"events":{},"visible":true,"locked":false,"full":false},{"title":"文本","path":"ridge-bootstrap/typography","id":"3m67w","style":{"position":"absolute","visible":true,"width":110,"height":31,"x":29,"y":80},"styleEx":{},"props":{"text":"--","size":20,"color":"#ffffffff","weight":400,"textAlign":"left","verticalAlign":"top","padding":0},"propEx":{"text":"mz74u.state.text"},"events":{},"visible":true,"locked":false,"full":false},{"title":"文本","path":"ridge-bootstrap/typography","id":"xfmi7","style":{"position":"absolute","visible":true,"width":168,"height":22,"x":162,"y":293},"styleEx":{},"props":{"text":"文本","size":12,"color":"#ffffffff","weight":400,"textAlign":"end","verticalAlign":"top","padding":0},"propEx":{"text":"mz74u.state.last_updated"},"events":{},"visible":true,"locked":false,"full":false},{"title":"文本","path":"ridge-bootstrap/typography","id":"3nlbw","style":{"position":"absolute","visible":true,"width":61,"height":22,"x":101,"y":293},"styleEx":{},"props":{"size":12,"color":"#ffffffff","weight":400,"textAlign":"end","verticalAlign":"top","padding":0,"text":"更新时间"},"propEx":{},"events":{},"visible":true,"locked":false,"full":false},{"title":"文本","path":"ridge-bootstrap/typography","id":"x4d7g","style":{"position":"absolute","visible":true,"width":47,"height":20,"x":75,"y":242},"styleEx":{},"props":{"text":"文本","size":14,"color":"#ffffffff","weight":400,"textAlign":"left","verticalAlign":"top","padding":0},"propEx":{"text":"mz74u.state.wind_kph"},"events":{},"visible":true,"locked":false,"full":false},{"title":"文本","path":"ridge-bootstrap/typography","id":"23wt8","style":{"position":"absolute","visible":true,"width":63,"height":22,"x":122,"y":242},"styleEx":{},"props":{"text":"km/h","size":14,"color":"#ffffffff","weight":400,"textAlign":"left","verticalAlign":"top","padding":0},"propEx":{},"events":{},"visible":true,"locked":false,"full":false},{"title":"文本","path":"ridge-bootstrap/typography","id":"j99r2","style":{"position":"absolute","visible":true,"width":38,"height":20,"x":38,"y":242},"styleEx":{},"props":{"size":14,"color":"#ffffffff","weight":400,"textAlign":"left","verticalAlign":"top","padding":0,"text":"风速"},"propEx":{},"events":{},"visible":true,"locked":false,"full":false}],"name":"weather","cssFiles":[],"style":{"width":340,"height":320,"background":null,"classNames":[]},"jsFiles":[],"children":["mz74u","wecse","8rvvv","8r0da","104ns","3m67w","xfmi7","3nlbw","x4d7g","23wt8","j99r2"]}