{
  "version": "1.2.0",
  "style": {
    "width": 1200,
    "height": 632,
    "background": "",
    "classNames": []
  },
  "properties": {},
  "cssFiles": [],
  "jsFiles": [],
  "elements": [
    {
      "title": "按钮",
      "path": "ridge-bootstrap/button",
      "id": "42ha2ovpq1",
      "style": {
        "position": "absolute",
        "visible": true,
        "x": 680,
        "y": 167,
        "width": 92,
        "height": 28
      },
      "styleEx": {},
      "props": {
        "text": "按钮",
        "type": "primary",
        "src": "",
        "icon": "arrow-right-circle-fill",
        "size": "normal",
        "style": "general",
        "rounded": false,
        "full": false
      },
      "propEx": {},
      "events": {},
      "visible": true,
      "locked": false,
      "full": false,
      "$id": "https://ridge-ui.com/schemas/element",
      "slots": [],
      "slot": false
    },
    {
      "title": "按钮_1",
      "path": "ridge-bootstrap/button",
      "id": "nc5t3ch2yx",
      "style": {
        "position": "absolute",
        "visible": true,
        "x": 683,
        "y": 99,
        "width": 87,
        "height": 34
      },
      "styleEx": {},
      "props": {
        "text": "按钮",
        "type": "success",
        "src": "",
        "icon": "arrow-down-right-square",
        "size": "normal",
        "style": "light",
        "rounded": false,
        "full": false
      },
      "propEx": {},
      "events": {},
      "visible": true,
      "locked": false,
      "full": false,
      "$id": "https://ridge-ui.com/schemas/element",
      "slots": [],
      "slot": false
    },
    {
      "title": "按钮",
      "path": "ridge-bootstrap/button",
      "id": "lkrkv8e29z",
      "style": {
        "position": "absolute",
        "visible": true,
        "x": 822,
        "y": 100,
        "width": 82,
        "height": 39
      },
      "styleEx": {},
      "props": {
        "text": "按钮",
        "type": "primary",
        "src": "",
        "icon": "arrow-right-circle-fill",
        "size": "normal",
        "style": "general",
        "rounded": true,
        "full": true
      },
      "propEx": {},
      "events": {
        "onClick": [
          {
            "store": "",
            "method": "",
            "payload": ""
          }
        ]
      },
      "visible": true,
      "locked": false,
      "full": false,
      "$id": "https://ridge-ui.com/schemas/element",
      "slots": []
    },
    {
      "title": "按钮_1",
      "path": "ridge-bootstrap/button",
      "id": "rau52dd7i4",
      "style": {
        "position": "absolute",
        "visible": true,
        "x": 691,
        "y": 240,
        "width": 43,
        "height": 42
      },
      "styleEx": {},
      "props": {
        "type": "primary",
        "src": "composite:///image/react-cat-icon.svg",
        "icon": "arrow-down-right-square",
        "size": "btn-normal",
        "style": "light",
        "rounded": true,
        "full": true
      },
      "propEx": {},
      "events": {},
      "visible": true,
      "locked": false,
      "full": false,
      "$id": "https://ridge-ui.com/schemas/element",
      "slots": []
    },
    {
      "title": "按钮_3",
      "path": "ridge-bootstrap/button",
      "id": "wr2tlcml3i",
      "style": {
        "position": "absolute",
        "visible": true,
        "x": 822,
        "y": 36,
        "width": 65,
        "height": 36
      },
      "styleEx": {},
      "props": {
        "text": "按钮",
        "type": "primary",
        "src": "",
        "size": "btn-sm",
        "style": "general",
        "rounded": false,
        "full": false,
        "withBadge": true,
        "badgeCount": "99+"
      },
      "propEx": {},
      "events": {},
      "visible": true,
      "locked": false,
      "full": false,
      "$id": "https://ridge-ui.com/schemas/element",
      "slots": []
    },
    {
      "title": "下拉菜单_2",
      "path": "ridge-bootstrap/dropdown",
      "id": "pxhg9a8qv4",
      "style": {
        "position": "absolute",
        "visible": true,
        "x": 683,
        "y": 33,
        "width": 102,
        "height": 38
      },
      "styleEx": {},
      "props": {
        "type": "success",
        "size": "normal",
        "split": true,
        "btnText": "操作",
        "menus": [
          {
            "label": "启动",
            "value": "start"
          },
          {
            "label": "停止",
            "value": "stop"
          },
          {
            "label": "整体发布",
            "value": "publish"
          }
        ]
      },
      "propEx": {},
      "events": {},
      "visible": true,
      "locked": false,
      "full": false,
      "$id": "https://ridge-ui.com/schemas/element",
      "slots": []
    },
    {
      "title": "页签",
      "path": "ridge-bootstrap/tabs",
      "id": "cy1ru1lawo",
      "style": {
        "position": "absolute",
        "visible": true,
        "x": 970,
        "y": 41,
        "width": 177,
        "height": 44
      },
      "styleEx": {},
      "props": {
        "tabs": [
          {
            "label": "代码",
            "value": "code"
          },
          {
            "label": "依赖",
            "value": "value2"
          }
        ],
        "value": "code",
        "style": "nav-tabs",
        "vertical": false,
        "template": ""
      },
      "propEx": {},
      "events": {},
      "visible": true,
      "locked": false,
      "full": false,
      "$id": "https://ridge-ui.com/schemas/element",
      "slots": []
    },
    {
      "title": "页签",
      "path": "ridge-bootstrap/tabs",
      "id": "yewk96k2ot",
      "style": {
        "position": "absolute",
        "visible": true,
        "x": 970,
        "y": 104,
        "width": 175,
        "height": 44
      },
      "styleEx": {},
      "props": {
        "tabs": [
          {
            "label": "代码",
            "value": "code"
          },
          {
            "label": "依赖",
            "value": "value2"
          }
        ],
        "value": "code",
        "style": "nav-underline",
        "vertical": false,
        "template": ""
      },
      "propEx": {},
      "events": {},
      "visible": true,
      "locked": false,
      "full": false,
      "$id": "https://ridge-ui.com/schemas/element",
      "slots": []
    },
    {
      "title": "进度条",
      "path": "ridge-bootstrap/progress",
      "id": "acy55uag7j",
      "style": {
        "position": "absolute",
        "visible": true,
        "x": 971,
        "y": 342,
        "width": 192,
        "height": 16
      },
      "styleEx": {},
      "props": {
        "value": 15,
        "striped": false,
        "animated": false,
        "classList": [
          "ridge-bootstrap/text-warning-emphasis"
        ]
      },
      "propEx": {},
      "events": {},
      "visible": true,
      "locked": false,
      "full": false,
      "$id": "https://ridge-ui.com/schemas/element",
      "slots": []
    },
    {
      "title": "进度条_1",
      "path": "ridge-bootstrap/progress",
      "id": "mj6bte517d",
      "style": {
        "position": "absolute",
        "visible": true,
        "x": 970,
        "y": 372,
        "width": 193,
        "height": 16
      },
      "styleEx": {},
      "props": {
        "value": 60,
        "striped": false,
        "animated": false,
        "classList": [],
        "text": "60%"
      },
      "propEx": {},
      "events": {},
      "visible": true,
      "locked": false,
      "full": false,
      "$id": "https://ridge-ui.com/schemas/element",
      "slots": []
    },
    {
      "title": "进度条_1",
      "path": "ridge-bootstrap/progress",
      "id": "ojg0lhgn9y",
      "style": {
        "position": "absolute",
        "visible": true,
        "x": 970,
        "y": 402,
        "width": 193,
        "height": 16
      },
      "styleEx": {},
      "props": {
        "value": 70,
        "striped": true,
        "animated": false,
        "classList": []
      },
      "propEx": {},
      "events": {},
      "visible": true,
      "locked": false,
      "full": false,
      "$id": "https://ridge-ui.com/schemas/element",
      "slots": []
    },
    {
      "title": "进度条_1",
      "path": "ridge-bootstrap/progress",
      "id": "ywzh37nt01",
      "style": {
        "position": "absolute",
        "visible": true,
        "x": 970,
        "y": 434,
        "width": 193,
        "height": 4
      },
      "styleEx": {},
      "props": {
        "value": 70,
        "striped": false,
        "animated": false,
        "classList": [],
        "type": "danger"
      },
      "propEx": {},
      "events": {},
      "visible": true,
      "locked": false,
      "full": false,
      "$id": "https://ridge-ui.com/schemas/element",
      "slots": []
    },
    {
      "title": "文本",
      "path": "ridge-bootstrap/typography",
      "id": "ov7xd56kel",
      "style": {
        "position": "absolute",
        "visible": true,
        "x": 38,
        "y": 306,
        "width": 228,
        "height": 56
      },
      "styleEx": {},
      "props": {
        "classList": [
          "ridge-bootstrap/fs-1"
        ],
        "text": "标题1"
      },
      "propEx": {},
      "events": {},
      "visible": true,
      "locked": false,
      "full": false,
      "$id": "https://ridge-ui.com/schemas/element",
      "slots": []
    },
    {
      "title": "文本_1",
      "path": "ridge-bootstrap/typography",
      "id": "o4fj1bo76v",
      "style": {
        "position": "absolute",
        "visible": true,
        "x": 38,
        "y": 373,
        "width": 204,
        "height": 48
      },
      "styleEx": {},
      "props": {
        "text": "标题2",
        "classList": [
          "ridge-bootstrap/fs-2"
        ]
      },
      "propEx": {},
      "events": {},
      "visible": true,
      "locked": false,
      "full": false,
      "$id": "https://ridge-ui.com/schemas/element",
      "slots": []
    },
    {
      "title": "文本_2",
      "path": "ridge-bootstrap/typography",
      "id": "1ggq91fn4t",
      "style": {
        "position": "absolute",
        "visible": true,
        "x": 38,
        "y": 426,
        "width": 100,
        "height": 41
      },
      "styleEx": {},
      "props": {
        "text": "标题3",
        "classList": [
          "ridge-bootstrap/fs-3"
        ]
      },
      "propEx": {},
      "events": {},
      "visible": true,
      "locked": false,
      "full": false,
      "$id": "https://ridge-ui.com/schemas/element",
      "slots": []
    },
    {
      "title": "文本_2",
      "path": "ridge-bootstrap/typography",
      "id": "evhsj83fzq",
      "style": {
        "position": "absolute",
        "visible": true,
        "x": 38,
        "y": 471,
        "width": 100,
        "height": 41
      },
      "styleEx": {},
      "props": {
        "text": "标题4",
        "classList": [
          "ridge-bootstrap/fs-4"
        ]
      },
      "propEx": {},
      "events": {},
      "visible": true,
      "locked": false,
      "full": false,
      "$id": "https://ridge-ui.com/schemas/element",
      "slots": []
    },
    {
      "title": "文本_2",
      "path": "ridge-bootstrap/typography",
      "id": "ppkilenbuc",
      "style": {
        "position": "absolute",
        "visible": true,
        "x": 39,
        "y": 524,
        "width": 100,
        "height": 41
      },
      "styleEx": {},
      "props": {
        "text": "标题5",
        "classList": [
          "ridge-bootstrap/fs-5"
        ]
      },
      "propEx": {},
      "events": {},
      "visible": true,
      "locked": false,
      "full": false,
      "$id": "https://ridge-ui.com/schemas/element",
      "slots": []
    },
    {
      "title": "文本_2",
      "path": "ridge-bootstrap/typography",
      "id": "bl3mfp6gq7",
      "style": {
        "position": "absolute",
        "visible": true,
        "x": 39,
        "y": 560,
        "width": 100,
        "height": 33
      },
      "styleEx": {},
      "props": {
        "classList": [
          "ridge-bootstrap/fs-6"
        ],
        "text": "正文"
      },
      "propEx": {},
      "events": {},
      "visible": true,
      "locked": false,
      "full": false,
      "$id": "https://ridge-ui.com/schemas/element",
      "slots": []
    },
    {
      "title": "文本_2",
      "path": "ridge-bootstrap/typography",
      "id": "qg9pw9mkaq",
      "style": {
        "position": "absolute",
        "visible": true,
        "x": 202,
        "y": 321,
        "width": 100,
        "height": 33
      },
      "styleEx": {},
      "props": {
        "classList": [
          "ridge-bootstrap/fs-6",
          "ridge-bootstrap/text-primary"
        ],
        "text": "颜色可变"
      },
      "propEx": {},
      "events": {},
      "visible": true,
      "locked": false,
      "full": false,
      "$id": "https://ridge-ui.com/schemas/element",
      "slots": []
    },
    {
      "title": "文本_2",
      "path": "ridge-bootstrap/typography",
      "id": "w9dh411m6o",
      "style": {
        "position": "absolute",
        "visible": true,
        "x": 202,
        "y": 353,
        "width": 100,
        "height": 33
      },
      "styleEx": {},
      "props": {
        "classList": [
          "ridge-bootstrap/fs-6",
          "ridge-bootstrap/fw-bolder"
        ],
        "text": "加粗"
      },
      "propEx": {},
      "events": {},
      "visible": true,
      "locked": false,
      "full": false,
      "$id": "https://ridge-ui.com/schemas/element",
      "slots": []
    },
    {
      "title": "文本_3",
      "path": "ridge-bootstrap/typography",
      "id": "0ax4jdi8dy",
      "style": {
        "position": "absolute",
        "visible": true,
        "x": 202,
        "y": 388,
        "width": 100,
        "height": 22
      },
      "styleEx": {},
      "props": {
        "classList": [
          "ridge-bootstrap/text-decoration-underline"
        ],
        "text": "下划线"
      },
      "propEx": {},
      "events": {},
      "visible": true,
      "locked": false,
      "full": false,
      "$id": "https://ridge-ui.com/schemas/element",
      "slots": []
    },
    {
      "title": "文本_4",
      "path": "ridge-bootstrap/typography",
      "id": "43o7bb4ygj",
      "style": {
        "position": "absolute",
        "visible": true,
        "x": 198,
        "y": 432,
        "width": 100,
        "height": 22
      },
      "styleEx": {},
      "props": {
        "text": "斜体",
        "classList": [
          "ridge-bootstrap/fst-italic"
        ]
      },
      "propEx": {},
      "events": {},
      "visible": true,
      "locked": false,
      "full": false,
      "$id": "https://ridge-ui.com/schemas/element",
      "slots": []
    },
    {
      "title": "文本_5",
      "path": "ridge-bootstrap/typography",
      "id": "031w1x3nqf",
      "style": {
        "position": "absolute",
        "visible": true,
        "x": 202,
        "y": 467,
        "width": 100,
        "height": 22
      },
      "styleEx": {},
      "props": {
        "text": "删除",
        "classList": [
          "ridge-bootstrap/text-decoration-line-through"
        ]
      },
      "propEx": {},
      "events": {},
      "visible": true,
      "locked": false,
      "full": false,
      "$id": "https://ridge-ui.com/schemas/element",
      "slots": []
    },
    {
      "title": "文本_6",
      "path": "ridge-bootstrap/typography",
      "id": "8z3ycwo16i",
      "style": {
        "position": "absolute",
        "visible": true,
        "x": 202,
        "y": 510,
        "width": 105,
        "height": 22
      },
      "styleEx": {},
      "props": {
        "classList": [
          "ridge-bootstrap/text-center",
          "ridge-bootstrap/bg-body-secondary"
        ],
        "text": "居中"
      },
      "propEx": {},
      "events": {},
      "visible": true,
      "locked": false,
      "full": false,
      "$id": "https://ridge-ui.com/schemas/element",
      "slots": []
    },
    {
      "title": "超链接",
      "path": "ridge-bootstrap/link",
      "id": "ludqrbp6jz",
      "style": {
        "position": "absolute",
        "visible": true,
        "x": 201,
        "y": 554,
        "width": 120,
        "height": 23
      },
      "styleEx": {},
      "props": {
        "text": "马上访问首页",
        "icon": "arrow-right-square-fill",
        "classList": [
          "ridge-bootstrap/text-decoration-none"
        ]
      },
      "propEx": {},
      "events": {},
      "visible": true,
      "locked": false,
      "full": false,
      "$id": "https://ridge-ui.com/schemas/element",
      "slots": []
    },
    {
      "title": "提示",
      "path": "ridge-bootstrap/popover",
      "id": "uglv8n4xl0",
      "style": {
        "position": "absolute",
        "visible": true,
        "x": 700,
        "y": 321,
        "width": 36,
        "height": 36
      },
      "styleEx": {},
      "props": {
        "content": "文本2232342",
        "icon": "question-circle",
        "classList": [
          "ridge-bootstrap/text-primary"
        ],
        "placement": "left"
      },
      "propEx": {},
      "events": {},
      "visible": true,
      "locked": false,
      "full": false,
      "$id": "https://ridge-ui.com/schemas/element",
      "slots": []
    },
    {
      "title": "提示_1",
      "path": "ridge-bootstrap/popover",
      "id": "d1aex7auwo",
      "style": {
        "position": "absolute",
        "visible": true,
        "x": 814,
        "y": 313,
        "width": 36,
        "height": 36
      },
      "styleEx": {},
      "props": {
        "content": "这是一段鼠标上浮提示内容",
        "icon": "exclamation-circle-fill",
        "classList": [
          "ridge-bootstrap/fs-5",
          "ridge-bootstrap/text-danger"
        ]
      },
      "propEx": {},
      "events": {},
      "visible": true,
      "locked": false,
      "full": false,
      "$id": "https://ridge-ui.com/schemas/element",
      "slots": []
    },
    {
      "title": "头像",
      "path": "ridge-bootstrap/avatar",
      "id": "j2jl8rp2tx",
      "style": {
        "position": "absolute",
        "visible": true,
        "x": 1180,
        "y": 373,
        "width": 96,
        "height": 96
      },
      "styleEx": {},
      "props": {
        "src": "composite:///image/avatar/3265549590322329.jpg",
        "icon": "question-circle",
        "classList": [
          "ridge-bootstrap/border",
          "ridge-bootstrap/border-white",
          "ridge-bootstrap/shadow",
          "ridge-bootstrap/rounded-circle"
        ]
      },
      "propEx": {},
      "events": {},
      "visible": true,
      "locked": false,
      "full": false,
      "$id": "https://ridge-ui.com/schemas/element",
      "slots": []
    },
    {
      "title": "头像_2",
      "path": "ridge-bootstrap/avatar",
      "id": "xop2m6lu2j",
      "style": {
        "position": "absolute",
        "visible": true,
        "x": 117,
        "y": 230,
        "width": 84,
        "height": 85
      },
      "styleEx": {},
      "props": {
        "text": "H",
        "src": "composite:///image/kanban-img-2.jpg",
        "classList": [
          "ridge-bootstrap/rounded-5",
          "ridge-bootstrap/p-1",
          "ridge-bootstrap/border",
          "ridge-bootstrap/border-1",
          "ridge-bootstrap/text-warning",
          "ridge-bootstrap/border-warning"
        ]
      },
      "propEx": {},
      "events": {},
      "visible": true,
      "locked": false,
      "full": false,
      "$id": "https://ridge-ui.com/schemas/element",
      "slots": []
    },
    {
      "title": "弹性容器_1",
      "path": "ridge-container/flex",
      "id": "7luric02kk",
      "style": {
        "position": "absolute",
        "visible": true,
        "x": 960,
        "y": 203,
        "width": 203,
        "height": 110
      },
      "styleEx": {},
      "props": {
        "direction": "row",
        "justify": "center",
        "alignItems": "center",
        "children": [
          "xop2m6lu2j",
          "j2jl8rp2tx"
        ],
        "gap": 18,
        "padding": 8,
        "classList": []
      },
      "propEx": {},
      "events": {},
      "visible": true,
      "locked": false,
      "full": false,
      "$id": "https://ridge-ui.com/schemas/element",
      "slots": []
    },
    {
      "title": "单行输入",
      "path": "ridge-bootstrap/input",
      "id": "glcsjlwbs9",
      "style": {
        "position": "absolute",
        "visible": true,
        "x": 43,
        "y": 26,
        "width": 143,
        "height": 31
      },
      "styleEx": {},
      "props": {
        "value": "",
        "placeholder": "文本",
        "validState": null,
        "validaMsg": "输入正确",
        "invalidMsg": "输入错误",
        "disabled": false,
        "size": "sm",
        "classList": []
      },
      "propEx": {},
      "events": {},
      "visible": true,
      "locked": false,
      "full": false,
      "$id": "https://ridge-ui.com/schemas/element",
      "slots": []
    },
    {
      "title": "单行输入",
      "path": "ridge-bootstrap/input",
      "id": "cs4z2b90yd",
      "style": {
        "position": "absolute",
        "visible": true,
        "x": 43,
        "y": 71,
        "width": 143,
        "height": 31
      },
      "styleEx": {},
      "props": {
        "value": "ABC12345",
        "placeholder": "文本",
        "validState": null,
        "validaMsg": "输入正确",
        "invalidMsg": "输入错误",
        "disabled": false,
        "size": "sm",
        "classList": [],
        "type": "password"
      },
      "propEx": {},
      "events": {},
      "visible": true,
      "locked": false,
      "full": false,
      "$id": "https://ridge-ui.com/schemas/element",
      "slots": []
    },
    {
      "title": "单行输入",
      "path": "ridge-bootstrap/input",
      "id": "6r9zzbdu8r",
      "style": {
        "position": "absolute",
        "visible": true,
        "x": 43,
        "y": 124,
        "width": 143,
        "height": 51
      },
      "styleEx": {},
      "props": {
        "value": "",
        "placeholder": "文本",
        "validState": null,
        "validaMsg": "输入正确",
        "invalidMsg": "输入错误",
        "disabled": false,
        "size": "lg",
        "classList": []
      },
      "propEx": {},
      "events": {},
      "visible": true,
      "locked": false,
      "full": false,
      "$id": "https://ridge-ui.com/schemas/element",
      "slots": []
    },
    {
      "title": "单行输入",
      "path": "ridge-bootstrap/input",
      "id": "no3qp2jr10",
      "style": {
        "position": "absolute",
        "visible": true,
        "x": 215,
        "y": 26,
        "width": 143,
        "height": 31
      },
      "styleEx": {},
      "props": {
        "value": "",
        "placeholder": "文本",
        "validState": true,
        "validaMsg": "输入正确",
        "invalidMsg": "输入错误",
        "disabled": false,
        "size": "sm",
        "classList": []
      },
      "propEx": {},
      "events": {},
      "visible": true,
      "locked": false,
      "full": false,
      "$id": "https://ridge-ui.com/schemas/element",
      "slots": []
    },
    {
      "title": "单行输入",
      "path": "ridge-bootstrap/input",
      "id": "riyuod19h1",
      "style": {
        "position": "absolute",
        "visible": true,
        "x": 214,
        "y": 70,
        "width": 143,
        "height": 31
      },
      "styleEx": {},
      "props": {
        "value": "",
        "placeholder": "文本",
        "validState": false,
        "validaMsg": "输入正确",
        "invalidMsg": "输入错误",
        "disabled": false,
        "size": "sm",
        "classList": []
      },
      "propEx": {},
      "events": {},
      "visible": true,
      "locked": false,
      "full": false,
      "$id": "https://ridge-ui.com/schemas/element",
      "slots": []
    },
    {
      "title": "单行输入",
      "path": "ridge-bootstrap/input",
      "id": "k03vqac7xt",
      "style": {
        "position": "absolute",
        "visible": true,
        "x": 214,
        "y": 130,
        "width": 143,
        "height": 44
      },
      "styleEx": {},
      "props": {
        "value": "",
        "validState": null,
        "validaMsg": "输入正确",
        "invalidMsg": "输入错误",
        "disabled": true,
        "size": "sm",
        "classList": [],
        "placeholder": "暂时禁用"
      },
      "propEx": {},
      "events": {},
      "visible": true,
      "locked": false,
      "full": false,
      "$id": "https://ridge-ui.com/schemas/element",
      "slots": []
    },
    {
      "title": "多行输入",
      "path": "ridge-bootstrap/textarea",
      "id": "rpxcg9tp60",
      "style": {
        "position": "absolute",
        "visible": true,
        "x": 43,
        "y": 197,
        "width": 314,
        "height": 87
      },
      "styleEx": {},
      "props": {
        "rows": 3,
        "placeholder": "",
        "size": "form-control-normal",
        "validMsg": "",
        "invalidMsg": "请检查输入项是否有效",
        "disabled": false
      },
      "propEx": {},
      "events": {},
      "visible": true,
      "locked": false,
      "full": false,
      "$id": "https://ridge-ui.com/schemas/element",
      "slots": []
    },
    {
      "title": "下拉选择",
      "path": "ridge-bootstrap/select",
      "id": "6y3uoo3oyt",
      "style": {
        "position": "absolute",
        "visible": true,
        "x": 403,
        "y": 25,
        "width": 196,
        "height": 41
      },
      "styleEx": {},
      "props": {
        "value": "",
        "options": [
          {
            "label": "北京",
            "value": "beijing"
          },
          {
            "label": "上海",
            "value": "shanghai"
          },
          {
            "label": "广州",
            "value": "guangzhou"
          }
        ],
        "validMsg": "",
        "invalidMsg": "请检查输入项是否有效",
        "disabled": false,
        "placeholder": "请选择",
        "validState": null,
        "size": "normal"
      },
      "propEx": {},
      "events": {},
      "visible": true,
      "locked": false,
      "full": false,
      "$id": "https://ridge-ui.com/schemas/element",
      "slots": []
    },
    {
      "title": "下拉选择",
      "path": "ridge-bootstrap/select",
      "id": "yntfwwjykz",
      "style": {
        "position": "absolute",
        "visible": true,
        "x": 403,
        "y": 76,
        "width": 196,
        "height": 41
      },
      "styleEx": {},
      "props": {
        "value": "shanghai",
        "options": [
          {
            "label": "北京",
            "value": "beijing"
          },
          {
            "label": "上海",
            "value": "shanghai"
          },
          {
            "label": "广州",
            "value": "guangzhou"
          }
        ],
        "validMsg": "",
        "invalidMsg": "请检查输入项是否有效",
        "disabled": false,
        "placeholder": "请选择",
        "validState": true,
        "size": "normal"
      },
      "propEx": {},
      "events": {},
      "visible": true,
      "locked": false,
      "full": false,
      "$id": "https://ridge-ui.com/schemas/element",
      "slots": []
    },
    {
      "title": "下拉选择",
      "path": "ridge-bootstrap/select",
      "id": "wzkdfmnnfn",
      "style": {
        "position": "absolute",
        "visible": true,
        "x": 402,
        "y": 133,
        "width": 196,
        "height": 41
      },
      "styleEx": {},
      "props": {
        "value": "shanghai",
        "options": [
          {
            "label": "北京",
            "value": "beijing"
          },
          {
            "label": "上海",
            "value": "shanghai"
          },
          {
            "label": "广州",
            "value": "guangzhou"
          }
        ],
        "validMsg": "",
        "invalidMsg": "请检查输入项是否有效",
        "disabled": false,
        "placeholder": "请选择",
        "validState": false,
        "size": "normal"
      },
      "propEx": {},
      "events": {},
      "visible": true,
      "locked": false,
      "full": false,
      "$id": "https://ridge-ui.com/schemas/element",
      "slots": []
    },
    {
      "title": "单选",
      "path": "ridge-bootstrap/radio",
      "id": "wbjlobe864",
      "style": {
        "position": "absolute",
        "visible": true,
        "x": 403,
        "y": 291,
        "width": 268,
        "height": 32
      },
      "styleEx": {},
      "props": {
        "text": "切换选项",
        "options": [
          {
            "label": "北京",
            "value": "beijing"
          },
          {
            "label": "上海",
            "value": "shanghai"
          },
          {
            "label": "广州",
            "value": "guangzhou"
          }
        ],
        "validMsg": "",
        "invalidMsg": "请检查输入项是否有效",
        "disabled": false,
        "value": false,
        "validState": null,
        "inline": true
      },
      "propEx": {},
      "events": {},
      "visible": true,
      "locked": false,
      "full": false,
      "$id": "https://ridge-ui.com/schemas/element",
      "slots": []
    },
    {
      "title": "下拉选择",
      "path": "ridge-bootstrap/select",
      "id": "tah5s92d5q",
      "style": {
        "position": "absolute",
        "visible": true,
        "x": 402,
        "y": 216,
        "width": 206,
        "height": 53
      },
      "styleEx": {},
      "props": {
        "options": [
          {
            "label": "北京",
            "value": "beijing"
          },
          {
            "label": "上海",
            "value": "shanghai"
          },
          {
            "label": "广州",
            "value": "guangzhou"
          }
        ],
        "validMsg": "",
        "invalidMsg": "请检查输入项是否有效",
        "disabled": true,
        "placeholder": "请选择",
        "validState": null,
        "size": "normal",
        "value": "guangzhou"
      },
      "propEx": {},
      "events": {},
      "visible": true,
      "locked": false,
      "full": false,
      "$id": "https://ridge-ui.com/schemas/element",
      "slots": []
    },
    {
      "title": "单选",
      "path": "ridge-bootstrap/radio",
      "id": "ucuosn6stu",
      "style": {
        "position": "absolute",
        "visible": true,
        "x": 402,
        "y": 342,
        "width": 233,
        "height": 109
      },
      "styleEx": {},
      "props": {
        "text": "切换选项",
        "options": [
          {
            "label": "北京",
            "value": "beijing"
          },
          {
            "label": "上海",
            "value": "shanghai"
          },
          {
            "label": "广州",
            "value": "guangzhou"
          }
        ],
        "validMsg": "",
        "invalidMsg": "请检查输入项是否有效",
        "disabled": false,
        "value": "beijing",
        "validState": false,
        "inline": false
      },
      "propEx": {},
      "events": {},
      "visible": true,
      "locked": false,
      "full": false,
      "$id": "https://ridge-ui.com/schemas/element",
      "slots": []
    },
    {
      "title": "多选",
      "path": "ridge-bootstrap/checkbox",
      "id": "sw6tqfsern",
      "style": {
        "position": "absolute",
        "visible": true,
        "x": 402,
        "y": 532,
        "width": 188,
        "height": 66
      },
      "styleEx": {},
      "props": {
        "value": [
          "value1"
        ],
        "options": [
          {
            "label": "选项1",
            "value": "value1"
          },
          {
            "label": "选项2",
            "value": "value2"
          }
        ],
        "validState": true,
        "validaMsg": "输入正确",
        "invalidMsg": "输入错误",
        "disabled": false,
        "inline": false
      },
      "propEx": {},
      "events": {},
      "visible": true,
      "locked": false,
      "full": false,
      "$id": "https://ridge-ui.com/schemas/element",
      "slots": []
    },
    {
      "title": "多选_1",
      "path": "ridge-bootstrap/checkbox",
      "id": "v44tth9odc",
      "style": {
        "position": "absolute",
        "visible": true,
        "x": 709,
        "y": 487,
        "width": 199,
        "height": 63
      },
      "styleEx": {},
      "props": {
        "value": [],
        "options": [
          {
            "label": "选项1",
            "value": "value1"
          },
          {
            "label": "选项2",
            "value": "value2"
          }
        ],
        "validState": null,
        "validaMsg": "输入正确",
        "invalidMsg": "输入错误",
        "disabled": false,
        "inline": false
      },
      "propEx": {},
      "events": {},
      "visible": true,
      "locked": false,
      "full": false,
      "$id": "https://ridge-ui.com/schemas/element",
      "slots": []
    },
    {
      "title": "范围",
      "path": "ridge-bootstrap/range",
      "id": "0czohbfqs7",
      "style": {
        "position": "absolute",
        "visible": true,
        "x": 696,
        "y": 593,
        "width": 136,
        "height": 32
      },
      "styleEx": {},
      "props": {
        "value": 10,
        "min": 0,
        "max": 100,
        "step": 1,
        "disabled": false,
        "classList": []
      },
      "propEx": {},
      "events": {},
      "visible": true,
      "locked": false,
      "full": false,
      "$id": "https://ridge-ui.com/schemas/element",
      "slots": []
    },
    {
      "title": "范围",
      "path": "ridge-bootstrap/range",
      "id": "wrlnoltjao",
      "style": {
        "position": "absolute",
        "visible": true,
        "x": 695,
        "y": 561,
        "width": 137,
        "height": 32
      },
      "styleEx": {},
      "props": {
        "value": "60",
        "min": 0,
        "max": 100,
        "step": 1,
        "disabled": false,
        "classList": []
      },
      "propEx": {},
      "events": {},
      "visible": true,
      "locked": false,
      "full": false,
      "$id": "https://ridge-ui.com/schemas/element",
      "slots": []
    },
    {
      "title": "占位块",
      "path": "ridge-bootstrap/placeholder",
      "id": "sch6of1wgt",
      "style": {
        "position": "absolute",
        "visible": true,
        "x": 813,
        "y": 175,
        "width": 91,
        "height": 27
      },
      "styleEx": {},
      "props": {
        "type": "secondary",
        "animation": "wave"
      },
      "propEx": {},
      "events": {},
      "visible": true,
      "locked": false,
      "full": false,
      "$id": "https://ridge-ui.com/schemas/element",
      "slots": []
    },
    {
      "title": "占位块",
      "path": "ridge-bootstrap/placeholder",
      "id": "ftd6k357gx",
      "style": {
        "position": "absolute",
        "visible": true,
        "x": 813,
        "y": 209,
        "width": 92,
        "height": 51
      },
      "styleEx": {},
      "props": {
        "type": "secondary",
        "animation": "wave"
      },
      "propEx": {},
      "events": {},
      "visible": true,
      "locked": false,
      "full": false,
      "$id": "https://ridge-ui.com/schemas/element",
      "slots": []
    },
    {
      "title": "切换",
      "path": "ridge-bootstrap/toggle",
      "id": "nw0k3jr9ko",
      "style": {
        "position": "absolute",
        "visible": true,
        "x": 403,
        "y": 475,
        "width": 200,
        "height": 32
      },
      "styleEx": {},
      "props": {
        "value": false,
        "label": "切换选择框",
        "disabled": false
      },
      "propEx": {},
      "events": {},
      "visible": true,
      "locked": false,
      "full": false,
      "$id": "https://ridge-ui.com/schemas/element",
      "slots": []
    },
    {
      "title": "标签_5",
      "path": "ridge-bootstrap/badge",
      "id": "py9vaco5u2",
      "style": {
        "position": "absolute",
        "visible": true,
        "x": 479,
        "y": 460,
        "width": 40,
        "height": 20
      },
      "styleEx": {},
      "props": {
        "type": "primary",
        "text": "富强",
        "pill": false,
        "showClose": false,
        "classList": []
      },
      "propEx": {},
      "events": {},
      "visible": true,
      "locked": false,
      "full": false,
      "$id": "https://ridge-ui.com/schemas/element",
      "slots": []
    },
    {
      "title": "标签_5",
      "path": "ridge-bootstrap/badge",
      "id": "oe3wvsfc5o",
      "style": {
        "position": "absolute",
        "visible": true,
        "x": 530,
        "y": 459,
        "width": 40,
        "height": 20
      },
      "styleEx": {},
      "props": {
        "type": "secondary",
        "text": "民主",
        "pill": false,
        "showClose": false,
        "classList": []
      },
      "propEx": {},
      "events": {},
      "visible": true,
      "locked": false,
      "full": false,
      "$id": "https://ridge-ui.com/schemas/element",
      "slots": []
    },
    {
      "title": "标签_5",
      "path": "ridge-bootstrap/badge",
      "id": "wd1upnima1",
      "style": {
        "position": "absolute",
        "visible": true,
        "x": 586,
        "y": 458,
        "width": 40,
        "height": 20
      },
      "styleEx": {},
      "props": {
        "type": "success",
        "text": "文明",
        "pill": false,
        "showClose": false,
        "classList": []
      },
      "propEx": {},
      "events": {},
      "visible": true,
      "locked": false,
      "full": false,
      "$id": "https://ridge-ui.com/schemas/element",
      "slots": []
    },
    {
      "title": "标签_5",
      "path": "ridge-bootstrap/badge",
      "id": "bz06dwq9nc",
      "style": {
        "position": "absolute",
        "visible": true,
        "x": 642,
        "y": 457,
        "width": 40,
        "height": 20
      },
      "styleEx": {},
      "props": {
        "type": "danger",
        "text": "和谐",
        "pill": false,
        "showClose": false,
        "classList": []
      },
      "propEx": {},
      "events": {},
      "visible": true,
      "locked": false,
      "full": false,
      "$id": "https://ridge-ui.com/schemas/element",
      "slots": []
    },
    {
      "title": "弹性容器_3",
      "path": "ridge-container/flex",
      "id": "zy773xvfhg",
      "style": {
        "position": "absolute",
        "visible": true,
        "x": 697,
        "y": 379,
        "width": 213,
        "height": 67
      },
      "styleEx": {},
      "props": {
        "direction": "row",
        "justify": "flex-start",
        "alignItems": "flex-start",
        "children": [
          "py9vaco5u2",
          "dyr2gicxor",
          "oe3wvsfc5o",
          "wd1upnima1",
          "bz06dwq9nc",
          "1qbi7k1sya"
        ],
        "gap": 8,
        "padding": 8,
        "classList": [],
        "flexWrap": true
      },
      "propEx": {},
      "events": {},
      "visible": true,
      "locked": false,
      "full": false,
      "$id": "https://ridge-ui.com/schemas/element",
      "slots": []
    },
    {
      "title": "标签_5",
      "path": "ridge-bootstrap/badge",
      "id": "dyr2gicxor",
      "style": {
        "position": "absolute",
        "visible": true,
        "x": 0,
        "y": 0,
        "width": 56,
        "height": 20
      },
      "styleEx": {},
      "props": {
        "type": "primary",
        "text": "富强",
        "pill": false,
        "showClose": true,
        "classList": []
      },
      "propEx": {},
      "events": {},
      "visible": true,
      "locked": false,
      "full": false,
      "$id": "https://ridge-ui.com/schemas/element",
      "slots": []
    },
    {
      "title": "标签_5",
      "path": "ridge-bootstrap/badge",
      "id": "1qbi7k1sya",
      "style": {
        "position": "absolute",
        "visible": true,
        "x": 0,
        "y": 0,
        "width": 45,
        "height": 20.00002086672008
      },
      "styleEx": {},
      "props": {
        "type": "success",
        "text": "民主",
        "pill": true,
        "showClose": false,
        "classList": []
      },
      "propEx": {},
      "events": {},
      "visible": true,
      "locked": false,
      "full": false,
      "$id": "https://ridge-ui.com/schemas/element",
      "slots": []
    },
    {
      "title": "图标",
      "path": "ridge-bootstrap/icons",
      "id": "n62nxr2fxx",
      "style": {
        "position": "absolute",
        "visible": true,
        "x": 960,
        "y": 166,
        "width": 36,
        "height": 36
      },
      "styleEx": {},
      "props": {
        "icon": "github",
        "btn": false,
        "classList": []
      },
      "propEx": {},
      "events": {},
      "visible": true,
      "locked": false,
      "full": false,
      "$id": "https://ridge-ui.com/schemas/element",
      "slots": []
    },
    {
      "title": "弹性容器",
      "path": "ridge-container/flex",
      "id": "u8gqq13g59",
      "style": {
        "position": "absolute",
        "visible": true,
        "x": 972,
        "y": 491,
        "width": 191,
        "height": 102
      },
      "styleEx": {},
      "props": {
        "direction": "row",
        "justify": "flex-start",
        "alignItems": "flex-start",
        "flexWrap": false,
        "fill": false,
        "children": [],
        "gap": 8,
        "padding": 8,
        "classList": [
          "ridge-bootstrap/border",
          "ridge-bootstrap/border-3",
          "ridge-bootstrap/border-warning",
          "ridge-bootstrap/rounded-2"
        ]
      },
      "propEx": {},
      "events": {},
      "visible": true,
      "locked": false,
      "full": false,
      "$id": "https://ridge-ui.com/schemas/element",
      "slots": []
    },
    {
      "title": "图标_1",
      "path": "ridge-bootstrap/icons",
      "id": "h8gx5ocyr9",
      "style": {
        "position": "absolute",
        "visible": true,
        "x": 1001,
        "y": 166,
        "width": 36,
        "height": 36
      },
      "styleEx": {},
      "props": {
        "icon": "arrow-up-square",
        "btn": false,
        "classList": []
      },
      "propEx": {},
      "events": {},
      "visible": true,
      "locked": false,
      "full": false,
      "$id": "https://ridge-ui.com/schemas/element",
      "slots": []
    },
    {
      "title": "图标_2",
      "path": "ridge-bootstrap/icons",
      "id": "bhz4bqhk7u",
      "style": {
        "position": "absolute",
        "visible": true,
        "x": 1041,
        "y": 165,
        "width": 39,
        "height": 36
      },
      "styleEx": {},
      "props": {
        "icon": "cart-dash",
        "btn": false,
        "classList": []
      },
      "propEx": {},
      "events": {},
      "visible": true,
      "locked": false,
      "full": false,
      "$id": "https://ridge-ui.com/schemas/element",
      "slots": []
    },
    {
      "title": "下拉菜单",
      "path": "ridge-bootstrap/dropdown",
      "id": "msduy41qla",
      "style": {
        "position": "absolute",
        "visible": true,
        "x": 842,
        "y": 603,
        "width": 102,
        "height": 38
      },
      "styleEx": {},
      "props": {
        "type": "secondary",
        "size": "sm",
        "split": true,
        "menus": [
          {
            "label": "选项1",
            "value": "value1"
          },
          {
            "label": "选项2",
            "value": "value2"
          }
        ],
        "btnText": "ffgd"
      },
      "propEx": {},
      "events": {},
      "visible": true,
      "locked": false,
      "full": false,
      "$id": "https://ridge-ui.com/schemas/element",
      "slots": []
    }
  ],
  "name": "Bootstrap",
  "children": [
    "lkrkv8e29z",
    "rau52dd7i4",
    "42ha2ovpq1",
    "nc5t3ch2yx",
    "wr2tlcml3i",
    "pxhg9a8qv4",
    "cy1ru1lawo",
    "yewk96k2ot",
    "acy55uag7j",
    "mj6bte517d",
    "ojg0lhgn9y",
    "ywzh37nt01",
    "ov7xd56kel",
    "o4fj1bo76v",
    "1ggq91fn4t",
    "evhsj83fzq",
    "ppkilenbuc",
    "bl3mfp6gq7",
    "qg9pw9mkaq",
    "w9dh411m6o",
    "0ax4jdi8dy",
    "43o7bb4ygj",
    "031w1x3nqf",
    "8z3ycwo16i",
    "ludqrbp6jz",
    "uglv8n4xl0",
    "d1aex7auwo",
    "7luric02kk",
    "glcsjlwbs9",
    "cs4z2b90yd",
    "6r9zzbdu8r",
    "no3qp2jr10",
    "riyuod19h1",
    "k03vqac7xt",
    "rpxcg9tp60",
    "6y3uoo3oyt",
    "yntfwwjykz",
    "wzkdfmnnfn",
    "wbjlobe864",
    "tah5s92d5q",
    "ucuosn6stu",
    "sw6tqfsern",
    "v44tth9odc",
    "0czohbfqs7",
    "wrlnoltjao",
    "sch6of1wgt",
    "ftd6k357gx",
    "nw0k3jr9ko",
    "zy773xvfhg",
    "n62nxr2fxx",
    "u8gqq13g59",
    "h8gx5ocyr9",
    "bhz4bqhk7u",
    "msduy41qla"
  ]
}