{
  "version": "1.2.0",
  "style": {
    "width": 1200,
    "height": 632,
    "background": "",
    "classNames": []
  },
  "properties": {},
  "cssFiles": [],
  "jsFiles": [],
  "elements": [
    {
      "title": "气泡图",
      "path": "ridge-highcharts/bubble",
      "id": "wxeybtudva",
      "style": {
        "position": "absolute",
        "visible": true,
        "x": 433,
        "y": 231,
        "width": 238,
        "height": 186
      },
      "styleEx": {},
      "props": {
        "data": {
          "categories": [
            "USA",
            "China",
            "Brazil",
            "EU",
            "India",
            "Russia"
          ],
          "series": [
            {
              "name": "Corn",
              "data": [
                406292,
                260000,
                107000,
                68300,
                27500,
                14500
              ]
            },
            {
              "name": "Wheat",
              "data": [
                51086,
                136000,
                5500,
                141000,
                107180,
                77000
              ]
            }
          ]
        }
      },
      "propEx": {},
      "events": {},
      "visible": true,
      "locked": false,
      "full": false,
      "$id": "https://ridge-ui.com/schemas/element",
      "slots": []
    },
    {
      "title": "柱状图",
      "path": "ridge-highcharts/column",
      "id": "bh3h7kzdir",
      "style": {
        "position": "absolute",
        "visible": true,
        "x": 384,
        "y": 32,
        "width": 336,
        "height": 200
      },
      "styleEx": {},
      "props": {
        "data": {
          "categories": [
            "USA",
            "China",
            "Brazil",
            "EU",
            "India",
            "Russia"
          ],
          "series": [
            {
              "name": "Corn",
              "data": [
                406292,
                260000,
                107000,
                68300,
                27500,
                14500
              ]
            },
            {
              "name": "Wheat",
              "data": [
                51086,
                136000,
                5500,
                141000,
                107180,
                77000
              ]
            }
          ]
        },
        "colorScheme": "brandLight"
      },
      "propEx": {},
      "events": {},
      "visible": true,
      "locked": false,
      "full": false,
      "$id": "https://ridge-ui.com/schemas/element",
      "slots": []
    },
    {
      "title": "条形图",
      "path": "ridge-highcharts/columnBar",
      "id": "h6oja46rm8",
      "style": {
        "position": "absolute",
        "visible": true,
        "x": 726,
        "y": 32,
        "width": 259,
        "height": 235
      },
      "styleEx": {},
      "props": {
        "data": {
          "categories": [
            "USA",
            "China",
            "Brazil",
            "EU",
            "India",
            "Russia"
          ],
          "series": [
            {
              "name": "Corn",
              "data": [
                406292,
                260000,
                107000,
                68300,
                27500,
                14500
              ]
            },
            {
              "name": "Wheat",
              "data": [
                51086,
                136000,
                5500,
                141000,
                107180,
                77000
              ]
            }
          ]
        }
      },
      "propEx": {},
      "events": {},
      "visible": true,
      "locked": false,
      "full": false,
      "$id": "https://ridge-ui.com/schemas/element",
      "slots": []
    },
    {
      "title": "迷你柱状图",
      "path": "ridge-highcharts/columnMini",
      "id": "58w9bco510",
      "style": {
        "position": "absolute",
        "visible": true,
        "x": 992,
        "y": 162,
        "width": 181,
        "height": 105
      },
      "styleEx": {},
      "props": {
        "data": {
          "categories": [
            "USA",
            "China",
            "Brazil",
            "EU",
            "India",
            "Russia"
          ],
          "series": [
            {
              "name": "Corn",
              "data": [
                406292,
                260000,
                107000,
                68300,
                27500,
                14500
              ]
            },
            {
              "name": "Wheat",
              "data": [
                51086,
                136000,
                5500,
                141000,
                107180,
                77000
              ]
            }
          ]
        }
      },
      "propEx": {},
      "events": {},
      "visible": true,
      "locked": false,
      "full": false,
      "$id": "https://ridge-ui.com/schemas/element",
      "slots": []
    },
    {
      "title": "混合图",
      "path": "ridge-highcharts/combinations",
      "id": "szdf7zasu7",
      "style": {
        "position": "absolute",
        "visible": true,
        "x": 0,
        "y": 22,
        "width": 356,
        "height": 210
      },
      "styleEx": {},
      "props": {
        "data": {
          "categories": [
            "USA",
            "China",
            "Brazil",
            "EU",
            "India",
            "Russia"
          ],
          "series": [
            {
              "name": "Corn",
              "data": [
                406292,
                260000,
                107000,
                68300,
                27500,
                14500
              ]
            },
            {
              "name": "Wheat",
              "data": [
                51086,
                136000,
                5500,
                141000,
                107180,
                77000
              ]
            }
          ]
        }
      },
      "propEx": {},
      "events": {},
      "visible": true,
      "locked": false,
      "full": false,
      "$id": "https://ridge-ui.com/schemas/element",
      "slots": []
    },
    {
      "title": "环形图",
      "path": "ridge-highcharts/donut",
      "id": "jaqw4ojybr",
      "style": {
        "position": "absolute",
        "visible": true,
        "x": 0,
        "y": 417,
        "width": 216,
        "height": 185
      },
      "styleEx": {},
      "props": {
        "data": {
          "categories": [
            "USA",
            "China",
            "Brazil",
            "EU",
            "India",
            "Russia"
          ],
          "series": [
            {
              "name": "Corn",
              "data": [
                406292,
                260000,
                107000,
                68300,
                27500,
                14500
              ]
            },
            {
              "name": "Wheat",
              "data": [
                51086,
                136000,
                5500,
                141000,
                107180,
                77000
              ]
            }
          ]
        },
        "showLabel": false,
        "innerSize": 55
      },
      "propEx": {},
      "events": {},
      "visible": true,
      "locked": false,
      "full": false,
      "$id": "https://ridge-ui.com/schemas/element",
      "slots": []
    },
    {
      "title": "曲线图",
      "path": "ridge-highcharts/line",
      "id": "j1ybznaomi",
      "style": {
        "position": "absolute",
        "visible": true,
        "x": 11,
        "y": 216,
        "width": 412,
        "height": 202
      },
      "styleEx": {},
      "props": {
        "data": {
          "categories": [
            "USA",
            "China",
            "Brazil",
            "EU",
            "India",
            "Russia"
          ],
          "series": [
            {
              "name": "Corn",
              "data": [
                406292,
                260000,
                107000,
                68300,
                27500,
                14500
              ]
            },
            {
              "name": "Wheat",
              "data": [
                51086,
                136000,
                5500,
                141000,
                107180,
                77000
              ]
            }
          ]
        },
        "isArea": false
      },
      "propEx": {},
      "events": {},
      "visible": true,
      "locked": false,
      "full": false,
      "$id": "https://ridge-ui.com/schemas/element",
      "slots": []
    },
    {
      "title": "迷你线图",
      "path": "ridge-highcharts/lineMini",
      "id": "c16fvfv43k",
      "style": {
        "position": "absolute",
        "visible": true,
        "x": 985,
        "y": 32,
        "width": 179,
        "height": 104
      },
      "styleEx": {},
      "props": {
        "data": {
          "categories": [
            "USA",
            "China",
            "Brazil",
            "EU",
            "India",
            "Russia"
          ],
          "series": [
            {
              "name": "Corn",
              "data": [
                406292,
                260000,
                107000,
                168300,
                227500,
                124500
              ]
            },
            {
              "name": "Wheat",
              "data": [
                51086,
                136000,
                5500,
                141000,
                107180,
                77000
              ]
            }
          ]
        },
        "isArea": false,
        "colorScheme": "brandLight"
      },
      "propEx": {},
      "events": {},
      "visible": true,
      "locked": false,
      "full": false,
      "$id": "https://ridge-ui.com/schemas/element",
      "slots": []
    },
    {
      "title": "饼图",
      "path": "ridge-highcharts/pie",
      "id": "s94qlegpyh",
      "style": {
        "position": "absolute",
        "visible": true,
        "x": 170,
        "y": 404,
        "width": 337,
        "height": 218
      },
      "styleEx": {},
      "props": {
        "data": {
          "categories": [
            "USA",
            "China",
            "Brazil",
            "EU",
            "India",
            "Russia"
          ],
          "series": [
            {
              "name": "Corn",
              "data": [
                406292,
                260000,
                107000,
                68300,
                27500,
                14500
              ]
            },
            {
              "name": "Wheat",
              "data": [
                51086,
                136000,
                5500,
                141000,
                107180,
                77000
              ]
            }
          ]
        },
        "showLabel": true,
        "colorScheme": "brandLight"
      },
      "propEx": {},
      "events": {},
      "visible": true,
      "locked": false,
      "full": false,
      "$id": "https://ridge-ui.com/schemas/element",
      "slots": []
    },
    {
      "title": "玫瑰图",
      "path": "ridge-highcharts/rose",
      "id": "8qdsmo27fw",
      "style": {
        "position": "absolute",
        "visible": true,
        "x": 433,
        "y": 403,
        "width": 255,
        "height": 227
      },
      "styleEx": {},
      "props": {
        "data": {
          "categories": [
            "USA",
            "China",
            "Brazil",
            "EU",
            "India",
            "Russia"
          ],
          "series": [
            {
              "name": "Corn",
              "data": [
                406292,
                260000,
                107000,
                68300,
                27500,
                14500
              ]
            },
            {
              "name": "Wheat",
              "data": [
                51086,
                136000,
                5500,
                141000,
                107180,
                77000
              ]
            }
          ]
        },
        "showLabel": false
      },
      "propEx": {},
      "events": {},
      "visible": true,
      "locked": false,
      "full": false,
      "$id": "https://ridge-ui.com/schemas/element",
      "slots": []
    },
    {
      "title": "极坐标柱图",
      "path": "ridge-highcharts/columnPolar",
      "id": "uequef3esz",
      "style": {
        "position": "absolute",
        "visible": true,
        "x": 624,
        "y": 336,
        "width": 286,
        "height": 294
      },
      "styleEx": {},
      "props": {
        "data": {
          "categories": [
            "USA",
            "China",
            "Brazil",
            "EU",
            "India",
            "Russia"
          ],
          "series": [
            {
              "name": "Corn",
              "data": [
                406292,
                260000,
                357000,
                368300,
                337500,
                314500
              ]
            },
            {
              "name": "Wheat",
              "data": [
                406292,
                386292,
                346292,
                386292,
                326292,
                396292
              ]
            }
          ]
        },
        "colorScheme": "default"
      },
      "propEx": {},
      "events": {},
      "visible": true,
      "locked": false,
      "full": false,
      "$id": "https://ridge-ui.com/schemas/element",
      "slots": []
    },
    {
      "title": "蛛网图",
      "path": "ridge-highcharts/linePolor",
      "id": "d08eykiovr",
      "style": {
        "position": "absolute",
        "visible": true,
        "x": 898,
        "y": 332,
        "width": 298,
        "height": 298
      },
      "styleEx": {},
      "props": {
        "data": {
          "categories": [
            "USA",
            "China",
            "Brazil",
            "EU",
            "India",
            "Russia"
          ],
          "series": [
            {
              "name": "Corn",
              "data": [
                406292,
                260000,
                357000,
                368300,
                337500,
                314500
              ]
            },
            {
              "name": "Wheat",
              "data": [
                406292,
                386292,
                346292,
                386292,
                326292,
                396292
              ]
            }
          ]
        },
        "isArea": true,
        "colorScheme": "brandLight"
      },
      "propEx": {},
      "events": {},
      "visible": true,
      "locked": false,
      "full": false,
      "$id": "https://ridge-ui.com/schemas/element",
      "slots": []
    }
  ],
  "name": "Highchart",
  "children": [
    "wxeybtudva",
    "bh3h7kzdir",
    "h6oja46rm8",
    "58w9bco510",
    "szdf7zasu7",
    "jaqw4ojybr",
    "j1ybznaomi",
    "c16fvfv43k",
    "s94qlegpyh",
    "8qdsmo27fw",
    "uequef3esz",
    "d08eykiovr"
  ]
}