{
  "version": "1.2.0",
  "style": {
    "width": 1200,
    "height": 632,
    "background": "",
    "classNames": []
  },
  "properties": {},
  "cssFiles": [],
  "jsFiles": [
    "/demo/value.store.js"
  ],
  "elements": [
    {
      "title": "滑块",
      "path": "ridge-material/slider",
      "id": "husjs4y36y",
      "style": {
        "position": "absolute",
        "visible": true,
        "x": 26,
        "y": 419,
        "width": 135,
        "height": 28
      },
      "styleEx": {},
      "props": {
        "value": "34",
        "size": "medium",
        "color": "primary",
        "orientation": "horizontal"
      },
      "propEx": {
        "value": "StoreExample.state.numberValue"
      },
      "events": {},
      "visible": true,
      "locked": false,
      "full": false,
      "$id": "https://ridge-ui.com/schemas/element",
      "slots": []
    },
    {
      "title": "自动完成",
      "path": "ridge-material/autoComplete",
      "id": "isepqdko5b",
      "style": {
        "position": "absolute",
        "visible": true,
        "x": 18,
        "y": 142,
        "width": 323,
        "height": 43
      },
      "styleEx": {},
      "props": {
        "value": "",
        "options": [],
        "size": "small",
        "placeholder": "请输入查询条件...."
      },
      "propEx": {},
      "events": {},
      "visible": true,
      "locked": false,
      "full": false,
      "$id": "https://ridge-ui.com/schemas/element",
      "slots": []
    },
    {
      "title": "头像",
      "path": "ridge-material/avatar",
      "id": "4gr7bityir",
      "style": {
        "position": "absolute",
        "visible": true,
        "x": 290,
        "y": 446,
        "width": 58,
        "height": 58
      },
      "styleEx": {},
      "props": {
        "src": "/image/avatar/3265549590322329.jpg"
      },
      "propEx": {},
      "events": {},
      "visible": true,
      "locked": false,
      "full": false,
      "$id": "https://ridge-ui.com/schemas/element",
      "slots": []
    },
    {
      "title": "圆点",
      "path": "ridge-material/badge",
      "id": "bbnay0dtai",
      "style": {
        "position": "absolute",
        "visible": true,
        "x": 310,
        "y": 447,
        "width": 30,
        "height": 40
      },
      "styleEx": {},
      "props": {
        "text": " 12",
        "color": "primary",
        "dot": false
      },
      "propEx": {
        "text": "StoreExample.state.numberValue"
      },
      "events": {},
      "visible": true,
      "locked": false,
      "full": false,
      "$id": "https://ridge-ui.com/schemas/element",
      "slots": []
    },
    {
      "title": "按钮",
      "path": "ridge-material/button",
      "id": "461xku28jd",
      "style": {
        "position": "absolute",
        "visible": true,
        "x": 906,
        "y": 114,
        "width": 74,
        "height": 35
      },
      "styleEx": {},
      "props": {
        "text": "按钮",
        "variant": "outlined",
        "color": "secondary",
        "icon": "home",
        "size": "small",
        "disabled": false
      },
      "propEx": {},
      "events": {},
      "visible": true,
      "locked": false,
      "full": false,
      "$id": "https://ridge-ui.com/schemas/element",
      "slots": []
    },
    {
      "title": "导航列表",
      "path": "ridge-material/navList",
      "id": "lzg8ppk2x7",
      "style": {
        "position": "absolute",
        "visible": true,
        "x": 485,
        "y": 401,
        "width": 200,
        "height": 157
      },
      "styleEx": {},
      "props": {
        "value": "",
        "listData": [
          {
            "label": "首页",
            "value": "home",
            "icon": "home"
          },
          {
            "label": "我的收藏",
            "value": "favorite",
            "icon": "favorite"
          },
          {
            "label": "消息",
            "value": "message",
            "icon": "message"
          }
        ],
        "dense": true
      },
      "propEx": {},
      "events": {},
      "visible": true,
      "locked": false,
      "full": false,
      "$id": "https://ridge-ui.com/schemas/element",
      "slots": []
    },
    {
      "title": "选择",
      "path": "ridge-material/select",
      "id": "dz8kneuy7o",
      "style": {
        "position": "absolute",
        "visible": true,
        "x": 1034,
        "y": 332,
        "width": 163,
        "height": 40
      },
      "styleEx": {},
      "props": {
        "value": "",
        "label": "请选择",
        "variant": "outlined",
        "options": [
          {
            "label": "选项1",
            "value": "value1"
          },
          {
            "label": "选项2",
            "value": "value2"
          }
        ],
        "size": "small",
        "readonly": false,
        "error": false
      },
      "propEx": {},
      "events": {},
      "visible": true,
      "locked": false,
      "full": false,
      "$id": "https://ridge-ui.com/schemas/element",
      "slots": []
    },
    {
      "title": "单选框",
      "path": "ridge-material/radiogroup",
      "id": "bcycfh1xqn",
      "style": {
        "position": "absolute",
        "visible": true,
        "x": 20,
        "y": 200,
        "width": 259,
        "height": 38
      },
      "styleEx": {},
      "props": {
        "value": "",
        "options": [
          {
            "label": "年龄<12",
            "value": "value1"
          },
          {
            "label": "年龄≥12",
            "value": "value2"
          }
        ],
        "size": "small",
        "color": "secondary",
        "row": true
      },
      "propEx": {},
      "events": {},
      "visible": true,
      "locked": false,
      "full": false,
      "$id": "https://ridge-ui.com/schemas/element",
      "slots": []
    },
    {
      "title": "评分",
      "path": "ridge-material/rating",
      "id": "az2lyj51sn",
      "style": {
        "position": "absolute",
        "visible": true,
        "x": 490,
        "y": 44,
        "width": 153,
        "height": 24
      },
      "styleEx": {},
      "props": {
        "value": "3.5",
        "max": 5,
        "size": "medium",
        "half": true
      },
      "propEx": {
        "value": "StoreExample.state.step"
      },
      "events": {},
      "visible": true,
      "locked": false,
      "full": false,
      "$id": "https://ridge-ui.com/schemas/element",
      "slots": []
    },
    {
      "title": "文本框",
      "path": "ridge-material/textfield",
      "id": "trfxek2yx7",
      "style": {
        "position": "absolute",
        "visible": true,
        "x": 131,
        "y": 35,
        "width": 227,
        "height": 40
      },
      "styleEx": {},
      "props": {
        "label": "请输入",
        "variant": "outlined",
        "size": "small",
        "required": true,
        "readonly": false,
        "error": false,
        "value": "你好"
      },
      "propEx": {
        "value": "StoreExample.state.stringValue"
      },
      "events": {},
      "visible": true,
      "locked": false,
      "full": false,
      "$id": "https://ridge-ui.com/schemas/element",
      "slots": []
    },
    {
      "title": "切换",
      "path": "ridge-material/toggle",
      "id": "xk8v4yyh71",
      "style": {
        "position": "absolute",
        "visible": true,
        "x": 20,
        "y": 571,
        "width": 58,
        "height": 38
      },
      "styleEx": {},
      "props": {
        "size": "small",
        "color": "primary"
      },
      "propEx": {
        "value": "StoreExample.state.booleanToggle"
      },
      "events": {},
      "visible": true,
      "locked": false,
      "full": false,
      "$id": "https://ridge-ui.com/schemas/element",
      "slots": []
    },
    {
      "title": "进度条",
      "path": "ridge-material/progress",
      "id": "7vzlsz5oio",
      "style": {
        "position": "absolute",
        "visible": true,
        "x": 136,
        "y": 473,
        "width": 44,
        "height": 47
      },
      "styleEx": {},
      "props": {
        "circular": true,
        "determinate": true,
        "value": 35,
        "valueBuffer": 82,
        "color": "error",
        "withLabel": true
      },
      "propEx": {
        "circular": "StoreExample.state.numberValue",
        "value": "StoreExample.state.numberValue"
      },
      "events": {},
      "visible": true,
      "locked": false,
      "full": false,
      "$id": "https://ridge-ui.com/schemas/element",
      "slots": []
    },
    {
      "title": "滑块",
      "path": "ridge-material/slider",
      "id": "4b5mwnm6zz",
      "style": {
        "position": "absolute",
        "visible": true,
        "x": 212,
        "y": 436,
        "width": 27,
        "height": 79
      },
      "styleEx": {},
      "props": {
        "value": "45",
        "size": "medium",
        "color": "success",
        "orientation": "vertical"
      },
      "propEx": {
        "value": "StoreExample.state.numberValue"
      },
      "events": {},
      "visible": true,
      "locked": false,
      "full": false,
      "$id": "https://ridge-ui.com/schemas/element",
      "slots": []
    },
    {
      "title": "复选框_1",
      "path": "ridge-material/checkbox",
      "id": "g7kxjccb2w",
      "style": {
        "position": "absolute",
        "visible": true,
        "x": 20,
        "y": 257,
        "width": 288,
        "height": 46
      },
      "styleEx": {},
      "props": {
        "value": [],
        "options": [
          {
            "label": "我已阅读",
            "value": "value1"
          },
          {
            "label": "同意",
            "value": "value2"
          }
        ],
        "size": "small",
        "color": "primary",
        "direction": "horizontal",
        "type": "default",
        "row": true
      },
      "propEx": {},
      "events": {},
      "visible": true,
      "locked": false,
      "full": false,
      "$id": "https://ridge-ui.com/schemas/element",
      "slots": []
    },
    {
      "title": "进度条_1",
      "path": "ridge-material/progress",
      "id": "jp1a6m61hf",
      "style": {
        "position": "absolute",
        "visible": true,
        "x": 27,
        "y": 483,
        "width": 90,
        "height": 23
      },
      "styleEx": {},
      "props": {
        "circular": false,
        "determinate": true,
        "value": 26,
        "valueBuffer": 80,
        "color": "success",
        "withLabel": true
      },
      "propEx": {
        "circular": null,
        "value": "StoreExample.state.numberValue"
      },
      "events": {},
      "visible": true,
      "locked": false,
      "full": false,
      "$id": "https://ridge-ui.com/schemas/element",
      "slots": []
    },
    {
      "title": "分页器",
      "path": "ridge-material/pagination",
      "id": "le2r8im39m",
      "style": {
        "position": "absolute",
        "visible": true,
        "x": 485,
        "y": 241,
        "width": 361,
        "height": 38
      },
      "styleEx": {},
      "props": {
        "variant": "standard",
        "color": "secondary",
        "size": "medium",
        "value": 4,
        "count": 10
      },
      "propEx": {
        "value": "StoreExample.state.step"
      },
      "events": {},
      "visible": true,
      "locked": false,
      "full": false,
      "$id": "https://ridge-ui.com/schemas/element",
      "slots": []
    },
    {
      "title": "步骤条",
      "path": "ridge-material/stepper",
      "id": "6brp8uyaxp",
      "style": {
        "position": "absolute",
        "visible": true,
        "x": 484,
        "y": 316,
        "width": 509,
        "height": 48
      },
      "styleEx": {},
      "props": {
        "steps": [
          {
            "label": "Finished",
            "optional": false,
            "completed": true
          },
          {
            "label": "In Progress",
            "optional": "Are you OK",
            "completed": true
          },
          {
            "label": "Waiting",
            "optional": false,
            "completed": false
          }
        ],
        "vertical": false
      },
      "propEx": {
        "value": "StoreExample.state.step"
      },
      "events": {},
      "visible": true,
      "locked": false,
      "full": false,
      "$id": "https://ridge-ui.com/schemas/element",
      "slots": []
    },
    {
      "title": "层次导航",
      "path": "ridge-material/breadcrumbs",
      "id": "jcq1i0inl8",
      "style": {
        "position": "absolute",
        "visible": true,
        "x": 366,
        "y": 572,
        "width": 312,
        "height": 31
      },
      "styleEx": {},
      "props": {
        "value": "",
        "showLabels": true,
        "navs": [
          {
            "label": "首页",
            "value": "home",
            "icon": "home"
          },
          {
            "label": "我的收藏",
            "value": "favorite",
            "icon": "favorite"
          },
          {
            "label": "特别关注",
            "value": "message",
            "icon": "message"
          }
        ]
      },
      "propEx": {},
      "events": {},
      "visible": true,
      "locked": false,
      "full": false,
      "$id": "https://ridge-ui.com/schemas/element",
      "slots": []
    },
    {
      "title": "内容",
      "path": "ridge-material/typography",
      "id": "n77zua0ser",
      "style": {
        "position": "absolute",
        "visible": true,
        "x": 1036,
        "y": 25,
        "width": 255,
        "height": 62
      },
      "styleEx": {},
      "props": {
        "variant": "h3",
        "align": "left",
        "noWrap": true,
        "color": "#212529",
        "text": "标题3"
      },
      "propEx": {},
      "events": {},
      "visible": true,
      "locked": false,
      "full": false,
      "$id": "https://ridge-ui.com/schemas/element",
      "slots": []
    },
    {
      "title": "内容",
      "path": "ridge-material/typography",
      "id": "n4ejce26hq",
      "style": {
        "position": "absolute",
        "visible": true,
        "x": 1038,
        "y": 105,
        "width": 255,
        "height": 42
      },
      "styleEx": {},
      "props": {
        "variant": "h4",
        "align": "left",
        "noWrap": true,
        "color": "#212529",
        "text": "标题4"
      },
      "propEx": {},
      "events": {},
      "visible": true,
      "locked": false,
      "full": false,
      "$id": "https://ridge-ui.com/schemas/element",
      "slots": []
    },
    {
      "title": "内容",
      "path": "ridge-material/typography",
      "id": "2qnpgedsev",
      "style": {
        "position": "absolute",
        "visible": true,
        "x": 24,
        "y": 40,
        "width": 93,
        "height": 31
      },
      "styleEx": {},
      "props": {
        "variant": "subtitle1",
        "align": "left",
        "noWrap": true,
        "color": "#212529",
        "text": "请输入内容"
      },
      "propEx": {},
      "events": {},
      "visible": true,
      "locked": false,
      "full": false,
      "$id": "https://ridge-ui.com/schemas/element",
      "slots": []
    },
    {
      "title": "内容",
      "path": "ridge-material/typography",
      "id": "5x7dwm9wt6",
      "style": {
        "position": "absolute",
        "visible": true,
        "x": 1044,
        "y": 164,
        "width": 255,
        "height": 42
      },
      "styleEx": {},
      "props": {
        "variant": "subtitle2",
        "align": "left",
        "noWrap": true,
        "color": "#212529",
        "text": "子标题2"
      },
      "propEx": {},
      "events": {},
      "visible": true,
      "locked": false,
      "full": false,
      "$id": "https://ridge-ui.com/schemas/element",
      "slots": []
    },
    {
      "title": "内容",
      "path": "ridge-material/typography",
      "id": "yitsw081m2",
      "style": {
        "position": "absolute",
        "visible": true,
        "x": 136,
        "y": 96,
        "width": 111,
        "height": 28
      },
      "styleEx": {},
      "props": {
        "variant": "body1",
        "align": "right",
        "noWrap": true,
        "color": "#212529",
        "text": "正文内容"
      },
      "propEx": {
        "text": "StoreExample.state.stringValue"
      },
      "events": {},
      "visible": true,
      "locked": false,
      "full": false,
      "$id": "https://ridge-ui.com/schemas/element",
      "slots": []
    },
    {
      "title": "内容",
      "path": "ridge-material/typography",
      "id": "cj8yf5uw1f",
      "style": {
        "position": "absolute",
        "visible": true,
        "x": 1045,
        "y": 191,
        "width": 255,
        "height": 28
      },
      "styleEx": {},
      "props": {
        "variant": "caption",
        "align": "left",
        "noWrap": true,
        "color": "#212529",
        "text": "头部内容"
      },
      "propEx": {},
      "events": {},
      "visible": true,
      "locked": false,
      "full": false,
      "$id": "https://ridge-ui.com/schemas/element",
      "slots": []
    },
    {
      "title": "内容",
      "path": "ridge-material/typography",
      "id": "1knfxg9muc",
      "style": {
        "position": "absolute",
        "visible": true,
        "x": 1047,
        "y": 230,
        "width": 255,
        "height": 28
      },
      "styleEx": {},
      "props": {
        "variant": "button",
        "align": "left",
        "noWrap": true,
        "color": "#212529",
        "text": "按钮内容"
      },
      "propEx": {},
      "events": {},
      "visible": true,
      "locked": false,
      "full": false,
      "$id": "https://ridge-ui.com/schemas/element",
      "slots": []
    },
    {
      "title": "内容",
      "path": "ridge-material/typography",
      "id": "odwk9bir4h",
      "style": {
        "position": "absolute",
        "visible": true,
        "x": 1046,
        "y": 272,
        "width": 255,
        "height": 28
      },
      "styleEx": {},
      "props": {
        "variant": "body2",
        "align": "left",
        "noWrap": true,
        "color": "#EF2255",
        "text": "颜色的文本"
      },
      "propEx": {},
      "events": {},
      "visible": true,
      "locked": false,
      "full": false,
      "$id": "https://ridge-ui.com/schemas/element",
      "slots": []
    },
    {
      "title": "进度条",
      "path": "ridge-material/progress",
      "id": "f877v6h6g0",
      "style": {
        "position": "absolute",
        "visible": true,
        "x": 28,
        "y": 330,
        "width": 44,
        "height": 47
      },
      "styleEx": {},
      "props": {
        "circular": true,
        "determinate": false,
        "value": 35,
        "valueBuffer": 82,
        "color": "success",
        "withLabel": true
      },
      "propEx": {},
      "events": {},
      "visible": true,
      "locked": false,
      "full": false,
      "$id": "https://ridge-ui.com/schemas/element",
      "slots": []
    },
    {
      "title": "进度条",
      "path": "ridge-material/progress",
      "id": "t6x3zjt6ii",
      "style": {
        "position": "absolute",
        "visible": true,
        "x": 101,
        "y": 329,
        "width": 44,
        "height": 47
      },
      "styleEx": {},
      "props": {
        "circular": true,
        "determinate": false,
        "value": 35,
        "valueBuffer": 82,
        "color": "warning",
        "withLabel": true
      },
      "propEx": {},
      "events": {},
      "visible": true,
      "locked": false,
      "full": false,
      "$id": "https://ridge-ui.com/schemas/element",
      "slots": []
    },
    {
      "title": "菜单",
      "path": "ridge-material/menu",
      "id": "4ecdgdh7qg",
      "style": {
        "position": "absolute",
        "visible": true,
        "x": 1030,
        "y": 456,
        "width": 141,
        "height": 36
      },
      "styleEx": {},
      "props": {
        "text": "下拉选择",
        "options": [
          {
            "label": "选项1sdfd",
            "value": "value1"
          },
          {
            "label": "选项2",
            "value": "value2"
          }
        ],
        "color": "primary",
        "variant": "contained",
        "icon": "menu",
        "size": "large"
      },
      "propEx": {},
      "events": {},
      "visible": true,
      "locked": false,
      "full": false,
      "$id": "https://ridge-ui.com/schemas/element",
      "slots": []
    },
    {
      "title": "菜单",
      "path": "ridge-material/menu",
      "id": "c8xkbzwr35",
      "style": {
        "position": "absolute",
        "visible": true,
        "x": 1036,
        "y": 400,
        "width": 153,
        "height": 37
      },
      "styleEx": {},
      "props": {
        "options": [
          {
            "label": "选项1sdfd",
            "value": "value1"
          },
          {
            "label": "选项2",
            "value": "value2"
          }
        ],
        "color": "primary",
        "variant": "outlined",
        "icon": "arrow_drop_down_circle",
        "size": "small",
        "text": "下拉选择"
      },
      "propEx": {},
      "events": {},
      "visible": true,
      "locked": false,
      "full": false,
      "$id": "https://ridge-ui.com/schemas/element",
      "slots": []
    },
    {
      "title": "便捷通知",
      "path": "ridge-material/snackbar",
      "id": "rtylvr4a91",
      "style": {
        "position": "absolute",
        "visible": true,
        "x": 876,
        "y": 537,
        "width": 322,
        "height": 88
      },
      "styleEx": {},
      "props": {
        "value": true,
        "autoHideDuration": 6000,
        "message": "这是一条提示信息",
        "btnText": "关闭"
      },
      "propEx": {},
      "events": {},
      "visible": true,
      "locked": false,
      "full": false,
      "$id": "https://ridge-ui.com/schemas/element",
      "slots": []
    },
    {
      "title": "切换面板",
      "path": "ridge-material/tabs",
      "id": "0omgbioacg",
      "style": {
        "position": "absolute",
        "visible": true,
        "x": 700,
        "y": 537,
        "width": 326,
        "height": 64
      },
      "styleEx": {},
      "props": {
        "value": "discover",
        "tabs": [
          {
            "label": "发现音乐",
            "value": "discover",
            "icon": "music_video"
          },
          {
            "label": "排行榜",
            "value": "order",
            "icon": "sort",
            "disabled": true
          },
          {
            "label": "歌手",
            "value": "face",
            "icon": "face"
          }
        ],
        "color": "primary",
        "iconPosition": "top",
        "centered": false,
        "scrollable": true,
        "orientation": "horizontal"
      },
      "propEx": {},
      "events": {},
      "visible": true,
      "locked": false,
      "full": false,
      "$id": "https://ridge-ui.com/schemas/element",
      "slots": []
    },
    {
      "title": "切换面板",
      "path": "ridge-material/tabs",
      "id": "z06wme9gl8",
      "style": {
        "position": "absolute",
        "visible": true,
        "x": 700,
        "y": 475,
        "width": 266,
        "height": 52
      },
      "styleEx": {},
      "props": {
        "value": "discover",
        "tabs": [
          {
            "label": "发现音乐",
            "value": "discover"
          },
          {
            "label": "排行榜",
            "value": "order",
            "disabled": true
          },
          {
            "label": "歌手",
            "value": "face"
          }
        ],
        "color": "primary",
        "iconPosition": "start",
        "centered": false,
        "scrollable": false,
        "orientation": "horizontal"
      },
      "propEx": {},
      "events": {},
      "visible": true,
      "locked": false,
      "full": false,
      "$id": "https://ridge-ui.com/schemas/element",
      "slots": []
    },
    {
      "title": "分页器_1",
      "path": "ridge-material/pagination",
      "id": "mb53md1f1v",
      "style": {
        "position": "absolute",
        "visible": true,
        "x": 486,
        "y": 185,
        "width": 440,
        "height": 44
      },
      "styleEx": {},
      "props": {
        "count": 10,
        "variant": "outlined",
        "color": "success",
        "size": "medium",
        "value": 4
      },
      "propEx": {
        "value": "StoreExample.state.step"
      },
      "events": {},
      "visible": true,
      "locked": false,
      "full": false,
      "$id": "https://ridge-ui.com/schemas/element",
      "slots": []
    },
    {
      "title": "点导航",
      "path": "ridge-material/mobilestepper",
      "id": "el2qkm1do6",
      "style": {
        "position": "absolute",
        "visible": true,
        "x": 486,
        "y": 90,
        "width": 180,
        "height": 23
      },
      "styleEx": {},
      "props": {
        "steps": 5,
        "activeStep": 2,
        "variant": "dots"
      },
      "propEx": {
        "activeStep": "StoreExample.state.step",
        "value": "StoreExample.state.step"
      },
      "events": {},
      "visible": true,
      "locked": false,
      "full": false,
      "$id": "https://ridge-ui.com/schemas/element",
      "slots": []
    },
    {
      "title": "点导航",
      "path": "ridge-material/mobilestepper",
      "id": "zk0ujya2mj",
      "style": {
        "position": "absolute",
        "visible": true,
        "x": 485,
        "y": 126,
        "width": 180,
        "height": 23
      },
      "styleEx": {},
      "props": {
        "steps": 10,
        "activeStep": 2,
        "variant": "dots"
      },
      "propEx": {
        "activeStep": "StoreExample.state.step",
        "value": "StoreExample.state.step"
      },
      "events": {},
      "visible": true,
      "locked": false,
      "full": false,
      "$id": "https://ridge-ui.com/schemas/element",
      "slots": []
    },
    {
      "title": "图标按钮",
      "path": "ridge-material/iconbutton",
      "id": "ycdcmasnxq",
      "style": {
        "position": "absolute",
        "visible": true,
        "x": 938,
        "y": 173,
        "width": 34,
        "height": 34
      },
      "styleEx": {},
      "props": {
        "variant": "text",
        "color": "primary",
        "icon": "home",
        "size": "small",
        "disabled": false
      },
      "propEx": {},
      "events": {},
      "visible": true,
      "locked": false,
      "full": false,
      "$id": "https://ridge-ui.com/schemas/element",
      "slots": []
    },
    {
      "title": "图标按钮",
      "path": "ridge-material/iconbutton",
      "id": "9izrti0e1t",
      "style": {
        "position": "absolute",
        "visible": true,
        "x": 931,
        "y": 222,
        "width": 49,
        "height": 50
      },
      "styleEx": {},
      "props": {
        "variant": "text",
        "color": "secondary",
        "icon": "cable",
        "size": "large",
        "disabled": false
      },
      "propEx": {},
      "events": {},
      "visible": true,
      "locked": false,
      "full": false,
      "$id": "https://ridge-ui.com/schemas/element",
      "slots": []
    },
    {
      "title": "底部导航",
      "path": "ridge-material/bottomnav",
      "id": "s5hn4hvtjj",
      "style": {
        "position": "absolute",
        "visible": true,
        "x": 689,
        "y": 404,
        "width": 266,
        "height": 55
      },
      "styleEx": {},
      "props": {
        "value": "",
        "showLabels": true,
        "tabs": [
          {
            "label": "首页",
            "value": "home",
            "icon": "home"
          },
          {
            "label": "我的收藏",
            "value": "favorite",
            "icon": "favorite"
          },
          {
            "label": "消息",
            "value": "message",
            "icon": "message"
          }
        ]
      },
      "propEx": {},
      "events": {},
      "visible": true,
      "locked": false,
      "full": false,
      "$id": "https://ridge-ui.com/schemas/element",
      "slots": []
    },
    {
      "title": "Chip",
      "path": "ridge-material/chip",
      "id": "5n33u5o2hm",
      "style": {
        "position": "absolute",
        "visible": true,
        "x": 906,
        "y": 66,
        "width": 78,
        "height": 30
      },
      "styleEx": {},
      "props": {
        "label": "碎片",
        "color": "error",
        "avatar": "",
        "size": "small",
        "icon": "home",
        "clickable": false,
        "deletable": false,
        "variant": "outlined"
      },
      "propEx": {},
      "events": {},
      "visible": true,
      "locked": false,
      "full": false,
      "$id": "https://ridge-ui.com/schemas/element",
      "slots": []
    },
    {
      "title": "切换_1",
      "path": "ridge-material/toggle",
      "id": "q6eqqnyfsi",
      "style": {
        "position": "absolute",
        "visible": true,
        "x": 88,
        "y": 570,
        "width": 57,
        "height": 38
      },
      "styleEx": {},
      "props": {
        "size": "small",
        "color": "success",
        "value": "1"
      },
      "propEx": {
        "value": "StoreExample.state.booleanToggle"
      },
      "events": {},
      "visible": true,
      "locked": false,
      "full": false,
      "$id": "https://ridge-ui.com/schemas/element",
      "slots": []
    },
    {
      "title": "按钮_1",
      "path": "ridge-material/button",
      "id": "t6q135kwgf",
      "style": {
        "position": "absolute",
        "visible": true,
        "x": 20,
        "y": 91,
        "width": 112,
        "height": 30
      },
      "styleEx": {},
      "props": {
        "text": "确认",
        "variant": "contained",
        "color": "success",
        "size": "small",
        "disabled": false
      },
      "propEx": {
        "text": "StoreExample.state.stringValue"
      },
      "events": {},
      "visible": true,
      "locked": false,
      "full": false,
      "$id": "https://ridge-ui.com/schemas/element",
      "slots": []
    },
    {
      "title": "按钮_1",
      "path": "ridge-material/button",
      "id": "1pog669r5d",
      "style": {
        "position": "absolute",
        "visible": true,
        "x": 167,
        "y": 573,
        "width": 64,
        "height": 30
      },
      "styleEx": {},
      "props": {
        "text": "禁用",
        "variant": "contained",
        "color": "success",
        "size": "small",
        "disabled": true
      },
      "propEx": {
        "text": null,
        "disabled": "StoreExample.state.booleanToggle"
      },
      "events": {},
      "visible": true,
      "locked": false,
      "full": false,
      "$id": "https://ridge-ui.com/schemas/element",
      "slots": []
    },
    {
      "title": "进度条",
      "path": "ridge-material/progress",
      "id": "yotirrqv92",
      "style": {
        "position": "absolute",
        "visible": true,
        "x": 195,
        "y": 351,
        "width": 145,
        "height": 32
      },
      "styleEx": {},
      "props": {
        "circular": false,
        "determinate": false,
        "value": 35,
        "valueBuffer": 82,
        "color": "info",
        "withLabel": true
      },
      "propEx": {},
      "events": {},
      "visible": true,
      "locked": false,
      "full": false,
      "$id": "https://ridge-ui.com/schemas/element",
      "slots": []
    }
  ],
  "name": "MaterialUI",
  "children": [
    "husjs4y36y",
    "4gr7bityir",
    "bbnay0dtai",
    "461xku28jd",
    "lzg8ppk2x7",
    "dz8kneuy7o",
    "bcycfh1xqn",
    "az2lyj51sn",
    "trfxek2yx7",
    "xk8v4yyh71",
    "7vzlsz5oio",
    "4b5mwnm6zz",
    "isepqdko5b",
    "g7kxjccb2w",
    "jp1a6m61hf",
    "le2r8im39m",
    "6brp8uyaxp",
    "jcq1i0inl8",
    "n77zua0ser",
    "n4ejce26hq",
    "2qnpgedsev",
    "5x7dwm9wt6",
    "yitsw081m2",
    "cj8yf5uw1f",
    "1knfxg9muc",
    "odwk9bir4h",
    "f877v6h6g0",
    "t6x3zjt6ii",
    "4ecdgdh7qg",
    "c8xkbzwr35",
    "rtylvr4a91",
    "0omgbioacg",
    "z06wme9gl8",
    "mb53md1f1v",
    "el2qkm1do6",
    "zk0ujya2mj",
    "ycdcmasnxq",
    "9izrti0e1t",
    "s5hn4hvtjj",
    "5n33u5o2hm",
    "q6eqqnyfsi",
    "t6q135kwgf",
    "1pog669r5d",
    "yotirrqv92"
  ]
}