{
  "version": "1.2.0",
  "style": {
    "width": 1920,
    "height": 1080,
    "background": "",
    "classNames": []
  },
  "properties": {},
  "cssFiles": [],
  "jsFiles": [],
  "elements": [
    {
      "title": "下拉选择",
      "path": "ridge-modernize/select",
      "id": "0v7ceuo2kh",
      "style": {
        "position": "absolute",
        "visible": true,
        "x": 323,
        "y": 421,
        "width": 183,
        "height": 52
      },
      "styleEx": {},
      "props": {
        "value": "",
        "options": [
          {
            "label": "选项1",
            "value": "value1"
          },
          {
            "label": "选项2",
            "value": "value2"
          }
        ],
        "size": "form-control-normal",
        "disabled": false,
        "validState": ""
      },
      "propEx": {},
      "events": {},
      "visible": true,
      "locked": false,
      "full": false,
      "$id": "https://ridge-ui.com/schemas/element",
      "slots": []
    },
    {
      "title": "加载中",
      "path": "ridge-modernize/spniners",
      "id": "p6ig79iqfo",
      "style": {
        "position": "absolute",
        "visible": true,
        "x": 644,
        "y": 366,
        "width": 188,
        "height": 174
      },
      "styleEx": {},
      "props": {
        "message": "请等待...",
        "target": "",
        "styleClassList": []
      },
      "propEx": {},
      "events": {},
      "visible": true,
      "locked": false,
      "full": false,
      "$id": "https://ridge-ui.com/schemas/element",
      "slots": []
    },
    {
      "title": "切换",
      "path": "ridge-modernize/switcher",
      "id": "eduowns0bo",
      "style": {
        "position": "absolute",
        "visible": true,
        "x": 337,
        "y": 683,
        "width": 139,
        "height": 66
      },
      "styleEx": {},
      "props": {
        "value": false,
        "text": "切换",
        "color": "danger"
      },
      "propEx": {},
      "events": {},
      "visible": true,
      "locked": false,
      "full": false,
      "$id": "https://ridge-ui.com/schemas/element",
      "slots": []
    },
    {
      "title": "页签",
      "path": "ridge-modernize/tabs",
      "id": "zgudfi96qs",
      "style": {
        "position": "absolute",
        "visible": true,
        "x": 533,
        "y": 598,
        "width": 359,
        "height": 40
      },
      "styleEx": {},
      "props": {
        "tabs": [
          {
            "label": "选项1",
            "value": "value1"
          },
          {
            "label": "选项2",
            "value": "value2"
          }
        ],
        "style": "nav-underline",
        "template": "",
        "children": [],
        "value": "value1"
      },
      "propEx": {},
      "events": {},
      "visible": true,
      "locked": false,
      "full": false,
      "$id": "https://ridge-ui.com/schemas/element",
      "slots": []
    },
    {
      "title": "单行输入",
      "path": "ridge-modernize/input",
      "id": "71sdhb6fqx",
      "style": {
        "position": "absolute",
        "visible": true,
        "x": 730,
        "y": 327,
        "width": 265,
        "height": 38
      },
      "styleEx": {},
      "props": {
        "value": "dadsf ",
        "placeholder": "文本233234",
        "disabled": false,
        "size": "lg",
        "type": "text",
        "classList": [],
        "validState": false
      },
      "propEx": {},
      "events": {},
      "visible": true,
      "locked": false,
      "full": false,
      "$id": "https://ridge-ui.com/schemas/element",
      "slots": []
    }
  ],
  "name": "Modernize",
  "children": [
    "0v7ceuo2kh",
    "p6ig79iqfo",
    "eduowns0bo",
    "zgudfi96qs",
    "71sdhb6fqx"
  ]
}