{
  "version": "1.2.0",
  "style": {
    "width": 1920,
    "height": 1080,
    "background": "",
    "classNames": []
  },
  "properties": {},
  "cssFiles": [],
  "jsFiles": [],
  "elements": [
    {
      "title": "头像",
      "path": "monitoring-x1/progress2",
      "id": "62u5v71yby",
      "style": {
        "position": "absolute",
        "visible": true,
        "x": 54,
        "y": 38,
        "width": 275,
        "height": 92
      },
      "styleEx": {},
      "props": {
        "color": "#ec008c8f",
        "faceColor": "#f7f0f061",
        "fontSize": 10,
        "width": 60
      },
      "propEx": {},
      "events": {},
      "visible": true,
      "locked": false,
      "full": false,
      "$id": "https://ridge-ui.com/schemas/element",
      "slots": []
    },
    {
      "title": "Range",
      "path": "monitoring-x1/progress1",
      "id": "vtnzp091pv",
      "style": {
        "position": "absolute",
        "visible": true,
        "x": 55,
        "y": 177,
        "width": 317,
        "height": 29
      },
      "styleEx": {},
      "props": {
        "color": "#e4f03a",
        "percent": 33
      },
      "propEx": {},
      "events": {},
      "visible": true,
      "locked": false,
      "full": false,
      "$id": "https://ridge-ui.com/schemas/element",
      "slots": []
    },
    {
      "title": "头像_2",
      "path": "monitoring-x1/tubeprogress",
      "id": "dvq5hv8bbj",
      "style": {
        "position": "absolute",
        "visible": true,
        "x": 74,
        "y": 335,
        "width": 234,
        "height": 33
      },
      "styleEx": {},
      "props": {
        "color": "#16f230cc",
        "faceColor": "#c263634f",
        "width": 32,
        "fontSize": 10,
        "grid": 10,
        "percent": 29
      },
      "propEx": {},
      "events": {},
      "visible": true,
      "locked": false,
      "full": false,
      "$id": "https://ridge-ui.com/schemas/element",
      "slots": []
    },
    {
      "title": "矩形",
      "path": "ridge-bootstrap/div",
      "id": "tqochididk",
      "style": {
        "position": "absolute",
        "visible": true,
        "x": 723,
        "y": 549,
        "width": 1505,
        "height": 1014
      },
      "styleEx": {},
      "props": {
        "text": "文本",
        "mask": "",
        "bgcolor": "#08243b",
        "classList": []
      },
      "propEx": {},
      "events": {},
      "visible": true,
      "locked": false,
      "full": false,
      "$id": "https://ridge-ui.com/schemas/element",
      "slots": []
    },
    {
      "title": "Range_1",
      "path": "monitoring-x1/progress1",
      "id": "i3cjqt8738",
      "style": {
        "position": "absolute",
        "visible": true,
        "x": 73,
        "y": 260,
        "width": 317,
        "height": 29
      },
      "styleEx": {},
      "props": {
        "color": "#74fca8",
        "percent": 30
      },
      "propEx": {},
      "events": {},
      "visible": true,
      "locked": false,
      "full": false,
      "$id": "https://ridge-ui.com/schemas/element",
      "slots": []
    },
    {
      "title": "头像_1",
      "path": "monitoring-x1/progress2",
      "id": "moh433zuxd",
      "style": {
        "position": "absolute",
        "visible": true,
        "x": 73,
        "y": 397,
        "width": 171,
        "height": 89
      },
      "styleEx": {},
      "props": {
        "color": "#35f23c70",
        "faceColor": "#4241411c",
        "width": 43,
        "fontSize": 10
      },
      "propEx": {},
      "events": {},
      "visible": true,
      "locked": false,
      "full": false,
      "$id": "https://ridge-ui.com/schemas/element",
      "slots": []
    }
  ],
  "name": "MonitoringX1",
  "children": [
    "tqochididk",
    "62u5v71yby",
    "vtnzp091pv",
    "dvq5hv8bbj",
    "i3cjqt8738",
    "moh433zuxd"
  ]
}