{
  "version": "1.2.0",
  "style": {
    "width": 1920,
    "height": 1080,
    "background": "",
    "classNames": []
  },
  "properties": {},
  "cssFiles": [],
  "jsFiles": [],
  "elements": [
    {
      "title": "文本",
      "path": "ridge-bootstrap/typography",
      "id": "7f9223mo66",
      "style": {
        "position": "absolute",
        "visible": true,
        "x": 537,
        "y": 163,
        "width": 332,
        "height": 199
      },
      "styleEx": {},
      "props": {
        "classList": [
          "ridge-bootstrap/fs-1",
          "ridge-bootstrap/bg-success",
          "ridge-bootstrap/text-white",
          "ridge-bootstrap/border-warning",
          "ridge-bootstrap/text-center",
          "ridge-bootstrap/lh-lg",
          "ridge-bootstrap/rounded-1"
        ]
      },
      "propEx": {},
      "events": {},
      "visible": true,
      "locked": false,
      "full": false,
      "$id": "https://ridge-ui.com/schemas/element",
      "slots": []
    },
    {
      "title": "文本",
      "path": "ridge-bootstrap/typography",
      "id": "ac3hiqlcs2",
      "style": {
        "position": "absolute",
        "visible": true,
        "x": 478,
        "y": 193,
        "width": 85,
        "height": 33
      },
      "styleEx": {},
      "props": {
        "classList": [
          "ridge-bootstrap/hover:rounded-4",
          "ridge-bootstrap/text-center",
          "ridge-bootstrap/lh-lg",
          "ridge-bootstrap/bg-warning",
          "ridge-bootstrap/text-white"
        ],
        "text": "属性1"
      },
      "propEx": {},
      "events": {},
      "visible": true,
      "locked": false,
      "full": false,
      "$id": "https://ridge-ui.com/schemas/element",
      "slots": []
    },
    {
      "title": "文本",
      "path": "ridge-bootstrap/typography",
      "id": "royzbcy7jc",
      "style": {
        "position": "absolute",
        "visible": true,
        "x": 478,
        "y": 241,
        "width": 85,
        "height": 33
      },
      "styleEx": {},
      "props": {
        "classList": [
          "ridge-bootstrap/hover:rounded-4",
          "ridge-bootstrap/text-center",
          "ridge-bootstrap/lh-lg",
          "ridge-bootstrap/bg-warning",
          "ridge-bootstrap/text-white"
        ],
        "text": "属性2"
      },
      "propEx": {},
      "events": {},
      "visible": true,
      "locked": false,
      "full": false,
      "$id": "https://ridge-ui.com/schemas/element",
      "slots": []
    },
    {
      "title": "文本",
      "path": "ridge-bootstrap/typography",
      "id": "eiy61x28hu",
      "style": {
        "position": "absolute",
        "visible": true,
        "x": 826,
        "y": 192,
        "width": 85,
        "height": 33
      },
      "styleEx": {},
      "props": {
        "classList": [
          "ridge-bootstrap/hover:rounded-4",
          "ridge-bootstrap/text-center",
          "ridge-bootstrap/lh-lg",
          "ridge-bootstrap/text-white",
          "ridge-bootstrap/bg-primary"
        ],
        "text": "事件"
      },
      "propEx": {},
      "events": {},
      "visible": true,
      "locked": false,
      "full": false,
      "$id": "https://ridge-ui.com/schemas/element",
      "slots": []
    },
    {
      "title": "文本",
      "path": "ridge-bootstrap/typography",
      "id": "htpl8g6sk4",
      "style": {
        "position": "absolute",
        "visible": true,
        "x": 478,
        "y": 305,
        "width": 85,
        "height": 33
      },
      "styleEx": {},
      "props": {
        "classList": [
          "ridge-bootstrap/hover:rounded-4",
          "ridge-bootstrap/text-center",
          "ridge-bootstrap/lh-lg",
          "ridge-bootstrap/text-white",
          "ridge-bootstrap/bg-info"
        ],
        "text": "方法"
      },
      "propEx": {},
      "events": {},
      "visible": true,
      "locked": false,
      "full": false,
      "$id": "https://ridge-ui.com/schemas/element",
      "slots": []
    },
    {
      "title": "文本",
      "path": "ridge-bootstrap/typography",
      "id": "7d97irmtoj",
      "style": {
        "position": "absolute",
        "visible": true,
        "x": 537,
        "y": 405,
        "width": 332,
        "height": 75
      },
      "styleEx": {},
      "props": {
        "classList": [
          "ridge-bootstrap/fs-1",
          "ridge-bootstrap/text-white",
          "ridge-bootstrap/border",
          "ridge-bootstrap/text-center",
          "ridge-bootstrap/lh-lg",
          "ridge-bootstrap/bg-primary-subtle"
        ]
      },
      "propEx": {},
      "events": {},
      "visible": true,
      "locked": false,
      "full": false,
      "$id": "https://ridge-ui.com/schemas/element",
      "slots": []
    },
    {
      "title": "按钮_2",
      "path": "ridge-flowbite/button",
      "id": "s0ma4bslhw",
      "style": {
        "position": "absolute",
        "visible": true,
        "x": 1251,
        "y": 798,
        "width": 133,
        "height": 38
      },
      "styleEx": {},
      "props": {
        "name": "内容"
      },
      "propEx": {},
      "events": {},
      "visible": true,
      "locked": false,
      "full": false,
      "$id": "https://ridge-ui.com/schemas/element",
      "slots": []
    },
    {
      "title": "按钮",
      "path": "ridge-flowbite/button",
      "id": "3mfy3pkw18",
      "style": {
        "position": "absolute",
        "visible": true,
        "x": 112,
        "y": 778,
        "width": 202,
        "height": 39
      },
      "styleEx": {},
      "props": {
        "name": "内容"
      },
      "propEx": {},
      "events": {},
      "visible": true,
      "locked": false,
      "full": false,
      "$id": "https://ridge-ui.com/schemas/element",
      "slots": []
    },
    {
      "title": "按钮_1",
      "path": "ridge-atlassian/button",
      "id": "1cicya16qz",
      "style": {
        "position": "absolute",
        "visible": true,
        "x": 508,
        "y": 757,
        "width": 104,
        "height": 36
      },
      "styleEx": {},
      "props": {
        "test": "内容te"
      },
      "propEx": {},
      "events": {},
      "visible": true,
      "locked": false,
      "full": false,
      "$id": "https://ridge-ui.com/schemas/element",
      "slots": []
    }
  ],
  "name": "RidgeComponent",
  "children": [
    "7f9223mo66",
    "ac3hiqlcs2",
    "royzbcy7jc",
    "eiy61x28hu",
    "htpl8g6sk4",
    "7d97irmtoj",
    "s0ma4bslhw",
    "3mfy3pkw18",
    "1cicya16qz"
  ]
}