{
  "version": "1.2.0",
  "style": {
    "width": 1200,
    "height": 632,
    "background": "",
    "classNames": [],
    "heightFix": true,
    "widthFix": true
  },
  "properties": {},
  "cssFiles": [],
  "jsFiles": [
    "/demo/value.store.js"
  ],
  "elements": [
    {
      "title": "按钮",
      "path": "ridge-semi/button",
      "id": "vgeqrkm3js",
      "style": {
        "position": "absolute",
        "visible": true,
        "x": 106.00003974382265,
        "y": 89.99999290288879,
        "width": 54,
        "height": 31.999987225199845
      },
      "styleEx": {},
      "props": {
        "text": "按钮",
        "type": "default",
        "size": "default",
        "theme": "light",
        "disabled": false,
        "loading": false
      },
      "propEx": {},
      "events": {},
      "visible": true,
      "locked": false,
      "full": false,
      "$id": "https://ridge-ui.com/schemas/element",
      "slots": []
    },
    {
      "title": "弹性容器",
      "path": "ridge-container/flex",
      "id": "dlpdvs4jyq",
      "style": {
        "position": "absolute",
        "visible": true,
        "x": 31,
        "y": 29,
        "width": 261,
        "height": 56
      },
      "styleEx": {},
      "props": {
        "direction": "row",
        "justify": "flex-start",
        "alignItems": "flex-start",
        "children": [
          "xl34iu9dev",
          "vgeqrkm3js",
          "zh2h7y0bzd",
          "5gy268euzl"
        ],
        "gap": 8,
        "padding": 8,
        "classList": []
      },
      "propEx": {},
      "events": {},
      "visible": true,
      "locked": false,
      "full": false,
      "$id": "https://ridge-ui.com/schemas/element",
      "slots": []
    },
    {
      "title": "按钮_1",
      "path": "ridge-semi/button",
      "id": "xl34iu9dev",
      "style": {
        "position": "absolute",
        "visible": true,
        "x": 218,
        "y": 95,
        "width": 54,
        "height": 32
      },
      "styleEx": {},
      "props": {
        "text": "按钮",
        "type": "primary",
        "size": "default",
        "theme": "light",
        "disabled": false,
        "loading": false
      },
      "propEx": {},
      "events": {},
      "visible": true,
      "locked": false,
      "full": false,
      "$id": "https://ridge-ui.com/schemas/element",
      "slots": []
    },
    {
      "title": "按钮_2",
      "path": "ridge-semi/button",
      "id": "zh2h7y0bzd",
      "style": {
        "position": "absolute",
        "visible": true,
        "x": 204,
        "y": 86,
        "width": 54,
        "height": 32
      },
      "styleEx": {},
      "props": {
        "text": "按钮",
        "type": "warning",
        "size": "default",
        "theme": "light",
        "disabled": false,
        "loading": false
      },
      "propEx": {},
      "events": {},
      "visible": true,
      "locked": false,
      "full": false,
      "$id": "https://ridge-ui.com/schemas/element",
      "slots": []
    },
    {
      "title": "按钮_3",
      "path": "ridge-semi/button",
      "id": "5gy268euzl",
      "style": {
        "position": "absolute",
        "visible": true,
        "x": 274,
        "y": 90,
        "width": 54,
        "height": 32
      },
      "styleEx": {},
      "props": {
        "text": "按钮",
        "type": "danger",
        "size": "default",
        "theme": "light",
        "disabled": false,
        "loading": false
      },
      "propEx": {},
      "events": {},
      "visible": true,
      "locked": false,
      "full": false,
      "$id": "https://ridge-ui.com/schemas/element",
      "slots": []
    },
    {
      "title": "按钮_1",
      "path": "ridge-semi/button",
      "id": "2pfhjlegyd",
      "style": {
        "position": "absolute",
        "visible": true,
        "x": 0,
        "y": 0,
        "width": 77,
        "height": 32
      },
      "styleEx": {},
      "props": {
        "text": "按钮",
        "type": "primary",
        "size": "default",
        "theme": "solid",
        "disabled": false,
        "loading": false,
        "icon": "IconAlignRight"
      },
      "propEx": {},
      "events": {},
      "visible": true,
      "locked": false,
      "full": false,
      "$id": "https://ridge-ui.com/schemas/element",
      "slots": []
    },
    {
      "title": "按钮",
      "path": "ridge-semi/button",
      "id": "4dznaujr4p",
      "style": {
        "position": "absolute",
        "visible": true,
        "x": 0,
        "y": -0.3432,
        "width": 76,
        "height": 32
      },
      "styleEx": {},
      "props": {
        "text": "按钮",
        "type": "default",
        "size": "default",
        "theme": "light",
        "disabled": false,
        "loading": true
      },
      "propEx": {},
      "events": {},
      "visible": true,
      "locked": false,
      "full": false,
      "$id": "https://ridge-ui.com/schemas/element",
      "slots": []
    },
    {
      "title": "按钮_2",
      "path": "ridge-semi/button",
      "id": "c9c3ynlkml",
      "style": {
        "position": "absolute",
        "visible": true,
        "x": 204,
        "y": 86,
        "width": 54,
        "height": 32
      },
      "styleEx": {},
      "props": {
        "text": "按钮",
        "type": "warning",
        "size": "default",
        "theme": "light",
        "disabled": true,
        "loading": false
      },
      "propEx": {},
      "events": {},
      "visible": true,
      "locked": false,
      "full": false,
      "$id": "https://ridge-ui.com/schemas/element",
      "slots": []
    },
    {
      "title": "按钮_3",
      "path": "ridge-semi/button",
      "id": "2pbfn581cz",
      "style": {
        "position": "absolute",
        "visible": true,
        "x": 0,
        "y": 0,
        "width": 41,
        "height": 41
      },
      "styleEx": {},
      "props": {
        "type": "success",
        "size": "large",
        "theme": "solid",
        "disabled": false,
        "loading": false,
        "icon": "IconCalendar"
      },
      "propEx": {},
      "events": {},
      "visible": true,
      "locked": false,
      "full": false,
      "$id": "https://ridge-ui.com/schemas/element",
      "slots": []
    },
    {
      "title": "弹性容器",
      "path": "ridge-container/flex",
      "id": "v114qf4b4l",
      "style": {
        "position": "absolute",
        "visible": true,
        "x": 37,
        "y": 85,
        "width": 301,
        "height": 63
      },
      "styleEx": {},
      "props": {
        "direction": "row",
        "justify": "flex-start",
        "alignItems": "flex-start",
        "children": [
          "2pfhjlegyd",
          "c9c3ynlkml",
          "4dznaujr4p",
          "2pbfn581cz"
        ],
        "gap": 8,
        "padding": 8,
        "classList": []
      },
      "propEx": {},
      "events": {},
      "visible": true,
      "locked": false,
      "full": false,
      "$id": "https://ridge-ui.com/schemas/element",
      "slots": []
    },
    {
      "title": "图标",
      "path": "ridge-semi/icon",
      "id": "yp5krgmo4m",
      "style": {
        "position": "absolute",
        "visible": true,
        "x": 46,
        "y": 443,
        "width": 31,
        "height": 30
      },
      "styleEx": {},
      "props": {
        "icon": "IconApps",
        "classList": []
      },
      "propEx": {},
      "events": {},
      "visible": true,
      "locked": false,
      "full": false,
      "$id": "https://ridge-ui.com/schemas/element",
      "slots": []
    },
    {
      "title": "图标_1",
      "path": "ridge-semi/icon",
      "id": "9o2q16ks81",
      "style": {
        "position": "absolute",
        "visible": true,
        "x": 89,
        "y": 444,
        "width": 32,
        "height": 29
      },
      "styleEx": {},
      "props": {
        "icon": "IconBookOpenStroked",
        "classList": []
      },
      "propEx": {},
      "events": {},
      "visible": true,
      "locked": false,
      "full": false,
      "$id": "https://ridge-ui.com/schemas/element",
      "slots": []
    },
    {
      "title": "图标_2",
      "path": "ridge-semi/icon",
      "id": "joioskhsf5",
      "style": {
        "position": "absolute",
        "visible": true,
        "x": 133,
        "y": 444,
        "width": 26,
        "height": 29
      },
      "styleEx": {},
      "props": {
        "icon": "IconCheckCircleStroked",
        "classList": []
      },
      "propEx": {},
      "events": {},
      "visible": true,
      "locked": false,
      "full": false,
      "$id": "https://ridge-ui.com/schemas/element",
      "slots": []
    },
    {
      "title": "图标_3",
      "path": "ridge-semi/icon",
      "id": "jgollbphbu",
      "style": {
        "position": "absolute",
        "visible": true,
        "x": 175,
        "y": 443,
        "width": 30,
        "height": 28
      },
      "styleEx": {},
      "props": {
        "icon": "IconMark",
        "classList": []
      },
      "propEx": {},
      "events": {},
      "visible": true,
      "locked": false,
      "full": false,
      "$id": "https://ridge-ui.com/schemas/element",
      "slots": []
    },
    {
      "title": "图标",
      "path": "ridge-semi/icon",
      "id": "06hntoc3qa",
      "style": {
        "position": "absolute",
        "visible": true,
        "x": 46,
        "y": 487,
        "width": 31,
        "height": 30
      },
      "styleEx": {},
      "props": {
        "icon": "IconApps",
        "classList": [
          "ridge-bootstrap/text-primary"
        ]
      },
      "propEx": {},
      "events": {},
      "visible": true,
      "locked": false,
      "full": false,
      "$id": "https://ridge-ui.com/schemas/element",
      "slots": []
    },
    {
      "title": "图标_1",
      "path": "ridge-semi/icon",
      "id": "hj8c0c206d",
      "style": {
        "position": "absolute",
        "visible": true,
        "x": 89,
        "y": 487,
        "width": 32,
        "height": 29
      },
      "styleEx": {},
      "props": {
        "icon": "IconBookOpenStroked",
        "classList": [
          "ridge-bootstrap/text-success"
        ]
      },
      "propEx": {},
      "events": {},
      "visible": true,
      "locked": false,
      "full": false,
      "$id": "https://ridge-ui.com/schemas/element",
      "slots": []
    },
    {
      "title": "图标_2",
      "path": "ridge-semi/icon",
      "id": "kwv3266hy5",
      "style": {
        "position": "absolute",
        "visible": true,
        "x": 132,
        "y": 486,
        "width": 26,
        "height": 29
      },
      "styleEx": {},
      "props": {
        "icon": "IconCheckCircleStroked",
        "classList": [
          "ridge-bootstrap/text-danger"
        ]
      },
      "propEx": {},
      "events": {},
      "visible": true,
      "locked": false,
      "full": false,
      "$id": "https://ridge-ui.com/schemas/element",
      "slots": []
    },
    {
      "title": "图标_3",
      "path": "ridge-semi/icon",
      "id": "2aca9xs43e",
      "style": {
        "position": "absolute",
        "visible": true,
        "x": 174,
        "y": 486,
        "width": 30,
        "height": 28
      },
      "styleEx": {},
      "props": {
        "icon": "IconMark",
        "classList": [
          "ridge-bootstrap/text-warning",
          "ridge-bootstrap/fs-2"
        ]
      },
      "propEx": {},
      "events": {},
      "visible": true,
      "locked": false,
      "full": false,
      "$id": "https://ridge-ui.com/schemas/element",
      "slots": []
    },
    {
      "title": "文本_1",
      "path": "ridge-semi/text",
      "id": "zmjabzc7t4",
      "style": {
        "position": "absolute",
        "visible": true,
        "x": 0,
        "y": 0,
        "width": 168,
        "height": 20
      },
      "styleEx": {},
      "props": {
        "text": "Semi Design 是由抖音前端团队与 UED 团队共同设计开发并维护的设计系统。设计系统包含设计语言以及一整套可复用的前端组件，帮助设计师与开发者更容易地打造高质量的、用户体验一致的、符合设计规范的 Web 应用。",
        "size": "normal",
        "copyable": false,
        "ellipsis": true,
        "type": "danger",
        "classList": []
      },
      "propEx": {},
      "events": {},
      "visible": true,
      "locked": false,
      "full": false,
      "$id": "https://ridge-ui.com/schemas/element",
      "slots": []
    },
    {
      "title": "文本_2",
      "path": "ridge-semi/text",
      "id": "5ywniz4uj5",
      "style": {
        "position": "absolute",
        "visible": true,
        "x": 115.99999886971932,
        "y": 322.0000090422453,
        "width": 100.00002825701678,
        "height": 27
      },
      "styleEx": {},
      "props": {
        "text": "Secondary",
        "size": "normal",
        "copyable": false,
        "ellipsis": false,
        "type": "default",
        "classList": []
      },
      "propEx": {},
      "events": {},
      "visible": true,
      "locked": false,
      "full": false,
      "$id": "https://ridge-ui.com/schemas/element",
      "slots": []
    },
    {
      "title": "弹性容器_1",
      "path": "ridge-container/flex",
      "id": "hgwoac847o",
      "style": {
        "position": "absolute",
        "visible": true,
        "x": 39,
        "y": 148,
        "width": 185,
        "height": 274
      },
      "styleEx": {},
      "props": {
        "direction": "column",
        "justify": "flex-start",
        "alignItems": "flex-start",
        "children": [
          "52s986se6d",
          "5ywniz4uj5",
          "fx8jlpjg70",
          "x0qdwr3u7k",
          "qurz2wr0pc",
          "7faehwwarh",
          "zmjabzc7t4"
        ],
        "gap": 8,
        "padding": 8,
        "classList": []
      },
      "propEx": {},
      "events": {},
      "visible": true,
      "locked": false,
      "full": false,
      "$id": "https://ridge-ui.com/schemas/element",
      "slots": []
    },
    {
      "title": "文本_3",
      "path": "ridge-semi/text",
      "id": "fx8jlpjg70",
      "style": {
        "position": "absolute",
        "visible": true,
        "x": 0,
        "y": 0,
        "width": 162,
        "height": 29
      },
      "styleEx": {},
      "props": {
        "text": "tertiary",
        "size": "normal",
        "copyable": false,
        "ellipsis": false,
        "type": "tertiary",
        "classList": []
      },
      "propEx": {},
      "events": {},
      "visible": true,
      "locked": false,
      "full": false,
      "$id": "https://ridge-ui.com/schemas/element",
      "slots": []
    },
    {
      "title": "文本_4",
      "path": "ridge-semi/text",
      "id": "x0qdwr3u7k",
      "style": {
        "position": "absolute",
        "visible": true,
        "x": 0,
        "y": 0,
        "width": 157,
        "height": 38
      },
      "styleEx": {},
      "props": {
        "text": "quaternary",
        "size": "normal",
        "copyable": false,
        "ellipsis": false,
        "type": "quaternary",
        "classList": []
      },
      "propEx": {},
      "events": {},
      "visible": true,
      "locked": false,
      "full": false,
      "$id": "https://ridge-ui.com/schemas/element",
      "slots": []
    },
    {
      "title": "文本",
      "path": "ridge-semi/text",
      "id": "52s986se6d",
      "style": {
        "position": "absolute",
        "visible": true,
        "x": 0,
        "y": 0,
        "width": 134,
        "height": 25
      },
      "styleEx": {},
      "props": {
        "text": "Primary",
        "size": "small",
        "copyable": false,
        "ellipsis": true,
        "type": "primary",
        "classList": []
      },
      "propEx": {},
      "events": {},
      "visible": true,
      "locked": false,
      "full": false,
      "$id": "https://ridge-ui.com/schemas/element",
      "slots": []
    },
    {
      "title": "文本_5",
      "path": "ridge-semi/text",
      "id": "qurz2wr0pc",
      "style": {
        "position": "absolute",
        "visible": true,
        "x": 0,
        "y": 0,
        "width": 119,
        "height": 26
      },
      "styleEx": {},
      "props": {
        "text": "Success ",
        "size": "normal",
        "copyable": false,
        "ellipsis": true,
        "type": "success",
        "classList": []
      },
      "propEx": {},
      "events": {},
      "visible": true,
      "locked": false,
      "full": false,
      "$id": "https://ridge-ui.com/schemas/element",
      "slots": []
    },
    {
      "title": "文本_6",
      "path": "ridge-semi/text",
      "id": "7faehwwarh",
      "style": {
        "position": "absolute",
        "visible": true,
        "x": 0,
        "y": 0,
        "width": 150,
        "height": 32
      },
      "styleEx": {},
      "props": {
        "text": "Danger",
        "size": "normal",
        "copyable": false,
        "ellipsis": false,
        "type": "primary",
        "classList": []
      },
      "propEx": {},
      "events": {},
      "visible": true,
      "locked": false,
      "full": false,
      "$id": "https://ridge-ui.com/schemas/element",
      "slots": []
    },
    {
      "title": "自动完成",
      "path": "ridge-semi/autoComplete",
      "id": "jw16rdbqzp",
      "style": {
        "position": "absolute",
        "visible": true,
        "x": 370,
        "y": 41,
        "width": 203,
        "height": 31
      },
      "styleEx": {},
      "props": {
        "value": "",
        "data": [
          "你好",
          "吃了么"
        ],
        "size": "default",
        "placeholder": "请输入查询条件....",
        "loading": true,
        "icon": "IconAlignHCenterStroked"
      },
      "propEx": {
        "value": "StoreExample.state.stringValue"
      },
      "events": {},
      "visible": true,
      "locked": false,
      "full": false,
      "$id": "https://ridge-ui.com/schemas/element",
      "slots": []
    },
    {
      "title": "日期选择",
      "path": "ridge-semi/datepicker",
      "id": "frrdtogphl",
      "style": {
        "position": "absolute",
        "visible": true,
        "x": 370,
        "y": 95,
        "width": 216,
        "height": 31
      },
      "styleEx": {},
      "props": {
        "value": "",
        "size": "default",
        "type": "dateRange"
      },
      "propEx": {},
      "events": {},
      "visible": true,
      "locked": false,
      "full": false,
      "$id": "https://ridge-ui.com/schemas/element",
      "slots": []
    },
    {
      "title": "输入框",
      "path": "ridge-semi/input",
      "id": "jr1cehtyfk",
      "style": {
        "position": "absolute",
        "visible": true,
        "x": 370,
        "y": 149,
        "width": 204,
        "height": 36
      },
      "styleEx": {},
      "props": {
        "size": "default",
        "showClear": false,
        "validateStatus": "error",
        "icon": "IconAlertCircle",
        "value": "错误的输入"
      },
      "propEx": {
        "value": "StoreExample.state.stringValue"
      },
      "events": {},
      "visible": true,
      "locked": false,
      "full": false,
      "$id": "https://ridge-ui.com/schemas/element",
      "slots": []
    },
    {
      "title": "级联选择",
      "path": "ridge-semi/cascader",
      "id": "h71ne7lb8q",
      "style": {
        "position": "absolute",
        "visible": true,
        "x": 379,
        "y": 551,
        "width": 208,
        "height": 32
      },
      "styleEx": {},
      "props": {
        "value": "",
        "treeData": [
          {
            "label": "浙江省",
            "value": "zhejiang",
            "children": [
              {
                "label": "杭州市",
                "value": "hangzhou",
                "children": [
                  {
                    "label": "西湖区",
                    "value": "xihu"
                  },
                  {
                    "label": "萧山区",
                    "value": "xiaoshan"
                  }
                ]
              },
              {
                "label": "宁波市",
                "value": "ningbo"
              }
            ]
          }
        ],
        "filterTreeNode": true,
        "multiple": true,
        "disabled": false,
        "maxTagCount": 4,
        "size": "default",
        "separator": "/",
        "placeholder": "请选择..."
      },
      "propEx": {
        "value": "StoreExample.state.array"
      },
      "events": {},
      "visible": true,
      "locked": false,
      "full": false,
      "$id": "https://ridge-ui.com/schemas/element",
      "slots": []
    },
    {
      "title": "多行输入",
      "path": "ridge-semi/textarea",
      "id": "7ekapjbsgh",
      "style": {
        "position": "absolute",
        "visible": true,
        "x": 370,
        "y": 244,
        "width": 204,
        "height": 80
      },
      "styleEx": {},
      "props": {
        "value": "dfdfdsafdsafdsafdfadsfsa",
        "validateStatus": "default",
        "maxCount": 6,
        "disabled": false,
        "autosize": true,
        "showClear": true,
        "rows": 2
      },
      "propEx": {
        "value": "StoreExample.state.stringValue"
      },
      "events": {},
      "visible": true,
      "locked": false,
      "full": false,
      "$id": "https://ridge-ui.com/schemas/element",
      "slots": []
    },
    {
      "title": "单选框_1",
      "path": "ridge-semi/radiogroup",
      "id": "k0giaw2e7w",
      "style": {
        "position": "absolute",
        "visible": true,
        "x": 378,
        "y": 395,
        "width": 145,
        "height": 36
      },
      "styleEx": {},
      "props": {
        "value": "value1",
        "options": [
          {
            "label": "选项1",
            "value": "value1"
          },
          {
            "label": "选项2",
            "value": "value2"
          }
        ],
        "direction": "horizontal",
        "type": "button"
      },
      "propEx": {
        "value": "StoreExample.state.stringValue"
      },
      "events": {},
      "visible": true,
      "locked": false,
      "full": false,
      "$id": "https://ridge-ui.com/schemas/element",
      "slots": []
    },
    {
      "title": "评分",
      "path": "ridge-semi/rating",
      "id": "mw78pxzlre",
      "style": {
        "position": "absolute",
        "visible": true,
        "x": 376,
        "y": 349,
        "width": 190,
        "height": 32
      },
      "styleEx": {},
      "props": {
        "value": "3.5",
        "size": "large",
        "count": 5,
        "icon": "IconAlertCircle",
        "allowHalf": true,
        "disabled": true
      },
      "propEx": {
        "value": "StoreExample.state.numberValue"
      },
      "events": {},
      "visible": true,
      "locked": false,
      "full": false,
      "$id": "https://ridge-ui.com/schemas/element",
      "slots": []
    },
    {
      "title": "滑动选择",
      "path": "ridge-semi/slider",
      "id": "b7co1augml",
      "style": {
        "position": "absolute",
        "visible": true,
        "x": 377,
        "y": 494,
        "width": 209,
        "height": 39
      },
      "styleEx": {},
      "props": {
        "size": "default",
        "min": 0,
        "max": 100,
        "step": 1,
        "direction": "horizontal",
        "disabled": false,
        "value": 23
      },
      "propEx": {
        "value": "StoreExample.state.numberValue"
      },
      "events": {},
      "visible": true,
      "locked": false,
      "full": false,
      "$id": "https://ridge-ui.com/schemas/element",
      "slots": []
    },
    {
      "title": "时间选择",
      "path": "ridge-semi/timepicker",
      "id": "nj8fbvatrg",
      "style": {
        "position": "absolute",
        "visible": true,
        "x": 941,
        "y": 228,
        "width": 204,
        "height": 31
      },
      "styleEx": {},
      "props": {
        "value": "",
        "size": "small",
        "format": "HH:mm:ss",
        "hourStep": 1,
        "minuteStep": 1,
        "secondStep": 1,
        "disabled": false
      },
      "propEx": {
        "value": "StoreExample.state.timeDate"
      },
      "events": {},
      "visible": true,
      "locked": false,
      "full": false,
      "$id": "https://ridge-ui.com/schemas/element",
      "slots": []
    },
    {
      "title": "上传_1",
      "path": "ridge-semi/upload",
      "id": "25lms0x7bv",
      "style": {
        "position": "absolute",
        "visible": true,
        "x": 1029,
        "y": 396,
        "width": 102,
        "height": 32
      },
      "styleEx": {},
      "props": {
        "value": [],
        "type": "button",
        "icon": "IconLanguage",
        "url": "",
        "btnText": "点击上传",
        "maxSize": 10,
        "multiple": true,
        "directory": false
      },
      "propEx": {},
      "events": {},
      "visible": true,
      "locked": false,
      "full": false,
      "$id": "https://ridge-ui.com/schemas/element",
      "slots": []
    },
    {
      "title": "上传_2",
      "path": "ridge-semi/upload",
      "id": "s7z4eyiwh0",
      "style": {
        "position": "absolute",
        "visible": true,
        "x": 940,
        "y": 282,
        "width": 246,
        "height": 75
      },
      "styleEx": {},
      "props": {
        "value": [],
        "type": "draggable",
        "icon": "IconBookOpenStroked",
        "url": "",
        "btnText": "点击上传",
        "fileLimit": "",
        "maxSize": 10,
        "multiple": true,
        "directory": false
      },
      "propEx": {},
      "events": {},
      "visible": true,
      "locked": false,
      "full": false,
      "$id": "https://ridge-ui.com/schemas/element",
      "slots": []
    },
    {
      "title": "路径导航",
      "path": "ridge-semi/breadcrumb",
      "id": "rqggplm8si",
      "style": {
        "position": "absolute",
        "visible": true,
        "x": 936,
        "y": 439,
        "width": 246,
        "height": 27
      },
      "styleEx": {},
      "props": {
        "paths": [
          {
            "label": "短首页",
            "value": "valuae1"
          },
          {
            "label": "视频列表",
            "value": "value2"
          },
          {
            "label": "短视频",
            "value": "key"
          }
        ],
        "compact": false,
        "separator": ">"
      },
      "propEx": {},
      "events": {},
      "visible": true,
      "locked": false,
      "full": false,
      "$id": "https://ridge-ui.com/schemas/element",
      "slots": []
    },
    {
      "title": "菜单导航",
      "path": "ridge-semi/navigation",
      "id": "z9huap4fzu",
      "style": {
        "position": "absolute",
        "visible": true,
        "x": 632,
        "y": 315,
        "width": 251,
        "height": 302
      },
      "styleEx": {},
      "props": {
        "items": [
          {
            "value": "user",
            "label": "用户管理",
            "icon": "IconUserCircle"
          },
          {
            "value": "theme",
            "label": "主题管理",
            "icon": "IconCalendarClock",
            "children": [
              {
                "value": "user1",
                "label": "主题1",
                "icon": "IconUserCircle"
              },
              {
                "value": "template1",
                "label": "模板管理1",
                "icon": "IconTemplate"
              }
            ]
          },
          {
            "value": "template",
            "label": "模板管理",
            "icon": "IconTemplate"
          }
        ],
        "direction": "vertical",
        "defaultSelected": "文本",
        "showHeader": true,
        "headerIcon": "IconComponentPlaceholderStroked",
        "headerText": "管理控制台",
        "showCollapse": true
      },
      "propEx": {},
      "events": {},
      "visible": true,
      "locked": false,
      "full": false,
      "$id": "https://ridge-ui.com/schemas/element",
      "slots": []
    },
    {
      "title": "树",
      "path": "ridge-semi/tree",
      "id": "t95y462pmn",
      "style": {
        "position": "absolute",
        "visible": true,
        "x": 632,
        "y": 37,
        "width": 246,
        "height": 206
      },
      "styleEx": {},
      "props": {
        "value": "",
        "treeData": [
          {
            "label": "亚洲",
            "value": "Asia",
            "key": "Asia",
            "children": [
              {
                "label": "中国",
                "value": "China",
                "key": "China",
                "children": [
                  {
                    "label": "北京",
                    "value": "Beijing",
                    "key": "Beijing"
                  },
                  {
                    "label": "上海",
                    "value": "Shanghai",
                    "key": "Shanghai"
                  }
                ]
              }
            ]
          },
          {
            "label": "北美洲",
            "value": "North America",
            "key": "North America"
          }
        ],
        "multiple": true,
        "leafOnly": false,
        "filterTreeNode": true,
        "checkRelation": "unRelated"
      },
      "propEx": {
        "value": "StoreExample.state.array"
      },
      "events": {},
      "visible": true,
      "locked": false,
      "full": false,
      "$id": "https://ridge-ui.com/schemas/element",
      "slots": []
    },
    {
      "title": "头像",
      "path": "ridge-semi/avatar",
      "id": "8qjjiw6o4m",
      "style": {
        "position": "absolute",
        "visible": true,
        "x": 943,
        "y": 116,
        "width": 70,
        "height": 71
      },
      "styleEx": {},
      "props": {
        "shape": "circle",
        "src": "/image/my-card.jpg",
        "color": "amber",
        "borderColor": "amber",
        "hoverMask": "",
        "contentMotion": true,
        "bottomPlus": true,
        "size": "large",
        "topLabel": "加油"
      },
      "propEx": {},
      "events": {},
      "visible": true,
      "locked": false,
      "full": false,
      "$id": "https://ridge-ui.com/schemas/element",
      "slots": []
    },
    {
      "title": "头像_1",
      "path": "ridge-semi/avatar",
      "id": "fzpc2c0c1h",
      "style": {
        "position": "absolute",
        "visible": true,
        "x": 1054,
        "y": 125,
        "width": 71.99994255514706,
        "height": 73.98439295151654
      },
      "styleEx": {},
      "props": {
        "shape": "circle",
        "src": "/image/kanban-img-2.jpg",
        "text": "A",
        "color": "cyan",
        "borderColor": "green",
        "contentMotion": true,
        "topLabel": "",
        "bottomPlus": true,
        "size": "large"
      },
      "propEx": {},
      "events": {},
      "visible": true,
      "locked": false,
      "full": false,
      "$id": "https://ridge-ui.com/schemas/element",
      "slots": []
    },
    {
      "title": "高亮文本",
      "path": "ridge-semi/highlight",
      "id": "7twnpeu29m",
      "style": {
        "position": "absolute",
        "visible": true,
        "x": 46,
        "y": 533,
        "width": 195,
        "height": 79
      },
      "styleEx": {},
      "props": {
        "sourceString": "锐制(Ridge)是一个高效的界面开发工具，可以帮助您快速通过拖拽方式制作页面。",
        "searchWords": [
          "高效",
          "快速"
        ]
      },
      "propEx": {},
      "events": {},
      "visible": true,
      "locked": false,
      "full": false,
      "$id": "https://ridge-ui.com/schemas/element",
      "slots": []
    },
    {
      "title": "树_1模板",
      "path": "ridge-semi/tree",
      "id": "8y5i2hai3p",
      "style": {
        "position": "absolute",
        "visible": true,
        "x": 1622,
        "y": 648,
        "width": 300,
        "height": 264
      },
      "styleEx": {},
      "props": {
        "value": "",
        "treeData": [
          {
            "label": "亚洲",
            "value": "Asia",
            "key": "Asia",
            "children": [
              {
                "label": "中国",
                "value": "China",
                "key": "China",
                "children": [
                  {
                    "label": "北京",
                    "value": "Beijing",
                    "key": "Beijing"
                  },
                  {
                    "label": "上海",
                    "value": "Shanghai",
                    "key": "Shanghai"
                  }
                ]
              }
            ]
          },
          {
            "label": "北美洲",
            "value": "North America",
            "key": "North America"
          }
        ],
        "multiple": false,
        "leafOnly": false,
        "filterTreeNode": true,
        "checkRelation": "unRelated"
      },
      "propEx": {},
      "events": {},
      "visible": true,
      "locked": false,
      "full": false,
      "$id": "https://ridge-ui.com/schemas/element",
      "slots": [],
      "slot": true
    },
    {
      "title": "进度条",
      "path": "ridge-semi/progress",
      "id": "h32jxkq0bo",
      "style": {
        "position": "absolute",
        "visible": true,
        "x": 935,
        "y": 487,
        "width": 50,
        "height": 47
      },
      "styleEx": {},
      "props": {
        "percent": 60,
        "color": "cyan",
        "type": "circle",
        "direction": "horizontal",
        "colorStage": "3"
      },
      "propEx": {},
      "events": {},
      "visible": true,
      "locked": false,
      "full": false,
      "$id": "https://ridge-ui.com/schemas/element",
      "slots": []
    },
    {
      "title": "输入框_1",
      "path": "ridge-semi/input",
      "id": "rzf9md0nym",
      "style": {
        "position": "absolute",
        "visible": true,
        "x": 370,
        "y": 200,
        "width": 204,
        "height": 31
      },
      "styleEx": {},
      "props": {
        "size": "default",
        "validateStatus": "default",
        "icon": null,
        "password": false,
        "disabled": false,
        "showClear": true,
        "value": "文本"
      },
      "propEx": {},
      "events": {},
      "visible": true,
      "locked": false,
      "full": false,
      "$id": "https://ridge-ui.com/schemas/element",
      "slots": []
    },
    {
      "title": "单选框_1",
      "path": "ridge-semi/radiogroup",
      "id": "nm5rd4i492",
      "style": {
        "position": "absolute",
        "visible": true,
        "x": 378,
        "y": 450,
        "width": 159,
        "height": 36
      },
      "styleEx": {},
      "props": {
        "value": "value1",
        "options": [
          {
            "label": "选项1",
            "value": "value1"
          },
          {
            "label": "选项2",
            "value": "value2"
          }
        ],
        "direction": "horizontal",
        "type": "default"
      },
      "propEx": {
        "value": "StoreExample.state.stringValue"
      },
      "events": {},
      "visible": true,
      "locked": false,
      "full": false,
      "$id": "https://ridge-ui.com/schemas/element",
      "slots": []
    },
    {
      "title": "进度条_1",
      "path": "ridge-semi/progress",
      "id": "p0rj06za5n",
      "style": {
        "position": "absolute",
        "visible": true,
        "x": 944,
        "y": 574,
        "width": 136,
        "height": 8
      },
      "styleEx": {},
      "props": {
        "percent": 75,
        "color": "teal",
        "type": "line",
        "direction": "horizontal",
        "colorStage": "2"
      },
      "propEx": {},
      "events": {},
      "visible": true,
      "locked": false,
      "full": false,
      "$id": "https://ridge-ui.com/schemas/element",
      "slots": []
    },
    {
      "title": "标签",
      "path": "ridge-semi/tag",
      "id": "d5nwidt6s3",
      "style": {
        "position": "absolute",
        "visible": true,
        "x": 945,
        "y": 399,
        "width": 57,
        "height": 27
      },
      "styleEx": {},
      "props": {
        "text": "标签2",
        "size": "large",
        "color": "violet",
        "closable": false
      },
      "propEx": {},
      "events": {},
      "visible": true,
      "locked": false,
      "full": false,
      "$id": "https://ridge-ui.com/schemas/element",
      "slots": []
    },
    {
      "title": "验证码",
      "path": "ridge-semi/pincode",
      "id": "xbxo0oqr43",
      "style": {
        "position": "absolute",
        "visible": true,
        "x": 639,
        "y": 259,
        "width": 211,
        "height": 31
      },
      "styleEx": {},
      "props": {
        "value": "233",
        "size": "default",
        "count": 6,
        "format": "number"
      },
      "propEx": {},
      "events": {},
      "visible": true,
      "locked": false,
      "full": false,
      "$id": "https://ridge-ui.com/schemas/element",
      "slots": []
    },
    {
      "title": "分页器",
      "path": "ridge-semi/pagination",
      "id": "iruld4j4y9",
      "style": {
        "position": "absolute",
        "visible": true,
        "x": 895,
        "y": 20,
        "width": 281,
        "height": 32
      },
      "styleEx": {},
      "props": {
        "value": 2,
        "pageSize": 10,
        "size": "default",
        "classList": [],
        "total": 46
      },
      "propEx": {},
      "events": {},
      "visible": true,
      "locked": false,
      "full": false,
      "$id": "https://ridge-ui.com/schemas/element",
      "slots": []
    },
    {
      "title": "加载器",
      "path": "ridge-semi/spin",
      "id": "5rsiuro558",
      "style": {
        "position": "absolute",
        "visible": true,
        "x": 1136,
        "y": 491,
        "width": 29,
        "height": 24
      },
      "styleEx": {},
      "props": {
        "size": "large",
        "spinning": true,
        "icon": "IconSync"
      },
      "propEx": {},
      "events": {},
      "visible": true,
      "locked": false,
      "full": false,
      "$id": "https://ridge-ui.com/schemas/element",
      "slots": []
    },
    {
      "title": "开关_1",
      "path": "ridge-semi/onoff",
      "id": "k2ye2ak8z0",
      "style": {
        "position": "absolute",
        "visible": true,
        "x": 554,
        "y": 353,
        "width": 39,
        "height": 23
      },
      "styleEx": {},
      "props": {
        "value": true,
        "size": "small",
        "loading": false,
        "disabled": false,
        "checkedText": "",
        "uncheckedText": ""
      },
      "propEx": {},
      "events": {},
      "visible": true,
      "locked": false,
      "full": false,
      "$id": "https://ridge-ui.com/schemas/element",
      "slots": []
    },
    {
      "title": "分页器",
      "path": "ridge-semi/pagination",
      "id": "h620pqjax2",
      "style": {
        "position": "absolute",
        "visible": true,
        "x": 897,
        "y": 72,
        "width": 116,
        "height": 32
      },
      "styleEx": {},
      "props": {
        "value": 1,
        "pageSize": 10,
        "total": 120,
        "size": "small",
        "classList": []
      },
      "propEx": {},
      "events": {},
      "visible": true,
      "locked": false,
      "full": false,
      "$id": "https://ridge-ui.com/schemas/element",
      "slots": []
    },
    {
      "title": "加载器",
      "path": "ridge-semi/spin",
      "id": "by3zq0bt1n",
      "style": {
        "position": "absolute",
        "visible": true,
        "x": 1135,
        "y": 542,
        "width": 29,
        "height": 24
      },
      "styleEx": {},
      "props": {
        "size": "large",
        "spinning": true,
        "icon": "IconSpin"
      },
      "propEx": {},
      "events": {},
      "visible": true,
      "locked": false,
      "full": false,
      "$id": "https://ridge-ui.com/schemas/element",
      "slots": []
    },
    {
      "title": "分裂按钮",
      "path": "ridge-semi/buttonsplit",
      "id": "u2t5871olm",
      "style": {
        "position": "absolute",
        "visible": true,
        "x": 948,
        "y": 337,
        "width": 115,
        "height": 32
      },
      "styleEx": {},
      "props": {
        "text": "分裂按钮",
        "options": [
          {
            "label": "选项1",
            "value": "value1"
          },
          {
            "label": "选项2",
            "value": "value2"
          }
        ],
        "theme": "light",
        "type": "primary",
        "size": "default"
      },
      "propEx": {},
      "events": {},
      "visible": true,
      "locked": false,
      "full": false,
      "$id": "https://ridge-ui.com/schemas/element",
      "slots": []
    },
    {
      "title": "切换按钮",
      "path": "ridge-semi/buttonToggle",
      "id": "yuojfick5h",
      "style": {
        "position": "absolute",
        "visible": true,
        "x": 1053,
        "y": 283,
        "width": 112,
        "height": 31
      },
      "styleEx": {},
      "props": {
        "value": false,
        "text": "切换按钮",
        "icon": "IconBookStroked",
        "size": "default"
      },
      "propEx": {},
      "events": {},
      "visible": true,
      "locked": false,
      "full": false,
      "$id": "https://ridge-ui.com/schemas/element",
      "slots": []
    },
    {
      "title": "步骤条",
      "path": "ridge-semi/steps",
      "id": "44v8kdj1gv",
      "style": {
        "position": "absolute",
        "visible": true,
        "x": 215,
        "y": 151,
        "width": 135,
        "height": 184
      },
      "styleEx": {},
      "props": {
        "current": 1,
        "direction": "vertical",
        "size": "small",
        "options": [
          {
            "label": "输入一些基础内容",
            "value": "基础"
          },
          {
            "label": "详细内容",
            "value": "更多"
          },
          {
            "label": "可选，可以略过",
            "value": "可选"
          }
        ],
        "type": "basic"
      },
      "propEx": {},
      "events": {},
      "visible": true,
      "locked": false,
      "full": false,
      "$id": "https://ridge-ui.com/schemas/element",
      "slots": []
    }
  ],
  "name": "Semi",
  "children": [
    "dlpdvs4jyq",
    "v114qf4b4l",
    "yp5krgmo4m",
    "9o2q16ks81",
    "joioskhsf5",
    "jgollbphbu",
    "06hntoc3qa",
    "hj8c0c206d",
    "kwv3266hy5",
    "2aca9xs43e",
    "hgwoac847o",
    "jw16rdbqzp",
    "frrdtogphl",
    "jr1cehtyfk",
    "h71ne7lb8q",
    "7ekapjbsgh",
    "k0giaw2e7w",
    "mw78pxzlre",
    "b7co1augml",
    "nj8fbvatrg",
    "25lms0x7bv",
    "s7z4eyiwh0",
    "rqggplm8si",
    "z9huap4fzu",
    "t95y462pmn",
    "8qjjiw6o4m",
    "fzpc2c0c1h",
    "7twnpeu29m",
    "h32jxkq0bo",
    "rzf9md0nym",
    "nm5rd4i492",
    "p0rj06za5n",
    "d5nwidt6s3",
    "xbxo0oqr43",
    "iruld4j4y9",
    "5rsiuro558",
    "k2ye2ak8z0",
    "h620pqjax2",
    "by3zq0bt1n",
    "u2t5871olm",
    "yuojfick5h",
    "44v8kdj1gv"
  ]
}