{"version":"1.1.0","style":{"width":1920,"height":1145,"background":"","classNames":[]},"properties":[],"cssFiles":[],"jsFiles":[],"elements":[{"title":"流式容器","path":"ridge-container/flow","id":"el2t5","style":{"position":"absolute","visible":true,"width":360,"height":240,"x":0,"y":0},"styleEx":{},"props":{"children":["fgizg","9ik7l"],"gap":8,"border":"0px solid #ccc","classNames":[]},"propEx":{},"events":{},"visible":true,"locked":false,"full":true},{"title":"弹性容器","path":"ridge-container/flex","id":"fgizg","style":{"position":"absolute","visible":true,"width":"100%","height":325,"x":0,"y":0},"styleEx":{},"props":{"direction":"column","justify":"center","alignItems":"center","children":["nyzya","trtaz","3suwj"],"gap":8,"padding":8,"border":"0px solid #ccc","classNames":[]},"propEx":{},"events":{},"visible":true,"locked":false,"full":false},{"title":"公用样式","path":"ridge-bootstrap/style","id":"skp8w","style":{"position":"absolute","visible":true,"width":100,"height":36,"x":66,"y":-71},"styleEx":{},"props":{},"propEx":{},"events":{},"visible":true,"locked":false,"full":false},{"title":"图标","path":"ridge-bootstrap/icons","id":"nyzya","style":{"position":"absolute","x":28,"y":63,"width":89,"height":107},"styleEx":{},"props":{"icon":"bi-building-fill-check","size":80,"color":"#9013feff"},"propEx":{},"events":{},"visible":true,"locked":false,"full":false},{"title":"文本","path":"ridge-bootstrap/typography","id":"trtaz","style":{"position":"absolute","x":833,"y":157,"width":253,"height":54},"styleEx":{},"props":{"text":"Checkout form","size":27,"color":"#333","weight":400,"textAlign":"center","verticalAlign":"top","padding":0,"classNames":["fw-semibold"]},"propEx":{},"events":{},"visible":true,"locked":false,"full":false},{"title":"文本","path":"ridge-bootstrap/typography","id":"3suwj","style":{"position":"absolute","x":-624,"y":0,"width":591,"height":80},"styleEx":{},"props":{"text":"Here  is an example form built entirely with Bootstrap’s form controls. Each required form group has a validation state that can be triggered by attempting to submit the form without completing it.","size":18,"color":"#333","weight":400,"textAlign":"left","verticalAlign":"top","padding":0,"classNames":["fw-light"]},"propEx":{},"events":{},"visible":true,"locked":false,"full":false},{"title":"弹性容器","path":"ridge-container/flex","id":"9ik7l","style":{"position":"absolute","visible":true,"width":"100%","height":424,"x":0,"y":0},"styleEx":{},"props":{"direction":"row","justify":"center","alignItems":"flex-start","children":["inx4x"],"gap":8,"padding":8,"border":"0px solid #ccc","classNames":[]},"propEx":{},"events":{},"visible":true,"locked":false,"full":false},{"title":"弹性容器","path":"ridge-container/flex","id":"inx4x","style":{"position":"absolute","visible":true,"width":1358,"height":738,"x":226,"y":0},"styleEx":{},"props":{"direction":"row","justify":"flex-start","alignItems":"flex-start","children":["o1j0d","5ol6n"],"gap":8,"padding":8,"border":"1px solid #ccc","classNames":[]},"propEx":{},"events":{},"visible":true,"locked":false,"full":false},{"title":"弹性容器","path":"ridge-container/flex","id":"o1j0d","style":{"position":"absolute","x":0,"y":0,"width":933,"height":744},"styleEx":{},"props":{"direction":"column","justify":"flex-start","alignItems":"flex-start","children":["4b2ha","9dy5n","wa4yb","rtd8i","8we9n","juyf5","fb0j3","y98wi","j9eqq"],"gap":1,"padding":13,"border":"0px solid #ccc","classNames":[]},"propEx":{},"events":{},"visible":true,"locked":false,"full":false},{"title":"弹性容器","path":"ridge-container/flex","id":"5ol6n","style":{"position":"absolute","x":-697.033,"y":0,"width":407.98499999999996,"height":484},"styleEx":{},"props":{"direction":"column","justify":"flex-start","alignItems":"center","children":["sii7f","ggr4f"],"gap":8,"padding":8,"border":"0px solid #ccc","classNames":[]},"propEx":{},"events":{},"visible":true,"locked":false,"full":false},{"title":"文本","path":"ridge-bootstrap/typography","id":"4b2ha","style":{"position":"absolute","visible":true,"width":603,"height":39,"x":0,"y":0},"styleEx":{},"props":{"text":"Billing address","size":22,"color":"#333","weight":400,"textAlign":"left","verticalAlign":"top","padding":0,"classNames":["fw-semibold"]},"propEx":{},"events":{},"visible":true,"locked":false,"full":false},{"title":"弹性容器","path":"ridge-container/flex","id":"9dy5n","style":{"position":"absolute","visible":true,"width":893,"height":100,"x":0,"y":0},"styleEx":{},"props":{"direction":"row","justify":"flex-start","alignItems":"flex-start","children":["0fm38","tncrw"],"gap":8,"padding":8,"border":"0px solid #ccc","classNames":[]},"propEx":{},"events":{},"visible":true,"locked":false,"full":false},{"title":"弹性容器","path":"ridge-container/flex","id":"0fm38","style":{"position":"absolute","x":-18.75,"y":0,"width":434,"height":88,"flex":"1"},"styleEx":{},"props":{"direction":"column","justify":"flex-start","alignItems":"flex-start","children":["illar","41y2t"],"gap":8,"padding":0,"border":"0px solid #ccc","classNames":[]},"propEx":{},"events":{},"visible":true,"locked":false,"full":false},{"title":"文本","path":"ridge-bootstrap/typography","id":"illar","style":{"position":"absolute","visible":true,"width":108,"height":22,"x":0,"y":0},"styleEx":{},"props":{"text":"First name","size":16,"color":"#333","weight":400,"textAlign":"left","verticalAlign":"top","padding":0},"propEx":{},"events":{},"visible":true,"locked":false,"full":false},{"path":"ridge-bootstrap/input","id":"41y2t","style":{"position":"absolute","visible":true,"width":406,"height":62,"x":0,"y":0},"styleEx":{},"props":{"value":"","placeholder":"","size":14,"disabled":false,"validState":null},"propEx":{"value":"v12al.state.checkForm.firstName","validState":"v12al.state.checkFormValid.firstName"},"events":{},"visible":true,"locked":false,"full":false},{"title":"文本","path":"ridge-bootstrap/typography","id":"7rzxr","style":{"position":"absolute","visible":true,"width":108,"height":22,"x":0,"y":0},"styleEx":{},"props":{"text":"Last name","size":16,"color":"#333","weight":400,"textAlign":"left","verticalAlign":"top","padding":0},"propEx":{},"events":{},"visible":true,"locked":false,"full":false},{"path":"ridge-bootstrap/input","id":"dpcak","style":{"position":"absolute","x":757,"y":421,"width":404.9998890269886,"height":57.0000190239448},"styleEx":{},"props":{"size":14,"disabled":false,"validState":null},"propEx":{"placeholder":null,"validState":"v12al.state.checkFormValid.lastName","value":"v12al.state.checkForm.lastName"},"events":{},"visible":true,"locked":false,"full":false},{"title":"弹性容器","path":"ridge-container/flex","id":"tncrw","style":{"position":"absolute","x":-4.25,"y":0,"width":434,"height":87,"flex":"1"},"styleEx":{},"props":{"direction":"column","justify":"flex-start","alignItems":"flex-start","children":["7rzxr","dpcak"],"gap":8,"padding":0,"border":"0px solid #ccc","classNames":[]},"propEx":{},"events":{},"visible":true,"locked":false,"full":false},{"title":"文本","path":"ridge-bootstrap/typography","id":"zrdli","style":{"position":"absolute","visible":true,"width":150,"height":22,"x":0,"y":0},"styleEx":{},"props":{"text":"Account Name","size":16,"color":"#333","weight":400,"textAlign":"left","verticalAlign":"top","padding":0},"propEx":{},"events":{},"visible":true,"locked":false,"full":false},{"path":"ridge-bootstrap/input","id":"sbf4a","style":{"position":"absolute","visible":true,"width":846,"height":62,"x":0,"y":0},"styleEx":{},"props":{"value":"","placeholder":"","size":14,"disabled":false,"validState":null,"validMsg":"AABB","invalidMsg":"BBBFFF"},"propEx":{"placeholder":"v12al.state.checkForm.email","validState":"v12al.state.checkFormValid.accountName","value":"v12al.state.checkForm.accountName"},"events":{},"visible":true,"locked":false,"full":false},{"title":"弹性容器","path":"ridge-container/flex","id":"uwrlo","style":{"position":"absolute","x":306,"y":518,"width":877,"height":88},"styleEx":{},"props":{"direction":"column","justify":"flex-start","alignItems":"flex-start","children":["zrdli","sbf4a"],"gap":8,"padding":0,"border":"0px solid #ccc","classNames":[]},"propEx":{},"events":{},"visible":true,"locked":false,"full":false},{"title":"弹性容器","path":"ridge-container/flex","id":"wa4yb","style":{"position":"absolute","visible":true,"width":893,"height":100,"x":0,"y":0},"styleEx":{},"props":{"direction":"row","justify":"flex-start","alignItems":"flex-start","children":["uwrlo"],"gap":8,"padding":8,"border":"0px solid #ccc","classNames":[]},"propEx":{},"events":{},"visible":true,"locked":false,"full":false},{"title":"文本","path":"ridge-bootstrap/typography","id":"2ecz4","style":{"position":"absolute","visible":true,"width":150,"height":22,"x":0,"y":0},"styleEx":{},"props":{"size":16,"color":"#333","weight":400,"textAlign":"left","verticalAlign":"top","padding":0,"text":"Email"},"propEx":{},"events":{},"visible":true,"locked":false,"full":false},{"path":"ridge-bootstrap/input","id":"l1qgg","style":{"position":"absolute","visible":true,"width":846,"height":62,"x":0,"y":0},"styleEx":{},"props":{"value":"","placeholder":"","size":14,"disabled":false,"validState":null,"invalidMsg":"BBBFFF"},"propEx":{"value":"v12al.state.checkForm.email"},"events":{},"visible":true,"locked":false,"full":false},{"title":"弹性容器","path":"ridge-container/flex","id":"rtd8i","style":{"position":"absolute","x":306,"y":518,"width":877,"height":88},"styleEx":{},"props":{"direction":"column","justify":"flex-start","alignItems":"flex-start","children":["2ecz4","l1qgg"],"gap":8,"padding":8,"border":"0px solid #ccc","classNames":[]},"propEx":{},"events":{},"visible":true,"locked":false,"full":false},{"title":"文本","path":"ridge-bootstrap/typography","id":"wlnd8","style":{"position":"absolute","visible":true,"width":108,"height":22,"x":0,"y":0},"styleEx":{},"props":{"text":"Country","size":16,"color":"#333","weight":400,"textAlign":"left","verticalAlign":"top","padding":0},"propEx":{},"events":{},"visible":true,"locked":false,"full":false},{"title":"弹性容器","path":"ridge-container/flex","id":"77bsi","style":{"position":"absolute","x":0,"y":0,"width":274,"height":88},"styleEx":{},"props":{"direction":"column","justify":"flex-start","alignItems":"flex-start","children":["wlnd8","2eodz"],"gap":8,"padding":0,"border":"0px solid #ccc","classNames":[]},"propEx":{},"events":{},"visible":true,"locked":false,"full":false},{"title":"文本","path":"ridge-bootstrap/typography","id":"mybzk","style":{"position":"absolute","visible":true,"width":108,"height":22,"x":0,"y":0},"styleEx":{},"props":{"text":"State","size":16,"color":"#333","weight":400,"textAlign":"left","verticalAlign":"top","padding":0},"propEx":{},"events":{},"visible":true,"locked":false,"full":false},{"title":"弹性容器","path":"ridge-container/flex","id":"9jwg9","style":{"position":"absolute","x":0,"y":0,"width":265,"height":87},"styleEx":{},"props":{"direction":"column","justify":"flex-start","alignItems":"flex-start","children":["mybzk","ck5ay"],"gap":8,"padding":0,"border":"0px solid #ccc","classNames":[]},"propEx":{},"events":{},"visible":true,"locked":false,"full":false},{"title":"弹性容器","path":"ridge-container/flex","id":"8we9n","style":{"position":"absolute","visible":true,"width":893,"height":100,"x":0,"y":0},"styleEx":{},"props":{"direction":"row","justify":"flex-start","alignItems":"flex-start","children":["77bsi","9jwg9","3kit2"],"gap":8,"padding":8,"border":"0px solid #ccc","classNames":[]},"propEx":{},"events":{},"visible":true,"locked":false,"full":false},{"title":"文本","path":"ridge-bootstrap/typography","id":"bojov","style":{"position":"absolute","visible":true,"width":108,"height":22,"x":0,"y":0},"styleEx":{},"props":{"size":16,"color":"#333","weight":400,"textAlign":"left","verticalAlign":"top","padding":0,"text":"Zip"},"propEx":{},"events":{},"visible":true,"locked":false,"full":false},{"path":"ridge-bootstrap/input","id":"ftomg","style":{"position":"absolute","visible":true,"width":288,"height":62,"x":0,"y":0},"styleEx":{},"props":{"value":"","placeholder":"","size":14,"disabled":false,"validState":null,"validMsg":"AABB","invalidMsg":"BBBFFF"},"propEx":{},"events":{},"visible":true,"locked":false,"full":false},{"title":"弹性容器","path":"ridge-container/flex","id":"3kit2","style":{"position":"absolute","x":0,"y":0,"width":330,"height":88},"styleEx":{},"props":{"direction":"column","justify":"flex-start","alignItems":"flex-start","children":["bojov","ftomg"],"gap":8,"padding":0,"border":"0px solid #ccc","classNames":[]},"propEx":{},"events":{},"visible":true,"locked":false,"full":false},{"title":"下拉选择","path":"ridge-bootstrap/select","id":"2eodz","style":{"position":"absolute","visible":true,"width":243,"height":59,"x":0,"y":0},"styleEx":{},"props":{"value":"","options":[],"placeholder":"","validMsg":"","invalidMsg":"请检查输入项是否有效","disabled":false,"validState":null},"propEx":{"options":"v12al.state.countries","value":"v12al.state.checkForm.country","validState":"v12al.state.checkFormValid.country"},"events":{},"visible":true,"locked":false,"full":false},{"title":"下拉选择","path":"ridge-bootstrap/select","id":"ck5ay","style":{"position":"absolute","visible":true,"width":247,"height":56,"x":0,"y":0},"styleEx":{},"props":{"value":"","options":[],"placeholder":"","validMsg":"","invalidMsg":"请检查输入项是否有效","disabled":false},"propEx":{"options":"v12al.computed.statesCurrent","value":"v12al.state.checkForm.state","validState":"v12al.state.checkForm.state"},"events":{},"visible":true,"locked":false,"full":false},{"path":"ridge-bootstrap/checkbox","id":"juyf5","style":{"position":"absolute","visible":true,"width":841,"height":47,"x":0,"y":0},"styleEx":{},"props":{"text":"Shipping address is the same as my billing address","validMsg":"","invalidMsg":"请检查输入项是否有效","disabled":false},"propEx":{"value":"v12al.state.checkForm.isShippingSame"},"events":{},"visible":true,"locked":false,"full":false},{"title":"文本","path":"ridge-bootstrap/typography","id":"fb0j3","style":{"position":"absolute","visible":true,"width":844,"height":46,"x":0,"y":0},"styleEx":{},"props":{"text":"Payment","size":24,"color":"#333","weight":400,"textAlign":"left","verticalAlign":"center","padding":0,"classNames":["border-top","fw-semibold"]},"propEx":{},"events":{},"visible":true,"locked":false,"full":false},{"path":"ridge-bootstrap/radio","id":"y98wi","style":{"position":"absolute","visible":true,"width":847,"height":64,"x":0,"y":0},"styleEx":{},"props":{"text":"切换选项","options":[{"label":"Credit card","value":"cc"},{"label":"WeChat Payment","value":"wc"}],"validMsg":"","invalidMsg":"请检查输入项是否有效","disabled":false,"validState":null},"propEx":{"value":"v12al.state.checkForm.payment","validState":"v12al.state.checkFormValid.payment"},"events":{},"visible":true,"locked":false,"full":false},{"title":"弹性容器","path":"ridge-container/flex","id":"j9eqq","style":{"position":"absolute","visible":true,"width":846,"height":90,"x":0,"y":12},"styleEx":{},"props":{"direction":"row","justify":"center","alignItems":"flex-end","children":["hn6hw"],"gap":8,"padding":8,"border":"0px solid #ccc","classNames":["border-top"]},"propEx":{},"events":{},"visible":true,"locked":false,"full":false},{"title":"按钮","path":"ridge-bootstrap/button","id":"hn6hw","style":{"position":"absolute","x":0,"y":-100,"width":320.00001341432005,"height":45.9999},"styleEx":{},"props":{"text":"Continue To Checkout","type":"primary","btnSize":".btn-lg","size":20,"icon":"","disabled":false},"propEx":{},"events":{"onClick":[{"store":"v12al","method":"checkAndSubmitForm","payload":""}]},"visible":true,"locked":false,"full":false},{"title":"弹性容器","path":"ridge-container/flex","id":"sii7f","style":{"position":"absolute","visible":true,"width":346,"height":56,"x":-723,"y":0},"styleEx":{},"props":{"direction":"row","justify":"flex-start","alignItems":"flex-start","children":["01pl1","aois4"],"gap":8,"padding":8,"border":"0px solid #ccc","classNames":[]},"propEx":{},"events":{},"visible":true,"locked":false,"full":false},{"title":"文本","path":"ridge-bootstrap/typography","id":"01pl1","style":{"position":"absolute","visible":true,"width":311,"height":36,"x":0,"y":0},"styleEx":{},"props":{"text":"Your cart","size":22,"color":null,"weight":400,"textAlign":"left","verticalAlign":"top","padding":0,"classNames":["text-primary","fw-medium"]},"propEx":{},"events":{},"visible":true,"locked":false,"full":false},{"title":"标签","path":"ridge-bootstrap/badge","id":"aois4","style":{"position":"absolute","visible":true,"width":30,"height":30,"x":99,"y":0},"styleEx":{},"props":{"text":"3","pill":false,"showClose":false,"classNames":[],"type":"text-bg-primary"},"propEx":{},"events":{},"visible":true,"locked":false,"full":false},{"title":"弹性容器","path":"ridge-container/flex","id":"ggr4f","style":{"position":"absolute","x":0,"y":0,"width":340,"height":283},"styleEx":{},"props":{"direction":"column","justify":"flex-start","alignItems":"stretch","children":["z1smk","7g92w","ljl6a","8ikxi"],"gap":8,"padding":0,"border":"0px solid #ccc","classNames":["border","shadow-sm","rounded-1"]},"propEx":{},"events":{},"visible":true,"locked":false,"full":false},{"title":"弹性容器","path":"ridge-container/flex","id":"z1smk","style":{"position":"absolute","visible":true,"width":360,"height":71,"x":0,"y":0},"styleEx":{},"props":{"direction":"row","justify":"flex-start","alignItems":"flex-start","children":["fbvyv","yaa3f"],"gap":8,"padding":8,"border":"0px solid #ccc","classNames":["border-bottom"]},"propEx":{},"events":{},"visible":true,"locked":false,"full":false},{"title":"弹性容器","path":"ridge-container/flex","id":"fbvyv","style":{"position":"absolute","visible":true,"width":266,"height":51,"x":0,"y":0},"styleEx":{},"props":{"direction":"column","justify":"flex-start","alignItems":"flex-start","children":["5himx","nzhju"],"gap":8,"padding":0,"border":"0px solid #ccc","classNames":[]},"propEx":{},"events":{},"visible":true,"locked":false,"full":false},{"title":"文本","path":"ridge-bootstrap/typography","id":"yaa3f","style":{"position":"absolute","visible":true,"width":51,"height":22,"x":1149,"y":0},"styleEx":{},"props":{"text":"$34","size":16,"color":"#333","weight":400,"textAlign":"left","verticalAlign":"top","padding":0},"propEx":{},"events":{},"visible":true,"locked":false,"full":false},{"title":"文本","path":"ridge-bootstrap/typography","id":"5himx","style":{"position":"absolute","visible":true,"width":247,"height":22,"x":0,"y":0},"styleEx":{},"props":{"text":"Bootstrap Icons","size":16,"color":"#333","weight":400,"textAlign":"left","verticalAlign":"center","padding":3},"propEx":{},"events":{},"visible":true,"locked":false,"full":false},{"title":"文本","path":"ridge-bootstrap/typography","id":"nzhju","style":{"position":"absolute","visible":true,"width":161,"height":22,"x":213,"y":0},"styleEx":{},"props":{"text":"Brief description","size":14,"color":"#333","weight":400,"textAlign":"start","verticalAlign":"center","padding":3,"classNames":["text-secondary"]},"propEx":{},"events":{},"visible":true,"locked":false,"full":false},{"title":"文本","path":"ridge-bootstrap/typography","id":"05mx6","style":{"position":"absolute","visible":true,"width":247,"height":22,"x":0,"y":0},"styleEx":{},"props":{"text":"Second product","size":16,"color":"#333","weight":400,"textAlign":"left","verticalAlign":"center","padding":3},"propEx":{},"events":{},"visible":true,"locked":false,"full":false},{"title":"文本","path":"ridge-bootstrap/typography","id":"o8vtg","style":{"position":"absolute","visible":true,"width":161,"height":22,"x":213,"y":0},"styleEx":{},"props":{"text":"Brief description","size":14,"color":"#333","weight":400,"textAlign":"start","verticalAlign":"center","padding":3,"classNames":["text-secondary"]},"propEx":{},"events":{},"visible":true,"locked":false,"full":false},{"title":"弹性容器","path":"ridge-container/flex","id":"qxdn7","style":{"position":"absolute","visible":true,"width":266,"height":51,"x":0,"y":0},"styleEx":{},"props":{"direction":"column","justify":"flex-start","alignItems":"flex-start","children":["05mx6","o8vtg"],"gap":8,"padding":0,"border":"0px solid #ccc","classNames":[]},"propEx":{},"events":{},"visible":true,"locked":false,"full":false},{"title":"文本","path":"ridge-bootstrap/typography","id":"vp7bd","style":{"position":"absolute","visible":true,"width":51,"height":22,"x":1149,"y":0},"styleEx":{},"props":{"text":"$8","size":16,"color":"#333","weight":400,"textAlign":"left","verticalAlign":"top","padding":0},"propEx":{},"events":{},"visible":true,"locked":false,"full":false},{"title":"弹性容器","path":"ridge-container/flex","id":"7g92w","style":{"position":"absolute","x":1270,"y":564,"width":341,"height":71},"styleEx":{},"props":{"direction":"row","justify":"flex-start","alignItems":"flex-start","children":["qxdn7","vp7bd"],"gap":8,"padding":8,"border":"0px solid #ccc","classNames":["border-bottom"]},"propEx":{},"events":{},"visible":true,"locked":false,"full":false},{"title":"文本","path":"ridge-bootstrap/typography","id":"t292a","style":{"position":"absolute","visible":true,"width":247,"height":22,"x":0,"y":0},"styleEx":{},"props":{"text":"Promo code","size":16,"color":"#333","weight":400,"textAlign":"left","verticalAlign":"center","padding":3,"classNames":["text-success"]},"propEx":{},"events":{},"visible":true,"locked":false,"full":false},{"title":"文本","path":"ridge-bootstrap/typography","id":"46ux5","style":{"position":"absolute","visible":true,"width":161,"height":22,"x":213,"y":0},"styleEx":{},"props":{"text":"Brief description","size":14,"color":"#333","weight":400,"textAlign":"start","verticalAlign":"center","padding":3,"classNames":["text-success"]},"propEx":{},"events":{},"visible":true,"locked":false,"full":false},{"title":"弹性容器","path":"ridge-container/flex","id":"io7ei","style":{"position":"absolute","visible":true,"width":266,"height":51,"x":0,"y":0},"styleEx":{},"props":{"direction":"column","justify":"flex-start","alignItems":"flex-start","children":["t292a","46ux5"],"gap":8,"padding":0,"border":"0px solid #ccc","classNames":[]},"propEx":{},"events":{},"visible":true,"locked":false,"full":false},{"title":"文本","path":"ridge-bootstrap/typography","id":"4ax6f","style":{"position":"absolute","visible":true,"width":51,"height":22,"x":1149,"y":0},"styleEx":{},"props":{"text":"$34","size":16,"color":"#333","weight":400,"textAlign":"left","verticalAlign":"top","padding":0,"classNames":["text-success"]},"propEx":{},"events":{},"visible":true,"locked":false,"full":false},{"title":"弹性容器","path":"ridge-container/flex","id":"ljl6a","style":{"position":"absolute","x":1270,"y":564,"width":341,"height":71},"styleEx":{},"props":{"direction":"row","justify":"flex-start","alignItems":"flex-start","children":["io7ei","4ax6f"],"gap":8,"padding":8,"border":"0px solid #ccc","classNames":["border-bottom","text-success"]},"propEx":{},"events":{},"visible":true,"locked":false,"full":false},{"title":"文本","path":"ridge-bootstrap/typography","id":"frpn0","style":{"position":"absolute","visible":true,"width":247,"height":22,"x":0,"y":0},"styleEx":{},"props":{"text":"Total","size":18,"color":"#333","weight":400,"textAlign":"left","verticalAlign":"center","padding":3,"classNames":["fw-semibold"]},"propEx":{},"events":{},"visible":true,"locked":false,"full":false},{"title":"弹性容器","path":"ridge-container/flex","id":"b98k7","style":{"position":"absolute","x":0.702,"y":0,"width":262.93800000000005,"height":25},"styleEx":{},"props":{"direction":"column","justify":"flex-start","alignItems":"flex-start","children":["frpn0"],"gap":8,"padding":0,"border":"0px solid #ccc","classNames":[]},"propEx":{},"events":{},"visible":true,"locked":false,"full":false},{"title":"文本","path":"ridge-bootstrap/typography","id":"em74y","style":{"position":"absolute","visible":true,"width":51,"height":22,"x":1149,"y":0},"styleEx":{},"props":{"text":"$8","size":18,"color":"#333","weight":400,"textAlign":"left","verticalAlign":"top","padding":0,"classNames":["fw-semibold"]},"propEx":{},"events":{},"visible":true,"locked":false,"full":false},{"title":"弹性容器","path":"ridge-container/flex","id":"8ikxi","style":{"position":"absolute","x":0,"y":0,"width":341,"height":33},"styleEx":{},"props":{"direction":"row","justify":"flex-start","alignItems":"flex-start","children":["b98k7","em74y"],"gap":8,"padding":8,"border":"0px solid #ccc","classNames":[]},"propEx":{},"events":{},"visible":true,"locked":false,"full":false},{"title":"签出表单","path":"ridge-sample-store/check-form-store","id":"v12al","style":{"position":"absolute","visible":true,"width":100,"height":36,"x":220,"y":-72},"styleEx":{},"props":{},"propEx":{},"events":{},"visible":true,"locked":false,"full":false,"store":true}],"name":"formCheckout","children":["el2t5","skp8w","v12al"]}