{"version":"1.1.0","style":{"width":1920,"height":2000,"background":"#ffffffff","classNames":[]},"properties":[],"cssFiles":[],"jsFiles":[],"elements":[{"title":"流式容器","path":"ridge-container/flow","id":"c0450","style":{"position":"absolute","visible":true,"width":360,"height":240,"x":364,"y":58},"styleEx":{},"props":{"children":["txhwa","klb40","91qq8","g9l4r"],"gap":8,"border":"1px solid #ccc","classNames":[]},"propEx":{},"events":{},"visible":true,"locked":false,"full":true},{"title":"弹性容器","path":"ridge-container/flex","id":"5c7i4","style":{"position":"absolute","x":0,"y":-216,"width":1358.9999624399038,"height":371},"styleEx":{},"props":{"direction":"column","justify":"flex-start","alignItems":"center","children":["ob7ie","szr77"],"gap":20,"padding":40,"border":"0px solid #ccc","classNames":[]},"propEx":{},"events":{},"visible":true,"locked":false,"full":false},{"title":"文本","path":"ridge-bootstrap/typography","id":"ob7ie","style":{"position":"absolute","visible":true,"width":173,"height":78,"x":-5874,"y":0},"styleEx":{},"props":{"text":"Pricing","size":58,"color":"#333","weight":400,"decoration":"none","textAlign":"left","verticalAlign":"top","padding":0},"propEx":{},"events":{},"visible":true,"locked":false,"full":false},{"title":"文本","path":"ridge-bootstrap/typography","id":"szr77","style":{"position":"absolute","visible":true,"width":718,"height":196,"x":0,"y":0},"styleEx":{},"props":{"text":"Quickly build an effective pricing table for your potential customers with this Bootstrap example. It’s built with default Bootstrap components and utilities with little customization.","size":23,"color":"#333","weight":400,"decoration":"none","textAlign":"start","verticalAlign":"center","padding":0,"classNames":["lh-lg","fw-light"]},"propEx":{},"events":{},"visible":true,"locked":false,"full":false},{"title":"公用样式","path":"ridge-bootstrap/style","id":"69ddf","style":{"position":"absolute","visible":true,"width":100,"height":36,"x":24,"y":-42},"styleEx":{},"props":{},"propEx":{},"events":{},"visible":true,"locked":false,"full":false},{"title":"弹性容器","path":"ridge-container/flex","id":"txhwa","style":{"position":"absolute","x":0,"y":0,"width":1917.9998136182903,"height":384},"styleEx":{},"props":{"direction":"row","justify":"center","alignItems":"center","children":["5c7i4"],"gap":8,"padding":8,"border":"0px solid #ccc","classNames":[]},"propEx":{},"events":{},"visible":true,"locked":false,"full":false},{"title":"弹性容器333","path":"ridge-container/flex","id":"3clil","style":{"position":"absolute","x":264,"y":467,"width":1374.9842852011495,"height":419.96873877514366},"styleEx":{},"props":{"direction":"row","justify":"center","alignItems":"stretch","children":["2uk5h","2qmss","2u0v7"],"gap":30,"padding":8,"border":"0px solid #ccc","classNames":[]},"propEx":{},"events":{},"visible":true,"locked":false,"full":false},{"title":"弹性容器","path":"ridge-container/flex","id":"2uk5h","style":{"position":"absolute","x":779,"y":465,"width":360,"height":403.96875},"styleEx":{},"props":{"direction":"column","justify":"flex-start","alignItems":"center","children":["dp4a7","oyyws","8eke4","qr4l3","64cz0","bpfs8","8kru3"],"gap":8,"padding":0,"border":"0px solid #ccc","classNames":["border-1","border","rounded-3","shadow-sm"]},"propEx":{},"events":{},"visible":true,"locked":true,"full":false},{"title":"文本","path":"ridge-bootstrap/typography","id":"dp4a7","style":{"position":"absolute","visible":true,"width":358,"height":51,"x":1075,"y":0},"styleEx":{},"props":{"text":"Free","size":27,"color":"#333","weight":400,"textAlign":"center","verticalAlign":"center","padding":0,"classNames":["border-bottom","bg-light"]},"propEx":{},"events":{},"visible":true,"locked":false,"full":false},{"title":"流式容器","path":"ridge-container/flow","id":"oyyws","style":{"position":"absolute","x":0,"y":0,"width":117,"height":96},"styleEx":{},"props":{"children":["2qp5g","xli10"],"gap":8,"border":"0px solid #ccc","classNames":[]},"propEx":{},"events":{},"visible":true,"locked":false,"full":false},{"title":"文本","path":"ridge-bootstrap/typography","id":"2qp5g","style":{"position":"absolute","x":0,"y":88,"width":42,"height":85},"styleEx":{},"props":{"text":"$0","size":34,"color":"#333","weight":400,"textAlign":"left","verticalAlign":"end","padding":0,"classNames":["fw-medium"]},"propEx":{},"events":{},"visible":true,"locked":false,"full":false},{"title":"文本","path":"ridge-bootstrap/typography","id":"xli10","style":{"position":"absolute","x":0,"y":150,"width":67,"height":86},"styleEx":{},"props":{"size":28,"color":"#333","weight":400,"textAlign":"left","verticalAlign":"end","padding":0,"text":"/Mo","classNames":["fw-light"]},"propEx":{},"events":{},"visible":true,"locked":false,"full":false},{"title":"文本","path":"ridge-bootstrap/typography","id":"8eke4","style":{"position":"absolute","visible":true,"width":177,"height":25,"x":-34,"y":0},"styleEx":{},"props":{"text":"10 users included","size":16,"color":"#333","weight":400,"textAlign":"left","verticalAlign":"top","padding":0},"propEx":{},"events":{},"visible":true,"locked":false,"full":false},{"title":"弹性容器","path":"ridge-container/flex","id":"klb40","style":{"position":"absolute","visible":true,"width":"100%","height":443,"x":0,"y":0},"styleEx":{},"props":{"direction":"row","justify":"center","alignItems":"flex-start","children":["3clil"],"gap":8,"padding":8,"border":"0px solid #ccc","classNames":[]},"propEx":{},"events":{},"visible":true,"locked":false,"full":false},{"title":"文本","path":"ridge-bootstrap/typography","id":"qoh9c","style":{"position":"absolute","visible":true,"width":192,"height":39,"x":0,"y":0},"styleEx":{},"props":{"text":"10 users included","size":16,"color":"#333","weight":400,"textAlign":"left","verticalAlign":"top","padding":0},"propEx":{},"events":{},"visible":true,"locked":false,"full":false},{"title":"文本","path":"ridge-bootstrap/typography","id":"2bpq4","style":{"position":"absolute","visible":true,"width":192,"height":39,"x":0,"y":0},"styleEx":{},"props":{"text":"10 users included","size":16,"color":"#333","weight":400,"textAlign":"left","verticalAlign":"top","padding":0},"propEx":{},"events":{},"visible":true,"locked":false,"full":false},{"title":"文本","path":"ridge-bootstrap/typography","id":"qr4l3","style":{"position":"absolute","visible":true,"width":172,"height":25,"x":-73,"y":0},"styleEx":{},"props":{"text":"2 GB of storage","size":16,"color":"#333","weight":400,"textAlign":"left","verticalAlign":"top","padding":0},"propEx":{},"events":{},"visible":true,"locked":false,"full":false},{"title":"文本","path":"ridge-bootstrap/typography","id":"64cz0","style":{"position":"absolute","visible":true,"width":174,"height":25,"x":-75,"y":0},"styleEx":{},"props":{"text":"Email support","size":16,"color":"#333","weight":400,"textAlign":"left","verticalAlign":"top","padding":0},"propEx":{},"events":{},"visible":true,"locked":false,"full":false},{"title":"文本","path":"ridge-bootstrap/typography","id":"bpfs8","style":{"position":"absolute","visible":true,"width":172,"height":51,"x":0,"y":0},"styleEx":{},"props":{"text":"Help center access","size":16,"color":"#333","weight":400,"textAlign":"left","verticalAlign":"top","padding":0},"propEx":{},"events":{},"visible":true,"locked":false,"full":false},{"title":"文本","path":"ridge-bootstrap/typography","id":"ery3j","style":{"position":"absolute","visible":true,"width":192,"height":25,"x":0,"y":0},"styleEx":{},"props":{"text":"Email support","size":16,"color":"#333","weight":400,"textAlign":"left","verticalAlign":"top","padding":0},"propEx":{},"events":{},"visible":true,"locked":false,"full":false},{"path":"ridge-bootstrap/button","id":"8kru3","style":{"position":"absolute","visible":true,"width":196,"height":40,"x":10,"y":0},"styleEx":{},"props":{"text":"Sign up for free","type":"primary","btnSize":"","size":18,"icon":"","disabled":false,"outline":true},"propEx":{},"events":{},"visible":true,"locked":false,"full":false},{"title":"文本","path":"ridge-bootstrap/typography","id":"smw7s","style":{"position":"absolute","visible":true,"width":358,"height":51,"x":1075,"y":0},"styleEx":{},"props":{"text":"Pro","size":27,"color":"#333","weight":400,"textAlign":"center","verticalAlign":"center","padding":0,"classNames":["border-bottom","bg-light"]},"propEx":{},"events":{},"visible":true,"locked":false,"full":false},{"title":"文本","path":"ridge-bootstrap/typography","id":"1i18g","style":{"position":"absolute","x":-189,"y":40,"width":63,"height":85},"styleEx":{},"props":{"text":"$29","size":34,"color":"#333","weight":400,"textAlign":"left","verticalAlign":"end","padding":0,"classNames":["fw-medium"]},"propEx":{},"events":{},"visible":true,"locked":false,"full":false},{"title":"文本","path":"ridge-bootstrap/typography","id":"l4re0","style":{"position":"absolute","x":0,"y":150,"width":67,"height":86},"styleEx":{},"props":{"size":28,"color":"#333","weight":400,"textAlign":"left","verticalAlign":"end","padding":0,"text":"/Mo","classNames":["fw-light"]},"propEx":{},"events":{},"visible":true,"locked":false,"full":false},{"title":"流式容器","path":"ridge-container/flow","id":"fkfcu","style":{"position":"absolute","x":88,"y":0,"width":138,"height":96},"styleEx":{},"props":{"children":["1i18g","l4re0"],"gap":8,"border":"0px solid #ccc","classNames":[]},"propEx":{},"events":{},"visible":true,"locked":false,"full":false},{"title":"文本","path":"ridge-bootstrap/typography","id":"yqwbc","style":{"position":"absolute","visible":true,"width":177,"height":25,"x":-34,"y":0},"styleEx":{},"props":{"text":"10 users included","size":16,"color":"#333","weight":400,"textAlign":"left","verticalAlign":"top","padding":0},"propEx":{},"events":{},"visible":true,"locked":false,"full":false},{"title":"文本","path":"ridge-bootstrap/typography","id":"iwacq","style":{"position":"absolute","visible":true,"width":172,"height":25,"x":-73,"y":0},"styleEx":{},"props":{"text":"2 GB of storage","size":16,"color":"#333","weight":400,"textAlign":"left","verticalAlign":"top","padding":0},"propEx":{},"events":{},"visible":true,"locked":false,"full":false},{"title":"文本","path":"ridge-bootstrap/typography","id":"dwrrj","style":{"position":"absolute","visible":true,"width":174,"height":25,"x":-75,"y":0},"styleEx":{},"props":{"text":"Email support","size":16,"color":"#333","weight":400,"textAlign":"left","verticalAlign":"top","padding":0},"propEx":{},"events":{},"visible":true,"locked":false,"full":false},{"title":"文本","path":"ridge-bootstrap/typography","id":"s7e4o","style":{"position":"absolute","visible":true,"width":172,"height":51,"x":0,"y":0},"styleEx":{},"props":{"text":"Help center access","size":16,"color":"#333","weight":400,"textAlign":"left","verticalAlign":"top","padding":0},"propEx":{},"events":{},"visible":true,"locked":false,"full":false},{"path":"ridge-bootstrap/button","id":"25ta4","style":{"position":"absolute","visible":true,"width":196,"height":40,"x":10,"y":0},"styleEx":{},"props":{"text":"Sign up for free","type":"primary","btnSize":"","size":18,"icon":"","disabled":false,"outline":false},"propEx":{},"events":{},"visible":true,"locked":false,"full":false},{"title":"弹性容器","path":"ridge-container/flex","id":"2qmss","style":{"position":"absolute","x":779,"y":465,"width":360,"height":403.96875},"styleEx":{},"props":{"direction":"column","justify":"flex-start","alignItems":"center","children":["smw7s","fkfcu","yqwbc","iwacq","dwrrj","s7e4o","25ta4"],"gap":8,"padding":0,"border":"0px solid #ccc","classNames":["border-1","border","rounded-3","shadow-sm"]},"propEx":{},"events":{},"visible":true,"locked":true,"full":false},{"title":"文本","path":"ridge-bootstrap/typography","id":"y5lsd","style":{"position":"absolute","visible":true,"width":358,"height":51,"x":1075,"y":0},"styleEx":{},"props":{"text":"Enterprise","size":27,"color":"#333","weight":400,"textAlign":"center","verticalAlign":"center","padding":0,"classNames":["border-bottom","bg-light"]},"propEx":{},"events":{},"visible":true,"locked":false,"full":false},{"title":"文本","path":"ridge-bootstrap/typography","id":"746c1","style":{"position":"absolute","x":0,"y":0,"width":62,"height":85},"styleEx":{},"props":{"text":"$49","size":34,"color":"#333","weight":400,"textAlign":"left","verticalAlign":"end","padding":0,"classNames":["fw-medium"]},"propEx":{},"events":{},"visible":true,"locked":false,"full":false},{"title":"文本","path":"ridge-bootstrap/typography","id":"qr9ig","style":{"position":"absolute","x":0,"y":150,"width":67,"height":86},"styleEx":{},"props":{"size":28,"color":"#333","weight":400,"textAlign":"left","verticalAlign":"end","padding":0,"text":"/Mo","classNames":["fw-light"]},"propEx":{},"events":{},"visible":true,"locked":false,"full":false},{"title":"流式容器","path":"ridge-container/flow","id":"a652c","style":{"position":"absolute","x":231,"y":0,"width":138,"height":96},"styleEx":{},"props":{"children":["746c1","qr9ig"],"gap":8,"border":"0px solid #ccc","classNames":[]},"propEx":{},"events":{},"visible":true,"locked":false,"full":false},{"title":"文本","path":"ridge-bootstrap/typography","id":"acuku","style":{"position":"absolute","visible":true,"width":177,"height":25,"x":-34,"y":0},"styleEx":{},"props":{"text":"10 users included","size":16,"color":"#333","weight":400,"textAlign":"left","verticalAlign":"top","padding":0},"propEx":{},"events":{},"visible":true,"locked":false,"full":false},{"title":"文本","path":"ridge-bootstrap/typography","id":"aeqyi","style":{"position":"absolute","visible":true,"width":172,"height":25,"x":-73,"y":0},"styleEx":{},"props":{"text":"2 GB of storage","size":16,"color":"#333","weight":400,"textAlign":"left","verticalAlign":"top","padding":0},"propEx":{},"events":{},"visible":true,"locked":false,"full":false},{"title":"文本","path":"ridge-bootstrap/typography","id":"z0xel","style":{"position":"absolute","visible":true,"width":174,"height":25,"x":-75,"y":0},"styleEx":{},"props":{"text":"Email support","size":16,"color":"#333","weight":400,"textAlign":"left","verticalAlign":"top","padding":0},"propEx":{},"events":{},"visible":true,"locked":false,"full":false},{"title":"文本","path":"ridge-bootstrap/typography","id":"560hk","style":{"position":"absolute","visible":true,"width":172,"height":51,"x":0,"y":0},"styleEx":{},"props":{"text":"Help center access","size":16,"color":"#333","weight":400,"textAlign":"left","verticalAlign":"top","padding":0},"propEx":{},"events":{},"visible":true,"locked":false,"full":false},{"path":"ridge-bootstrap/button","id":"gsmia","style":{"position":"absolute","visible":true,"width":196,"height":40,"x":10,"y":0},"styleEx":{},"props":{"text":"Sign up for free","type":"primary","btnSize":"","size":18,"icon":"","disabled":false,"outline":false},"propEx":{},"events":{},"visible":true,"locked":false,"full":false},{"title":"弹性容器","path":"ridge-container/flex","id":"2u0v7","style":{"position":"absolute","x":779,"y":465,"width":360,"height":403.96875},"styleEx":{},"props":{"direction":"column","justify":"flex-start","alignItems":"center","children":["y5lsd","a652c","acuku","aeqyi","z0xel","560hk","gsmia"],"gap":8,"padding":0,"border":"0px solid #ccc","classNames":["border-1","border","rounded-3","shadow-sm"]},"propEx":{},"events":{},"visible":true,"locked":true,"full":false},{"title":"文本","path":"ridge-bootstrap/typography","id":"91qq8","style":{"position":"absolute","x":0,"y":972,"width":1918.000119231468,"height":112.99999148346657},"styleEx":{},"props":{"text":"Compare plans","size":38,"color":"#333","weight":400,"textAlign":"center","verticalAlign":"center","padding":0},"propEx":{},"events":{},"visible":true,"locked":false,"full":false},{"title":"弹性容器","path":"ridge-container/flex","id":"g9l4r","style":{"position":"absolute","visible":true,"width":"100%","height":478,"x":0,"y":0},"styleEx":{},"props":{"direction":"column","justify":"flex-start","alignItems":"center","children":["cjty9","6ghly","gww6s","0pnq1","ijnj5","n6mi0"],"gap":8,"padding":8,"border":"0px solid #ccc","classNames":[]},"propEx":{},"events":{},"visible":true,"locked":false,"full":false},{"title":"弹性容器","path":"ridge-container/flex","id":"cjty9","style":{"position":"absolute","x":-0.235,"y":0,"width":1079.99,"height":58},"styleEx":{},"props":{"direction":"row","justify":"flex-start","alignItems":"center","children":["n0i41","xz2xx","rwb1n","er59u"],"gap":8,"padding":8,"border":"0px solid #ccc","classNames":["border-bottom"]},"propEx":{},"events":{},"visible":true,"locked":false,"full":false},{"title":"文本","path":"ridge-bootstrap/typography","id":"n0i41","style":{"position":"absolute","visible":true,"width":493,"height":22,"x":0,"y":0},"styleEx":{},"props":{"text":"文本","size":16,"color":"#333","weight":400,"textAlign":"left","verticalAlign":"top","padding":0},"propEx":{},"events":{},"visible":true,"locked":false,"full":false},{"title":"文本","path":"ridge-bootstrap/typography","id":"xz2xx","style":{"position":"absolute","x":0,"y":0,"width":201,"height":22.00002670288086},"styleEx":{},"props":{"text":"Free","size":20,"color":"#333","weight":400,"textAlign":"left","verticalAlign":"top","padding":0,"classNames":["fw-semibold"]},"propEx":{},"events":{},"visible":true,"locked":false,"full":false},{"title":"文本","path":"ridge-bootstrap/typography","id":"rwb1n","style":{"position":"absolute","x":0,"y":0,"width":201,"height":22.00002670288086},"styleEx":{},"props":{"text":"Pro","size":20,"color":"#333","weight":400,"textAlign":"left","verticalAlign":"top","padding":0,"classNames":["fw-semibold"]},"propEx":{},"events":{},"visible":true,"locked":false,"full":false},{"title":"文本","path":"ridge-bootstrap/typography","id":"er59u","style":{"position":"absolute","x":0,"y":0,"width":201,"height":22.00002670288086},"styleEx":{},"props":{"text":"Enterprise","size":20,"color":"#333","weight":400,"textAlign":"left","verticalAlign":"top","padding":0,"classNames":["fw-semibold"]},"propEx":{},"events":{},"visible":true,"locked":false,"full":false},{"title":"文本","path":"ridge-bootstrap/typography","id":"attkz","style":{"position":"absolute","visible":true,"width":493,"height":22,"x":0,"y":0},"styleEx":{},"props":{"text":"Public\t\t\t","size":16,"color":"#333","weight":400,"textAlign":"left","verticalAlign":"top","padding":0},"propEx":{},"events":{},"visible":true,"locked":false,"full":false},{"title":"文本","path":"ridge-bootstrap/typography","id":"jdgp3","style":{"position":"absolute","x":0,"y":0,"width":201,"height":22.00002670288086},"styleEx":{},"props":{"size":20,"color":"#333","weight":400,"textAlign":"left","verticalAlign":"top","padding":0,"classNames":[],"text":"√"},"propEx":{},"events":{},"visible":true,"locked":false,"full":false},{"title":"文本","path":"ridge-bootstrap/typography","id":"arj14","style":{"position":"absolute","x":0,"y":0,"width":201,"height":22.00002670288086},"styleEx":{},"props":{"text":"√","size":20,"color":"#333","weight":400,"textAlign":"left","verticalAlign":"top","padding":0,"classNames":[]},"propEx":{},"events":{},"visible":true,"locked":false,"full":false},{"title":"文本","path":"ridge-bootstrap/typography","id":"7sx4e","style":{"position":"absolute","x":0,"y":0,"width":201,"height":22.00002670288086},"styleEx":{},"props":{"text":"√","size":20,"color":"#333","weight":400,"textAlign":"left","verticalAlign":"top","padding":0,"classNames":[]},"propEx":{},"events":{},"visible":true,"locked":false,"full":false},{"title":"弹性容器","path":"ridge-container/flex","id":"6ghly","style":{"position":"absolute","x":-0.045,"y":0,"width":1079.99,"height":47},"styleEx":{},"props":{"direction":"row","justify":"flex-start","alignItems":"center","children":["attkz","jdgp3","arj14","7sx4e"],"gap":8,"padding":8,"border":"0px solid #ccc","classNames":["border-bottom"]},"propEx":{},"events":{},"visible":true,"locked":false,"full":false},{"title":"文本","path":"ridge-bootstrap/typography","id":"fxnjo","style":{"position":"absolute","visible":true,"width":493,"height":22,"x":0,"y":0},"styleEx":{},"props":{"text":"Public\t\t\t","size":16,"color":"#333","weight":400,"textAlign":"left","verticalAlign":"top","padding":0},"propEx":{},"events":{},"visible":true,"locked":false,"full":false},{"title":"文本","path":"ridge-bootstrap/typography","id":"5em88","style":{"position":"absolute","x":0,"y":0,"width":201,"height":22.00002670288086},"styleEx":{},"props":{"size":20,"color":"#333","weight":400,"textAlign":"left","verticalAlign":"top","padding":0,"classNames":[]},"propEx":{},"events":{},"visible":true,"locked":false,"full":false},{"title":"文本","path":"ridge-bootstrap/typography","id":"kf8ji","style":{"position":"absolute","x":0,"y":0,"width":201,"height":22.00002670288086},"styleEx":{},"props":{"text":"√","size":20,"color":"#333","weight":400,"textAlign":"left","verticalAlign":"top","padding":0,"classNames":[]},"propEx":{},"events":{},"visible":true,"locked":false,"full":false},{"title":"文本","path":"ridge-bootstrap/typography","id":"nelci","style":{"position":"absolute","x":0,"y":0,"width":201,"height":22.00002670288086},"styleEx":{},"props":{"text":"√","size":20,"color":"#333","weight":400,"textAlign":"left","verticalAlign":"top","padding":0,"classNames":[]},"propEx":{},"events":{},"visible":true,"locked":false,"full":false},{"title":"弹性容器","path":"ridge-container/flex","id":"gww6s","style":{"position":"absolute","x":-0.045,"y":0,"width":1079.99,"height":47},"styleEx":{},"props":{"direction":"row","justify":"flex-start","alignItems":"center","children":["fxnjo","5em88","kf8ji","nelci"],"gap":8,"padding":8,"border":"0px solid #ccc","classNames":["border-bottom"]},"propEx":{},"events":{},"visible":true,"locked":false,"full":false},{"title":"文本","path":"ridge-bootstrap/typography","id":"93mq7","style":{"position":"absolute","visible":true,"width":493,"height":22,"x":0,"y":0},"styleEx":{},"props":{"text":"Public\t\t\t","size":16,"color":"#333","weight":400,"textAlign":"left","verticalAlign":"top","padding":0},"propEx":{},"events":{},"visible":true,"locked":false,"full":false},{"title":"文本","path":"ridge-bootstrap/typography","id":"i6eoz","style":{"position":"absolute","x":0,"y":0,"width":201,"height":22.00002670288086},"styleEx":{},"props":{"size":20,"color":"#333","weight":400,"textAlign":"left","verticalAlign":"top","padding":0,"classNames":[]},"propEx":{},"events":{},"visible":true,"locked":false,"full":false},{"title":"文本","path":"ridge-bootstrap/typography","id":"d9zym","style":{"position":"absolute","x":0,"y":0,"width":201,"height":22.00002670288086},"styleEx":{},"props":{"text":"√","size":20,"color":"#333","weight":400,"textAlign":"left","verticalAlign":"top","padding":0,"classNames":[]},"propEx":{},"events":{},"visible":true,"locked":false,"full":false},{"title":"文本","path":"ridge-bootstrap/typography","id":"95otv","style":{"position":"absolute","x":0,"y":0,"width":201,"height":22.00002670288086},"styleEx":{},"props":{"text":"√","size":20,"color":"#333","weight":400,"textAlign":"left","verticalAlign":"top","padding":0,"classNames":[]},"propEx":{},"events":{},"visible":true,"locked":false,"full":false},{"title":"弹性容器","path":"ridge-container/flex","id":"0pnq1","style":{"position":"absolute","x":-0.045,"y":0,"width":1079.99,"height":47},"styleEx":{},"props":{"direction":"row","justify":"flex-start","alignItems":"center","children":["93mq7","i6eoz","d9zym","95otv"],"gap":8,"padding":8,"border":"0px solid #ccc","classNames":["border-bottom"]},"propEx":{},"events":{},"visible":true,"locked":false,"full":false},{"title":"文本","path":"ridge-bootstrap/typography","id":"iqf6l","style":{"position":"absolute","visible":true,"width":493,"height":22,"x":0,"y":0},"styleEx":{},"props":{"text":"Public\t\t\t","size":16,"color":"#333","weight":400,"textAlign":"left","verticalAlign":"top","padding":0},"propEx":{},"events":{},"visible":true,"locked":false,"full":false},{"title":"文本","path":"ridge-bootstrap/typography","id":"417ta","style":{"position":"absolute","x":0,"y":0,"width":201,"height":22.00002670288086},"styleEx":{},"props":{"size":20,"color":"#333","weight":400,"textAlign":"left","verticalAlign":"top","padding":0,"classNames":[]},"propEx":{},"events":{},"visible":true,"locked":false,"full":false},{"title":"文本","path":"ridge-bootstrap/typography","id":"24y12","style":{"position":"absolute","x":0,"y":0,"width":201,"height":22.00002670288086},"styleEx":{},"props":{"size":20,"color":"#333","weight":400,"textAlign":"left","verticalAlign":"top","padding":0,"classNames":[]},"propEx":{},"events":{},"visible":true,"locked":false,"full":false},{"title":"文本","path":"ridge-bootstrap/typography","id":"s75fm","style":{"position":"absolute","x":0,"y":0,"width":201,"height":22.00002670288086},"styleEx":{},"props":{"text":"√","size":20,"color":"#333","weight":400,"textAlign":"left","verticalAlign":"top","padding":0,"classNames":[]},"propEx":{},"events":{},"visible":true,"locked":false,"full":false},{"title":"弹性容器","path":"ridge-container/flex","id":"ijnj5","style":{"position":"absolute","x":-0.045,"y":0,"width":1079.99,"height":47},"styleEx":{},"props":{"direction":"row","justify":"flex-start","alignItems":"center","children":["iqf6l","417ta","24y12","s75fm"],"gap":8,"padding":8,"border":"0px solid #ccc","classNames":["border-bottom"]},"propEx":{},"events":{},"visible":true,"locked":false,"full":false},{"title":"文本","path":"ridge-bootstrap/typography","id":"ezte4","style":{"position":"absolute","visible":true,"width":493,"height":22,"x":0,"y":0},"styleEx":{},"props":{"text":"Public\t\t\t","size":16,"color":"#333","weight":400,"textAlign":"left","verticalAlign":"top","padding":0},"propEx":{},"events":{},"visible":true,"locked":false,"full":false},{"title":"文本","path":"ridge-bootstrap/typography","id":"63gsy","style":{"position":"absolute","x":0,"y":0,"width":201,"height":22.00002670288086},"styleEx":{},"props":{"size":20,"color":"#333","weight":400,"textAlign":"left","verticalAlign":"top","padding":0,"classNames":[]},"propEx":{},"events":{},"visible":true,"locked":false,"full":false},{"title":"文本","path":"ridge-bootstrap/typography","id":"r2gc0","style":{"position":"absolute","x":0,"y":0,"width":201,"height":22.00002670288086},"styleEx":{},"props":{"size":20,"color":"#333","weight":400,"textAlign":"left","verticalAlign":"top","padding":0,"classNames":[]},"propEx":{},"events":{},"visible":true,"locked":false,"full":false},{"title":"文本","path":"ridge-bootstrap/typography","id":"fte19","style":{"position":"absolute","x":0,"y":0,"width":201,"height":22.00002670288086},"styleEx":{},"props":{"text":"√","size":20,"color":"#333","weight":400,"textAlign":"left","verticalAlign":"top","padding":0,"classNames":[]},"propEx":{},"events":{},"visible":true,"locked":false,"full":false},{"title":"弹性容器","path":"ridge-container/flex","id":"n6mi0","style":{"position":"absolute","x":-0.045,"y":0,"width":1079.99,"height":47},"styleEx":{},"props":{"direction":"row","justify":"flex-start","alignItems":"center","children":["ezte4","63gsy","r2gc0","fte19"],"gap":8,"padding":8,"border":"0px solid #ccc","classNames":["border-bottom"]},"propEx":{},"events":{},"visible":true,"locked":false,"full":false}],"name":"pricing","children":["c0450","69ddf"]}