{"version":"1.1.0","style":{"width":1400,"height":56,"background":"","classNames":[]},"properties":[],"cssFiles":[],"jsFiles":[],"elements":[{"title":"弹性容器","path":"ridge-container/flex","id":"khaoj","style":{"position":"absolute","visible":true,"width":360,"height":240,"x":0,"y":0},"styleEx":{},"props":{"direction":"row","justify":"center","alignItems":"flex-start","children":["nvz7n"],"gap":0,"padding":0,"border":"0px solid #ccc","classNames":["bg-light"]},"propEx":{},"events":{},"visible":true,"locked":false,"full":true},{"title":"弹性容器","path":"ridge-container/flex","id":"nvz7n","style":{"position":"absolute","visible":true,"width":1376,"height":56,"x":0,"y":0},"styleEx":{},"props":{"direction":"row","justify":"flex-start","alignItems":"center","children":["gvofw","ming5","jh6lf","aqjqg","7rq5w"],"gap":8,"padding":8,"border":"0px solid #ccc","classNames":[]},"propEx":{},"events":{},"visible":true,"locked":false,"full":false},{"title":"图片","path":"ridge-basic/image","id":"gvofw","style":{"position":"absolute","x":0,"y":16,"width":67,"height":37},"styleEx":{},"props":{"src":"/images/ridge-r.svg","objectFit":"contain","className":["bootstrap"]},"propEx":{},"events":{},"visible":true,"locked":false,"full":false},{"title":"按钮","path":"ridge-bootstrap/button","id":"ming5","style":{"position":"absolute","visible":true,"width":80,"height":33,"x":0,"y":7},"styleEx":{},"props":{"type":"light","size":14,"icon":"","disabled":false,"text":"首页"},"propEx":{},"events":{},"visible":true,"locked":false,"full":false},{"title":"按钮","path":"ridge-bootstrap/button","id":"jh6lf","style":{"position":"absolute","x":183,"y":11,"width":80,"height":34},"styleEx":{},"props":{"type":"light","btnSize":"","size":14,"icon":"","disabled":false,"text":"示例"},"propEx":{},"events":{},"visible":true,"locked":false,"full":false},{"title":"按钮","path":"ridge-bootstrap/button","id":"7rq5w","style":{"position":"absolute","x":0,"y":0,"width":94,"height":34},"styleEx":{},"props":{"type":"light","btnSize":"","size":14,"icon":"","disabled":false,"text":"版本计划"},"propEx":{},"events":{},"visible":true,"locked":false,"full":false},{"title":"按钮","path":"ridge-bootstrap/button","id":"aqjqg","style":{"position":"absolute","visible":true,"width":80,"height":32,"x":226,"y":10},"styleEx":{},"props":{"type":"light","btnSize":"","size":14,"icon":"","disabled":false,"text":"文档"},"propEx":{},"events":{},"visible":true,"locked":false,"full":false},{"title":"公用样式","path":"ridge-bootstrap/style","id":"ugpmn","style":{"position":"absolute","visible":true,"width":100,"height":36,"x":0,"y":-57},"styleEx":{},"props":{},"propEx":{},"events":{},"visible":true,"locked":false,"full":false}],"name":"site-header","children":["khaoj","ugpmn"]}