{"id":"4rkibdtb93","version":"1.0.0","states":[],"reducers":[],"properties":{"type":"static","cssFiles":[],"jsFiles":["/js/ky.js","/js/weather.js"],"classNames":[],"width":1366,"height":768,"name":"Weather","background":"#ffffffff"},"elements":[{"title":"文本","id":"v5apy","isNew":true,"path":"ridge-basic/text","style":{"position":"absolute","visible":true,"width":209,"height":32,"x":164,"y":90,"zIndex":10},"styleEx":{},"props":{"text":"城市34","fontFamily":"Microsoft Yahei","fontSize":19,"color":"#ffffffff","textAlign":"left","verticalAlign":"center","borderWidth":0,"borderStyle":"solid","borderColor":"#AAA","padding":"0 0 0 0","borderRadius":"0px","fontWeight":false},"propEx":{"text":"weather.mainCity.name"},"events":{}},{"title":"文本","id":"3gtii0qo","isNew":true,"path":"ridge-basic/text","style":{"position":"absolute","visible":true,"width":101,"height":75,"x":108,"y":84,"zIndex":100},"styleEx":{},"props":{"text":"20","fontSize":60,"color":"#ffffffff","textAlign":"left","verticalAlign":"center","borderWidth":0,"borderStyle":"solid","borderColor":"#AAA","padding":"0 0 0 0","borderRadius":"0px"},"propEx":{"text":"weather.mainCity.temprh"},"events":{}},{"title":"文本","id":"yzxcl5lw","isNew":true,"path":"ridge-basic/text","style":{"position":"absolute","visible":true,"width":157,"height":19,"x":189,"y":127,"zIndex":100},"styleEx":{},"props":{"text":"晴转多云","fontFamily":"default","fontSize":16,"color":"#ffffffff","textAlign":"left","verticalAlign":"top","borderWidth":0,"borderStyle":"solid","borderColor":"#AAA","padding":"0 0 0 0","borderRadius":"0px"},"propEx":{"text":"weather.mainCity.sum"},"events":{}},{"title":"矩形","id":"wrn9l","isNew":true,"path":"ridge-basic/rect","style":{"position":"absolute","visible":true,"width":398,"height":188,"x":519,"y":64,"locked":false,"zIndex":1,"full":false},"styleEx":{},"props":{"borderWidth":1,"borderStyle":"solid","borderColor":"#AAA","backgroundColor":"#ffe1ceff","background":"linear-gradient(0deg, #188eeeff 0%, #217bdbff 100%)"},"propEx":{},"events":{"onClick":[{"method":"weather.loadCityMap"}]}},{"title":"文本","id":"m5712icd","isNew":true,"path":"ridge-basic/text","style":{"position":"absolute","visible":true,"width":39,"height":48,"x":178,"y":83,"zIndex":100},"styleEx":{},"props":{"text":"℃","fontFamily":"YouYuan","fontSize":30,"color":"#ffffffff","textAlign":"left","verticalAlign":"center","borderWidth":0,"borderStyle":"solid","borderColor":"#AAA","padding":"0 0 0 0","borderRadius":"0px"},"propEx":{},"events":{}},{"title":"文本","id":"thghu095","isNew":true,"path":"ridge-basic/text","style":{"position":"absolute","visible":true,"width":178,"height":23,"x":110,"y":170,"zIndex":100},"styleEx":{},"props":{"text":"晴转多云","fontFamily":"Microsoft Yahei","fontSize":16,"color":"#ffffffff","textAlign":"left","verticalAlign":"top","borderWidth":0,"borderStyle":"solid","borderColor":"#AAA","padding":"0 0 0 0","borderRadius":"0px"},"propEx":{"text":"weather.mainCity.wind"},"events":{}},{"title":"文本","id":"cjob0","isNew":true,"path":"ridge-basic/text","style":{"position":"absolute","visible":true,"width":171,"height":25,"x":288,"y":42,"zIndex":7},"styleEx":{},"props":{"text":"文本","fontFamily":"default","fontSize":14,"color":"#ffffffff","textAlign":"end","verticalAlign":"center","borderWidth":0,"borderStyle":"solid","borderColor":"#AAA","padding":"0 0 0 0","borderRadius":"0px"},"propEx":{"text":"weather.lastUpdate"},"events":{}},{"title":"文本","id":"8nd33lfi","isNew":true,"path":"ridge-basic/text","style":{"position":"absolute","visible":true,"width":178,"height":23,"x":110,"y":193,"zIndex":100},"styleEx":{},"props":{"text":"晴转多云","fontFamily":"Microsoft Yahei","fontSize":16,"color":"#ffffffff","textAlign":"left","verticalAlign":"top","borderWidth":0,"borderStyle":"solid","borderColor":"#AAA","padding":"0 0 0 0","borderRadius":"0px"},"propEx":{"text":"weather.mainCity.windpower"},"events":{}}],"name":"Weather"}