{"version":"1.0.0","states":[],"reducers":[],"properties":{"type":"static","width":1366,"height":768},"elements":[{"title":"绝对容器","id":"hmu90","isNew":true,"path":"ridge-container/relative","style":{"position":"absolute","visible":true,"width":584,"height":279,"x":99,"y":35},"styleEx":{},"props":{"rectStyle":{"borderStyle":"solid","borderWidth":"6px 1px 1px 6px","borderColor":"#00947eff"},"children":["l0zsq","0wmca"]},"propEx":{},"events":{}},{"title":"按钮","id":"l0zsq","isNew":true,"path":"ridge-bulma/button","style":{"position":"absolute","visible":true,"width":80.99989402007435,"height":42.96876303275416,"x":484.420865023205,"y":212.09919143703712,"relative":["right","bottom"]},"styleEx":{},"props":{"text":"按钮","fontStyle":{},"color":"is-primary"},"propEx":{},"events":{},"parent":"hmu90"},{"title":"按钮","id":"l18mw","isNew":true,"path":"ridge-bulma/button","style":{"position":"absolute","visible":true,"width":154,"height":254,"x":1249,"y":587},"styleEx":{},"props":{"text":"按钮","fontStyle":{},"color":"is-primary"},"propEx":{},"events":{}},{"title":"按钮","id":"0wmca","isNew":true,"path":"ridge-bulma/button","style":{"position":"absolute","visible":true,"width":202.95310540089872,"height":40.93749782562342,"x":16.04474508268911,"y":11.70525732362892,"relative":["top","left"]},"styleEx":{},"props":{"text":"按钮","fontStyle":{},"color":"is-primary"},"propEx":{},"events":{},"parent":"hmu90"},{"title":"按钮","id":"wn3ku","isNew":true,"path":"ridge-bulma/button","style":{"position":"absolute","visible":true,"width":80,"height":40,"x":149,"y":659},"styleEx":{},"props":{"text":"按钮","fontStyle":{},"color":"is-primary"},"propEx":{},"events":{}},{"title":"按钮","id":"1rxro","isNew":true,"path":"ridge-bulma/button","style":{"position":"absolute","visible":true,"width":80,"height":40,"x":426,"y":658},"styleEx":{},"props":{"text":"按钮","fontStyle":{},"color":"is-primary"},"propEx":{},"events":{}}],"name":"新建页面(2)"}