{"id":"lz0jua83wb","version":"1.0.0","states":[],"reducers":[],"properties":{"type":"fixed","width":800,"height":600},"elements":[{"title":"图标","id":"ffxga","isNew":true,"path":"ridge-bulma/icon","style":{"position":"absolute","visible":true,"width":34,"height":29,"x":343.4000549316406,"y":463},"styleEx":{},"props":{"icon":"<svg xmlns=\"http://www.w3.org/2000/svg\" width=\"16\" height=\"16\" fill=\"currentColor\" class=\"bi bi-brightness-alt-high\" viewBox=\"0 0 16 16\">\n  <path d=\"M8 3a.5.5 0 0 1 .5.5v2a.5.5 0 0 1-1 0v-2A.5.5 0 0 1 8 3zm8 8a.5.5 0 0 1-.5.5h-2a.5.5 0 0 1 0-1h2a.5.5 0 0 1 .5.5zm-13.5.5a.5.5 0 0 0 0-1h-2a.5.5 0 0 0 0 1h2zm11.157-6.157a.5.5 0 0 1 0 .707l-1.414 1.414a.5.5 0 1 1-.707-.707l1.414-1.414a.5.5 0 0 1 .707 0zm-9.9 2.121a.5.5 0 0 0 .707-.707L3.05 5.343a.5.5 0 1 0-.707.707l1.414 1.414zM8 7a4 4 0 0 0-4 4 .5.5 0 0 0 .5.5h7a.5.5 0 0 0 .5-.5 4 4 0 0 0-4-4zm0 1a3 3 0 0 1 2.959 2.5H5.04A3 3 0 0 1 8 8z\"/>\n</svg>"},"propEx":{},"events":{},"parent":"6drtl"},{"title":"多行容器","id":"vo6v4","isNew":true,"path":"ridge-container/flowColumn","style":{"position":"absolute","visible":true,"width":417,"height":274,"x":0,"y":0,"borderStyle":"solid","borderWidth":"0px 0px 0px 0px","full":true},"styleEx":{},"props":{"rectStyle":{},"children":["k5cdg","kmlv3","1oev8","5eyot"]},"propEx":{},"events":{}},{"title":"弹性容器","id":"k5cdg","isNew":true,"path":"ridge-container/flex","style":{"position":"absolute","visible":true,"width":180,"height":60,"x":342,"y":421},"styleEx":{},"props":{"direction":"row","justify":"flex-start","alignItems":"flex-start","gap":8,"rectStyle":{}},"propEx":{},"events":{},"parent":"vo6v4"},{"title":"下拉框","id":"kmlv3","isNew":true,"path":"ridge-basic/select","style":{"position":"absolute","visible":true,"width":160,"height":28},"styleEx":{},"props":{"value":"","placeholder":"请输入内容","options":[{"label":"选项1","value":"key1"},{"label":"选项2","value":"key2"},{"label":"选项3","value":"key3"}],"fontFamily":"default","fontSize":16,"borderWidth":0,"borderStyle":"solid","borderRadius":0,"classNames":[]},"propEx":{},"events":{},"parent":"vo6v4"},{"title":"复选框","id":"1oev8","isNew":true,"path":"ridge-basic/checkbox","style":{"position":"absolute","visible":true,"width":90,"height":24},"styleEx":{},"props":{"border":"1px solid #ccc","borderRadius":0},"propEx":{},"events":{},"parent":"vo6v4"},{"title":"多行输入","id":"5eyot","isNew":true,"path":"ridge-basic/textarea","style":{"position":"absolute","visible":true,"width":247,"height":100,"x":0,"y":0},"styleEx":{},"props":{"value":"","placeholder":"请输入文本","fontFamily":"default","fontSize":16,"color":"#333","borderWidth":0,"borderStyle":"solid","borderRadius":0,"padding":0,"classNames":[]},"propEx":{},"events":{},"parent":"vo6v4"}],"name":"新建页面"}