{
  "version": "1.2.0",
  "style": {
    "width": 800,
    "height": 720,
    "background": "",
    "classNames": []
  },
  "properties": {},
  "cssFiles": [],
  "jsFiles": [
    "composite:///hello.js"
  ],
  "elements": [
    {
      "title": "弹性容器",
      "path": "ridge-container/flex",
      "id": "dtg33rc2v9",
      "style": {
        "position": "absolute",
        "visible": true,
        "x": 12,
        "y": 56,
        "width": 360,
        "height": 240
      },
      "styleEx": {},
      "props": {
        "direction": "column",
        "justify": "center",
        "alignItems": "center",
        "flexWrap": false,
        "children": [
          "k0s2gi0nec",
          "tuf51346pa",
          "3diaaboyy6",
          "2f6y6sp31r",
          "zme2msefdh",
          "tfjdkvmf9z"
        ],
        "gap": 0,
        "padding": 0,
        "hoverable": false,
        "rectStyle": {},
        "classList": [
          "ridge-bootstrap/bg-info-subtle"
        ]
      },
      "propEx": {},
      "events": {},
      "visible": true,
      "locked": false,
      "full": true,
      "slots": []
    },
    {
      "title": "滑动切换",
      "path": "ridge-text/bouncy",
      "id": "yikb299m51",
      "style": {
        "position": "absolute",
        "visible": true,
        "x": 0,
        "y": -73,
        "width": 64,
        "height": 64,
        "autoHeight": false,
        "alignSelfStretch": false
      },
      "styleEx": {},
      "props": {
        "color": "",
        "bgcolor": "",
        "fontSize": 44,
        "classList": [
          "ridge-bootstrap/bg-primary-subtle",
          "ridge-bootstrap/rounded-3",
          "ridge-bootstrap/shadow-sm"
        ],
        "text": "00"
      },
      "propEx": {
        "text": "Hello.state.timeHour"
      },
      "events": {},
      "visible": true,
      "locked": false,
      "full": false,
      "slots": []
    },
    {
      "title": "弹性容器_2",
      "path": "ridge-container/flex",
      "id": "3diaaboyy6",
      "style": {
        "position": "absolute",
        "visible": true,
        "x": 0,
        "y": -132,
        "width": 365,
        "height": 99
      },
      "styleEx": {},
      "props": {
        "direction": "row",
        "justify": "center",
        "alignItems": "center",
        "flexWrap": false,
        "children": [
          "yikb299m51",
          "7u2hpvqs6e",
          "lad828vb5t",
          "vq1jhviaxi",
          "1r9lw8c0yk",
          "5dva4s4g5a",
          "pl4hmghozw"
        ],
        "gap": 8,
        "padding": 8,
        "hoverable": false,
        "rectStyle": {},
        "classList": []
      },
      "propEx": {},
      "events": {},
      "visible": true,
      "locked": false,
      "full": false,
      "slots": []
    },
    {
      "title": "文本_1",
      "path": "ridge-bootstrap/typography",
      "id": "7u2hpvqs6e",
      "style": {
        "position": "absolute",
        "visible": true,
        "x": 0,
        "y": 0,
        "width": 16,
        "height": 69
      },
      "styleEx": {},
      "props": {
        "color": "",
        "bgcolor": "",
        "fontSize": 40,
        "fontFamily": "",
        "ellipsis": false,
        "clamp": 1,
        "center": false,
        "classList": [],
        "text": ":"
      },
      "propEx": {},
      "events": {},
      "visible": true,
      "locked": false,
      "full": false,
      "slots": []
    },
    {
      "title": "滑动切换",
      "path": "ridge-text/bouncy",
      "id": "lad828vb5t",
      "style": {
        "position": "absolute",
        "visible": true,
        "x": 0,
        "y": -45,
        "width": 64,
        "height": 64,
        "autoHeight": false,
        "alignSelfStretch": false
      },
      "styleEx": {},
      "props": {
        "color": "",
        "bgcolor": "",
        "fontSize": 44,
        "classList": [
          "ridge-bootstrap/bg-primary-subtle",
          "ridge-bootstrap/rounded-3",
          "ridge-bootstrap/shadow-sm"
        ],
        "text": "00"
      },
      "propEx": {
        "text": "Hello.state.timeMinutes"
      },
      "events": {},
      "visible": true,
      "locked": false,
      "full": false,
      "slots": []
    },
    {
      "title": "文本_1",
      "path": "ridge-bootstrap/typography",
      "id": "vq1jhviaxi",
      "style": {
        "position": "absolute",
        "visible": true,
        "x": 0,
        "y": 0,
        "width": 16,
        "height": 69
      },
      "styleEx": {},
      "props": {
        "color": "",
        "bgcolor": "",
        "fontSize": 40,
        "fontFamily": "",
        "ellipsis": false,
        "clamp": 1,
        "center": false,
        "classList": [],
        "text": ":"
      },
      "propEx": {},
      "events": {},
      "visible": true,
      "locked": false,
      "full": false,
      "slots": []
    },
    {
      "title": "滑动切换",
      "path": "ridge-text/bouncy",
      "id": "1r9lw8c0yk",
      "style": {
        "position": "absolute",
        "visible": true,
        "x": 0,
        "y": 0,
        "width": 64,
        "height": 64,
        "autoHeight": false,
        "alignSelfStretch": false
      },
      "styleEx": {},
      "props": {
        "color": "",
        "bgcolor": "",
        "fontSize": 44,
        "classList": [
          "ridge-bootstrap/rounded-3",
          "ridge-bootstrap/shadow-sm",
          "ridge-bootstrap/bg-primary-subtle"
        ],
        "text": "00"
      },
      "propEx": {
        "text": "Hello.state.timeSeconds"
      },
      "events": {},
      "visible": true,
      "locked": false,
      "full": false,
      "slots": []
    },
    {
      "title": "滑动切换",
      "path": "ridge-text/bouncy",
      "id": "pl4hmghozw",
      "style": {
        "position": "absolute",
        "visible": true,
        "x": 0,
        "y": 7,
        "width": 44,
        "height": 44,
        "autoHeight": false,
        "alignSelfStretch": false
      },
      "styleEx": {},
      "props": {
        "color": "",
        "bgcolor": "",
        "fontSize": 20,
        "classList": [
          "ridge-bootstrap/bg-primary-subtle",
          "ridge-bootstrap/rounded-3",
          "ridge-bootstrap/shadow-sm"
        ],
        "text": "-"
      },
      "propEx": {
        "text": "Hello.state.timeHalf"
      },
      "events": {},
      "visible": true,
      "locked": false,
      "full": false,
      "slots": []
    },
    {
      "title": "文本_1",
      "path": "ridge-bootstrap/typography",
      "id": "5dva4s4g5a",
      "style": {
        "position": "absolute",
        "visible": true,
        "x": 0,
        "y": 0,
        "width": 8,
        "height": 69
      },
      "styleEx": {},
      "props": {
        "color": "",
        "bgcolor": "",
        "fontSize": 40,
        "fontFamily": "",
        "ellipsis": false,
        "clamp": 1,
        "center": false,
        "classList": []
      },
      "propEx": {},
      "events": {},
      "visible": true,
      "locked": false,
      "full": false,
      "slots": []
    },
    {
      "title": "弹性容器_1",
      "path": "ridge-container/flex",
      "id": "tuf51346pa",
      "style": {
        "position": "absolute",
        "visible": true,
        "x": 0,
        "y": -155,
        "width": 496,
        "height": 151
      },
      "styleEx": {},
      "props": {
        "direction": "row",
        "justify": "center",
        "alignItems": "flex-start",
        "flexWrap": false,
        "children": [
          "eeo7agowt3"
        ],
        "gap": 8,
        "padding": 8,
        "hoverable": false,
        "rectStyle": {},
        "classList": []
      },
      "propEx": {},
      "events": {},
      "visible": true,
      "locked": false,
      "full": false,
      "slots": []
    },
    {
      "title": "图片",
      "path": "ridge-bootstrap/image",
      "id": "eeo7agowt3",
      "style": {
        "position": "absolute",
        "visible": true,
        "x": -347,
        "y": 0,
        "width": 176,
        "height": 129
      },
      "styleEx": {},
      "props": {
        "fitPosition": "left",
        "src": "composite:///logo.png",
        "classList": [],
        "objectFit": "object-fit-cover"
      },
      "propEx": {},
      "events": {},
      "visible": true,
      "locked": false,
      "full": false,
      "slots": []
    },
    {
      "title": "弹性容器_3",
      "path": "ridge-container/flex",
      "id": "2f6y6sp31r",
      "style": {
        "position": "absolute",
        "visible": true,
        "x": 0,
        "y": -61,
        "width": 360,
        "height": 70
      },
      "styleEx": {},
      "props": {
        "direction": "row",
        "justify": "center",
        "alignItems": "center",
        "flexWrap": false,
        "children": [
          "3nd0mzv0aw",
          "87246usgm1"
        ],
        "gap": 8,
        "padding": 8,
        "hoverable": false,
        "rectStyle": {},
        "classList": []
      },
      "propEx": {},
      "events": {},
      "visible": true,
      "locked": false,
      "full": false,
      "slots": []
    },
    {
      "title": "单行输入",
      "path": "ridge-bootstrap/input",
      "id": "3nd0mzv0aw",
      "style": {
        "position": "absolute",
        "visible": true,
        "x": 0,
        "y": 0,
        "width": 220,
        "height": 36
      },
      "styleEx": {},
      "props": {
        "value": "",
        "validState": "",
        "disabled": false,
        "size": "form-control-normal",
        "type": "text",
        "classList": [],
        "placeholder": "请输入您的称呼"
      },
      "propEx": {
        "value": "Hello.state.name"
      },
      "events": {},
      "visible": true,
      "locked": false,
      "full": false,
      "slots": []
    },
    {
      "title": "按钮",
      "path": "ridge-bootstrap/button",
      "id": "87246usgm1",
      "style": {
        "position": "absolute",
        "visible": true,
        "x": 0,
        "y": 0,
        "width": 86,
        "height": 41
      },
      "styleEx": {},
      "props": {
        "type": "primary",
        "src": "",
        "icon": "question-circle",
        "size": "normal",
        "fontSize": 16,
        "style": "general",
        "rounded": false,
        "full": false,
        "disabled": false,
        "withBadge": false,
        "badgeCount": "",
        "text": "您好"
      },
      "propEx": {},
      "events": {
        "onClick": [
          {
            "store": "Hello",
            "method": "sayHello",
            "payload": ""
          }
        ]
      },
      "visible": true,
      "locked": false,
      "full": false,
      "slots": []
    },
    {
      "title": "文本",
      "path": "ridge-bootstrap/typography",
      "id": "k0s2gi0nec",
      "style": {
        "position": "absolute",
        "visible": true,
        "x": 0,
        "y": -20,
        "width": 288,
        "height": 51
      },
      "styleEx": {},
      "props": {
        "color": "",
        "bgcolor": "",
        "fontSize": 26,
        "fontFamily": "",
        "ellipsis": false,
        "clamp": 1,
        "center": true,
        "classList": [],
        "text": "欢迎使用RidgeUI"
      },
      "propEx": {},
      "events": {},
      "visible": true,
      "locked": false,
      "full": false,
      "slots": []
    },
    {
      "title": "弹性容器_4",
      "path": "ridge-container/flex",
      "id": "zme2msefdh",
      "style": {
        "position": "absolute",
        "visible": true,
        "x": 0,
        "y": -115,
        "width": 360,
        "height": 40
      },
      "styleEx": {},
      "props": {
        "direction": "row",
        "justify": "center",
        "alignItems": "center",
        "flexWrap": false,
        "children": [
          "2fuqbvxcqc"
        ],
        "gap": 8,
        "padding": 8,
        "hoverable": false,
        "rectStyle": {},
        "classList": []
      },
      "propEx": {},
      "events": {},
      "visible": true,
      "locked": false,
      "full": false,
      "slots": []
    },
    {
      "title": "文本_2",
      "path": "ridge-bootstrap/typography",
      "id": "2fuqbvxcqc",
      "style": {
        "position": "absolute",
        "visible": true,
        "x": 0,
        "y": 0,
        "width": 307,
        "height": 25,
        "autoWidth": false,
        "autoHeight": false
      },
      "styleEx": {},
      "props": {
        "text": "文本",
        "color": "",
        "bgcolor": "",
        "fontSize": 18,
        "fontFamily": "",
        "ellipsis": true,
        "clamp": 1,
        "center": true,
        "classList": []
      },
      "propEx": {
        "text": "Hello.state.hello"
      },
      "events": {},
      "visible": true,
      "locked": false,
      "full": false,
      "slots": []
    },
    {
      "title": "弹性容器_5",
      "path": "ridge-container/flex",
      "id": "tfjdkvmf9z",
      "style": {
        "position": "absolute",
        "visible": true,
        "x": 0,
        "y": 11896,
        "width": 360,
        "height": 82
      },
      "styleEx": {},
      "props": {
        "direction": "row",
        "justify": "center",
        "alignItems": "center",
        "flexWrap": false,
        "children": [
          "0vcarb8c3r",
          "xwtf20b75v",
          "inu09ezf0q"
        ],
        "gap": 18,
        "padding": 8,
        "hoverable": false,
        "rectStyle": {},
        "classList": []
      },
      "propEx": {},
      "events": {},
      "visible": true,
      "locked": false,
      "full": false,
      "slots": []
    },
    {
      "title": "超链接",
      "path": "ridge-bootstrap/link",
      "id": "0vcarb8c3r",
      "style": {
        "position": "absolute",
        "visible": true,
        "x": -990,
        "y": -177,
        "width": 68,
        "height": 28
      },
      "styleEx": {},
      "props": {
        "href": "",
        "target": "",
        "icon": "globe2",
        "classList": [],
        "text": "官网"
      },
      "propEx": {},
      "events": {},
      "visible": true,
      "locked": false,
      "full": false,
      "slots": []
    },
    {
      "title": "超链接",
      "path": "ridge-bootstrap/link",
      "id": "xwtf20b75v",
      "style": {
        "position": "absolute",
        "visible": true,
        "x": -990,
        "y": -177,
        "width": 68,
        "height": 28
      },
      "styleEx": {},
      "props": {
        "href": "",
        "target": "",
        "icon": "file-text",
        "classList": [],
        "text": "教程"
      },
      "propEx": {},
      "events": {},
      "visible": true,
      "locked": false,
      "full": false,
      "slots": []
    },
    {
      "title": "超链接",
      "path": "ridge-bootstrap/link",
      "id": "inu09ezf0q",
      "style": {
        "position": "absolute",
        "visible": true,
        "x": 279,
        "y": 0,
        "width": 101,
        "height": 28
      },
      "styleEx": {},
      "props": {
        "href": "",
        "target": "",
        "icon": "film",
        "classList": [],
        "text": "教学视频"
      },
      "propEx": {},
      "events": {},
      "visible": true,
      "locked": false,
      "full": false,
      "slots": []
    }
  ],
  "name": "index",
  "children": [
    "dtg33rc2v9"
  ]
}